ISO-10303-21;
HEADER;
FILE_DESCRIPTION (( 'STEP AP214' ),
    '1' );
FILE_NAME ('Planet Gear.STEP',
    '2026-08-20T13:33:19',
    ( '' ),
    ( '' ),
    'SwSTEP 2.0',
    'SolidWorks 2026',
    '' );
FILE_SCHEMA (( 'AUTOMOTIVE_DESIGN' ));
ENDSEC;

DATA;
#1 = DIRECTION ( 'NONE',  ( 1.000000000000000000, 0.000000000000000000, 0.000000000000000000 ) ) ;
#2 = ORIENTED_EDGE ( 'NONE', *, *, #1771, .T. ) ;
#3 = DIRECTION ( 'NONE',  ( -0.8412535328311807614, -0.5406408174555983326, 0.000000000000000000 ) ) ;
#4 = CIRCLE ( 'NONE', #763, 0.6249999999999996669 ) ;
#5 = ORIENTED_EDGE ( 'NONE', *, *, #124, .T. ) ;
#6 = AXIS2_PLACEMENT_3D ( 'NONE', #3367, #4710, #639 ) ;
#7 = ORIENTED_EDGE ( 'NONE', *, *, #1946, .F. ) ;
#8 = ORIENTED_EDGE ( 'NONE', *, *, #4795, .T. ) ;
#9 = ORIENTED_EDGE ( 'NONE', *, *, #4087, .F. ) ;
#10 = AXIS2_PLACEMENT_3D ( 'NONE', #279, #5695, #4413 ) ;
#11 = DIRECTION ( 'NONE',  ( 0.9594929736144973687, 0.2817325568414301151, 0.000000000000000000 ) ) ;
#12 = DIRECTION ( 'NONE',  ( 1.000000000000000000, 0.000000000000000000, 0.000000000000000000 ) ) ;
#13 = ORIENTED_EDGE ( 'NONE', *, *, #5864, .T. ) ;
#14 = VECTOR ( 'NONE', #2782, 1000.000000000000000 ) ;
#15 = DIRECTION ( 'NONE',  ( 1.000000000000000000, 0.000000000000000000, 0.000000000000000000 ) ) ;
#16 = DIRECTION ( 'NONE',  ( 1.000000000000000000, 0.000000000000000000, 0.000000000000000000 ) ) ;
#17 = DIRECTION ( 'NONE',  ( -0.4154150130018905984, 0.9096319953545165538, 0.000000000000000000 ) ) ;
#18 = CARTESIAN_POINT ( 'NONE',  ( 9.908122240928681990, 17.58765772523803861, 10.00000000000000000 ) ) ;
#19 = AXIS2_PLACEMENT_3D ( 'NONE', #959, #4583, #2314 ) ;
#20 = DIRECTION ( 'NONE',  ( 0.000000000000000000, -0.000000000000000000, 1.000000000000000000 ) ) ;
#21 = DIRECTION ( 'NONE',  ( 0.000000000000000000, 0.000000000000000000, -1.000000000000000000 ) ) ;
#22 = EDGE_CURVE ( 'NONE', #993, #5152, #1270, .T. ) ;
#23 = DIRECTION ( 'NONE',  ( 1.000000000000000000, 0.000000000000000000, 0.000000000000000000 ) ) ;
#24 = VERTEX_POINT ( 'NONE', #3908 ) ;
#25 = DIRECTION ( 'NONE',  ( -1.000000000000000000, 0.000000000000000000, 0.000000000000000000 ) ) ;
#26 = ORIENTED_EDGE ( 'NONE', *, *, #3308, .F. ) ;
#27 = FACE_OUTER_BOUND ( 'NONE', #2432, .T. ) ;
#28 = CARTESIAN_POINT ( 'NONE',  ( 10.00000000000000000, 1.224646799147353256E-15, -10.00000000000000000 ) ) ;
#29 = EDGE_LOOP ( 'NONE', ( #2245, #4528, #4997, #1880 ) ) ;
#30 = AXIS2_PLACEMENT_3D ( 'NONE', #5828, #4898, #771 ) ;
#31 = ADVANCED_FACE ( 'NONE', ( #2089 ), #5401, .F. ) ;
#32 = CARTESIAN_POINT ( 'NONE',  ( 15.77102493137113193, 14.05443027004750434, 10.00000000000000000 ) ) ;
#33 = CIRCLE ( 'NONE', #3345, 4.499999999999999112 ) ;
#34 = ADVANCED_FACE ( 'NONE', ( #3460 ), #381, .T. ) ;
#35 = ORIENTED_EDGE ( 'NONE', *, *, #160, .F. ) ;
#36 = CIRCLE ( 'NONE', #5638, 24.00000000000000355 ) ;
#37 = CIRCLE ( 'NONE', #799, 4.499999999999999112 ) ;
#38 = EDGE_LOOP ( 'NONE', ( #1823, #3193, #2014, #4621 ) ) ;
#39 = EDGE_LOOP ( 'NONE', ( #66, #5245, #123, #3916 ) ) ;
#40 = VERTEX_POINT ( 'NONE', #4831 ) ;
#41 = CARTESIAN_POINT ( 'NONE',  ( 4.967057427318791518, -18.86477411380782954, -10.00000000000000000 ) ) ;
#42 = CIRCLE ( 'NONE', #3352, 24.00000000000000355 ) ;
#43 = LINE ( 'NONE', #437, #5470 ) ;
#44 = CARTESIAN_POINT ( 'NONE',  ( 0.000000000000000000, 0.000000000000000000, -10.00000000000000000 ) ) ;
#45 = VERTEX_POINT ( 'NONE', #3068 ) ;
#46 = EDGE_CURVE ( 'NONE', #1255, #3512, #5278, .T. ) ;
#47 = DIRECTION ( 'NONE',  ( -0.000000000000000000, -0.000000000000000000, 1.000000000000000000 ) ) ;
#48 = DIRECTION ( 'NONE',  ( -0.000000000000000000, 0.000000000000000000, -1.000000000000000000 ) ) ;
#49 = DIRECTION ( 'NONE',  ( 0.000000000000000000, 0.000000000000000000, 1.000000000000000000 ) ) ;
#50 = EDGE_CURVE ( 'NONE', #1253, #366, #2562, .T. ) ;
#51 = CARTESIAN_POINT ( 'NONE',  ( 0.000000000000000000, 0.000000000000000000, -10.00000000000000000 ) ) ;
#52 = DIRECTION ( 'NONE',  ( 1.000000000000000000, 0.000000000000000000, 0.000000000000000000 ) ) ;
#53 = CIRCLE ( 'NONE', #816, 0.6249999999999996669 ) ;
#54 = LINE ( 'NONE', #3706, #4397 ) ;
#55 = EDGE_CURVE ( 'NONE', #1711, #3148, #5469, .T. ) ;
#56 = CARTESIAN_POINT ( 'NONE',  ( 17.84384848860641526, 9.438943887796417798, -10.00000000000000000 ) ) ;
#57 = ORIENTED_EDGE ( 'NONE', *, *, #5381, .T. ) ;
#58 = PLANE ( 'NONE',  #3110 ) ;
#59 = LINE ( 'NONE', #1866, #1999 ) ;
#60 = CARTESIAN_POINT ( 'NONE',  ( -17.50977587920175083, -8.599948285391088021, -10.00000000000000000 ) ) ;
#61 = ORIENTED_EDGE ( 'NONE', *, *, #1471, .F. ) ;
#62 = DIRECTION ( 'NONE',  ( -0.000000000000000000, -0.000000000000000000, 1.000000000000000000 ) ) ;
#63 = ORIENTED_EDGE ( 'NONE', *, *, #1138, .F. ) ;
#64 = ORIENTED_EDGE ( 'NONE', *, *, #1099, .F. ) ;
#65 = ORIENTED_EDGE ( 'NONE', *, *, #4619, .F. ) ;
#66 = ORIENTED_EDGE ( 'NONE', *, *, #1210, .T. ) ;
#67 = DIRECTION ( 'NONE',  ( 0.000000000000000000, 0.000000000000000000, 1.000000000000000000 ) ) ;
#68 = DIRECTION ( 'NONE',  ( 0.000000000000000000, 0.000000000000000000, 1.000000000000000000 ) ) ;
#69 = EDGE_LOOP ( 'NONE', ( #5562, #5361, #5483, #4143 ) ) ;
#70 = CIRCLE ( 'NONE', #4056, 0.6250000000000000000 ) ;
#71 = CARTESIAN_POINT ( 'NONE',  ( 10.51248375447660877, -21.57516362190251158, -10.00000000000000000 ) ) ;
#72 = CARTESIAN_POINT ( 'NONE',  ( 0.2938047327523353180, 21.12263990084027299, -10.00000000000000000 ) ) ;
#73 = AXIS2_PLACEMENT_3D ( 'NONE', #5126, #1084, #5094 ) ;
#74 = EDGE_CURVE ( 'NONE', #694, #1954, #4612, .T. ) ;
#75 = DIRECTION ( 'NONE',  ( 0.9594929736144951482, 0.2817325568414370540, 0.000000000000000000 ) ) ;
#76 = FACE_OUTER_BOUND ( 'NONE', #1337, .T. ) ;
#77 = EDGE_CURVE ( 'NONE', #3552, #4864, #1211, .T. ) ;
#78 = DIRECTION ( 'NONE',  ( -0.000000000000000000, -0.000000000000000000, 1.000000000000000000 ) ) ;
#79 = DIRECTION ( 'NONE',  ( -0.000000000000000000, -0.000000000000000000, 1.000000000000000000 ) ) ;
#80 = DIRECTION ( 'NONE',  ( -0.000000000000000000, -0.000000000000000000, -1.000000000000000000 ) ) ;
#81 = CIRCLE ( 'NONE', #2912, 24.00000000000000355 ) ;
#82 = ORIENTED_EDGE ( 'NONE', *, *, #160, .T. ) ;
#83 = CARTESIAN_POINT ( 'NONE',  ( -6.803424637022629007, 19.00552561255974027, -10.00000000000000000 ) ) ;
#84 = CIRCLE ( 'NONE', #3395, 0.6249999999999994449 ) ;
#85 = AXIS2_PLACEMENT_3D ( 'NONE', #4508, #1828, #1521 ) ;
#86 = EDGE_CURVE ( 'NONE', #4901, #4449, #5338, .T. ) ;
#87 = CARTESIAN_POINT ( 'NONE',  ( 1.173362810797226041, -20.15241450336780105, -10.00000000000000000 ) ) ;
#88 = DIRECTION ( 'NONE',  ( -0.000000000000000000, -0.000000000000000000, 1.000000000000000000 ) ) ;
#89 = ORIENTED_EDGE ( 'NONE', *, *, #4256, .T. ) ;
#90 = EDGE_CURVE ( 'NONE', #3545, #5873, #856, .T. ) ;
#91 = DIRECTION ( 'NONE',  ( -0.9594929736144991450, 0.2817325568414240644, 0.000000000000000000 ) ) ;
#92 = AXIS2_PLACEMENT_3D ( 'NONE', #4625, #553, #1912 ) ;
#93 = VECTOR ( 'NONE', #1602, 1000.000000000000114 ) ;
#94 = ORIENTED_EDGE ( 'NONE', *, *, #473, .F. ) ;
#95 = EDGE_CURVE ( 'NONE', #861, #904, #2035, .T. ) ;
#96 = ORIENTED_EDGE ( 'NONE', *, *, #5000, .T. ) ;
#97 = VERTEX_POINT ( 'NONE', #1389 ) ;
#98 = ADVANCED_FACE ( 'NONE', ( #884 ), #2687, .T. ) ;
#99 = AXIS2_PLACEMENT_3D ( 'NONE', #769, #2565, #4865 ) ;
#100 = DIRECTION ( 'NONE',  ( 1.000000000000000000, 0.000000000000000000, 0.000000000000000000 ) ) ;
#101 = EDGE_LOOP ( 'NONE', ( #5829, #1443, #2932, #3196 ) ) ;
#102 = CARTESIAN_POINT ( 'NONE',  ( -0.5489643442671623408, -19.50000000000000000, -10.00000000000000000 ) ) ;
#103 = ORIENTED_EDGE ( 'NONE', *, *, #2189, .F. ) ;
#104 = EDGE_CURVE ( 'NONE', #2672, #4484, #3457, .T. ) ;
#105 = CIRCLE ( 'NONE', #3410, 0.6249999999999996669 ) ;
#106 = CYLINDRICAL_SURFACE ( 'NONE', #2521, 0.6250000000000005551 ) ;
#107 = ADVANCED_FACE ( 'NONE', ( #1328 ), #945, .T. ) ;
#108 = DIRECTION ( 'NONE',  ( -0.9096319953545224379, 0.4154150130018774423, 0.000000000000000000 ) ) ;
#109 = DIRECTION ( 'NONE',  ( 0.000000000000000000, 0.000000000000000000, -1.000000000000000000 ) ) ;
#110 = AXIS2_PLACEMENT_3D ( 'NONE', #5038, #3124, #15 ) ;
#111 = CARTESIAN_POINT ( 'NONE',  ( -5.669031769813693167, 20.34979892761597142, -10.00000000000000000 ) ) ;
#112 = DIRECTION ( 'NONE',  ( -0.000000000000000000, 0.000000000000000000, -1.000000000000000000 ) ) ;
#113 = EDGE_CURVE ( 'NONE', #786, #5264, #2327, .T. ) ;
#114 = VECTOR ( 'NONE', #897, 1000.000000000000000 ) ;
#115 = CARTESIAN_POINT ( 'NONE',  ( 4.008228286185527622, 23.66292682670135150, 10.00000000000000000 ) ) ;
#116 = ORIENTED_EDGE ( 'NONE', *, *, #4504, .T. ) ;
#117 = LINE ( 'NONE', #4607, #3690 ) ;
#118 = EDGE_CURVE ( 'NONE', #290, #304, #4062, .T. ) ;
#119 = LINE ( 'NONE', #87, #1345 ) ;
#120 = DIRECTION ( 'NONE',  ( 0.000000000000000000, 0.000000000000000000, 1.000000000000000000 ) ) ;
#121 = EDGE_LOOP ( 'NONE', ( #2221, #4903, #1299, #2838 ) ) ;
#122 = DIRECTION ( 'NONE',  ( 0.6548607339452835463, 0.7557495743542594901, 0.000000000000000000 ) ) ;
#123 = ORIENTED_EDGE ( 'NONE', *, *, #432, .F. ) ;
#124 = EDGE_CURVE ( 'NONE', #2077, #4544, #1759, .T. ) ;
#125 = ORIENTED_EDGE ( 'NONE', *, *, #4331, .T. ) ;
#126 = CIRCLE ( 'NONE', #3049, 0.6249999999999996669 ) ;
#127 = AXIS2_PLACEMENT_3D ( 'NONE', #5006, #68, #2264 ) ;
#128 = VERTEX_POINT ( 'NONE', #4127 ) ;
#129 = AXIS2_PLACEMENT_3D ( 'NONE', #2544, #4485, #4933 ) ;
#130 = LINE ( 'NONE', #1931, #4829 ) ;
#131 = AXIS2_PLACEMENT_3D ( 'NONE', #2508, #680, #258 ) ;
#132 = CARTESIAN_POINT ( 'NONE',  ( -17.50000000000000355, 2.143131898507868643E-15, 5.000000000000000000 ) ) ;
#133 = ORIENTED_EDGE ( 'NONE', *, *, #986, .F. ) ;
#134 = CARTESIAN_POINT ( 'NONE',  ( -4.008228286185704370, -23.66292682670132663, -10.00000000000000000 ) ) ;
#135 = ORIENTED_EDGE ( 'NONE', *, *, #664, .T. ) ;
#136 = CARTESIAN_POINT ( 'NONE',  ( 19.33587997703283889, -8.507407543743140010, 10.00000000000000000 ) ) ;
#137 = CIRCLE ( 'NONE', #1647, 24.00000000000000355 ) ;
#138 = LINE ( 'NONE', #1089, #1087 ) ;
#139 = DIRECTION ( 'NONE',  ( -1.000000000000000000, 0.000000000000000000, 0.000000000000000000 ) ) ;
#140 = LINE ( 'NONE', #5578, #3321 ) ;
#141 = CARTESIAN_POINT ( 'NONE',  ( 0.5489643442671608975, -20.12500000000000000, -10.00000000000000000 ) ) ;
#142 = CARTESIAN_POINT ( 'NONE',  ( -1.173362810797226041, -20.15241450336780105, 10.00000000000000000 ) ) ;
#143 = ORIENTED_EDGE ( 'NONE', *, *, #3183, .T. ) ;
#144 = CARTESIAN_POINT ( 'NONE',  ( 1.173362810797226041, -20.15241450336780105, 10.00000000000000000 ) ) ;
#145 = LINE ( 'NONE', #647, #2191 ) ;
#146 = CYLINDRICAL_SURFACE ( 'NONE', #604, 0.6250000000000005551 ) ;
#147 = VERTEX_POINT ( 'NONE', #3129 ) ;
#148 = DIRECTION ( 'NONE',  ( -0.000000000000000000, -0.000000000000000000, -1.000000000000000000 ) ) ;
#149 = VERTEX_POINT ( 'NONE', #2773 ) ;
#150 = EDGE_CURVE ( 'NONE', #2873, #1024, #5853, .T. ) ;
#151 = VERTEX_POINT ( 'NONE', #18 ) ;
#152 = DIRECTION ( 'NONE',  ( -0.000000000000000000, -0.000000000000000000, 1.000000000000000000 ) ) ;
#153 = ORIENTED_EDGE ( 'NONE', *, *, #1607, .T. ) ;
#154 = ADVANCED_FACE ( 'NONE', ( #5041 ), #3643, .F. ) ;
#155 = EDGE_CURVE ( 'NONE', #3903, #4704, #1006, .T. ) ;
#156 = CARTESIAN_POINT ( 'NONE',  ( -19.33587997703277850, 8.507407543743278566, 10.00000000000000000 ) ) ;
#157 = CARTESIAN_POINT ( 'NONE',  ( 7.500000000000000000, 0.000000000000000000, 10.00000000000000000 ) ) ;
#158 = CIRCLE ( 'NONE', #3668, 24.00000000000000355 ) ;
#159 = ORIENTED_EDGE ( 'NONE', *, *, #2375, .T. ) ;
#160 = EDGE_CURVE ( 'NONE', #4031, #3836, #718, .T. ) ;
#161 = CARTESIAN_POINT ( 'NONE',  ( -9.908122240928941338, 17.58765772523789650, -10.00000000000000000 ) ) ;
#162 = VERTEX_POINT ( 'NONE', #5466 ) ;
#163 = DIRECTION ( 'NONE',  ( 1.000000000000000000, 0.000000000000000000, 0.000000000000000000 ) ) ;
#164 = DIRECTION ( 'NONE',  ( 0.6548607339452842124, 0.7557495743542590461, 0.000000000000000000 ) ) ;
#165 = DIRECTION ( 'NONE',  ( 0.000000000000000000, 0.000000000000000000, -1.000000000000000000 ) ) ;
#166 = EDGE_CURVE ( 'NONE', #540, #3370, #5747, .T. ) ;
#167 = AXIS2_PLACEMENT_3D ( 'NONE', #499, #1005, #1386 ) ;
#168 = CARTESIAN_POINT ( 'NONE',  ( -20.94945465600704182, -2.715250857188337807, 10.00000000000000000 ) ) ;
#169 = FACE_OUTER_BOUND ( 'NONE', #5694, .T. ) ;
#170 = CIRCLE ( 'NONE', #4246, 0.6250000000000006661 ) ;
#171 = DIRECTION ( 'NONE',  ( 0.6548607339452842124, 0.7557495743542590461, 0.000000000000000000 ) ) ;
#172 = VERTEX_POINT ( 'NONE', #5435 ) ;
#173 = DIRECTION ( 'NONE',  ( -0.000000000000000000, -0.000000000000000000, 1.000000000000000000 ) ) ;
#174 = CARTESIAN_POINT ( 'NONE',  ( 19.78030504245128185, -4.029407280095559152, -10.00000000000000000 ) ) ;
#175 = DIRECTION ( 'NONE',  ( 0.000000000000000000, -0.000000000000000000, 1.000000000000000000 ) ) ;
#176 = ORIENTED_EDGE ( 'NONE', *, *, #2332, .F. ) ;
#177 = DIRECTION ( 'NONE',  ( 0.000000000000000000, -0.000000000000000000, 1.000000000000000000 ) ) ;
#178 = ORIENTED_EDGE ( 'NONE', *, *, #226, .F. ) ;
#179 = ORIENTED_EDGE ( 'NONE', *, *, #2888, .F. ) ;
#180 = DIRECTION ( 'NONE',  ( 1.000000000000000000, 0.000000000000000000, 0.000000000000000000 ) ) ;
#181 = EDGE_CURVE ( 'NONE', #4277, #4965, #4416, .T. ) ;
#182 = ORIENTED_EDGE ( 'NONE', *, *, #1291, .T. ) ;
#183 = CIRCLE ( 'NONE', #3593, 0.6250000000000000000 ) ;
#184 = VECTOR ( 'NONE', #3858, 1000.000000000000000 ) ;
#185 = CARTESIAN_POINT ( 'NONE',  ( 0.5489643442671610085, -19.50000000000000000, 10.00000000000000000 ) ) ;
#186 = DIRECTION ( 'NONE',  ( 0.000000000000000000, 0.000000000000000000, 1.000000000000000000 ) ) ;
#187 = ORIENTED_EDGE ( 'NONE', *, *, #4521, .F. ) ;
#188 = DIRECTION ( 'NONE',  ( 1.000000000000000000, 0.000000000000000000, 0.000000000000000000 ) ) ;
#189 = ORIENTED_EDGE ( 'NONE', *, *, #1896, .F. ) ;
#190 = CYLINDRICAL_SURFACE ( 'NONE', #3386, 4.499999999999999112 ) ;
#191 = AXIS2_PLACEMENT_3D ( 'NONE', #1204, #3510, #5816 ) ;
#192 = CARTESIAN_POINT ( 'NONE',  ( -5.669031769813693167, -20.34979892761597142, -10.00000000000000000 ) ) ;
#193 = CARTESIAN_POINT ( 'NONE',  ( -19.85947713967985706, 13.47594774917643434, -10.00000000000000000 ) ) ;
#194 = CARTESIAN_POINT ( 'NONE',  ( -6.020512289496987357, -18.55545185715757839, -10.00000000000000000 ) ) ;
#195 = DIRECTION ( 'NONE',  ( 1.000000000000000000, 0.000000000000000000, 0.000000000000000000 ) ) ;
#196 = CARTESIAN_POINT ( 'NONE',  ( 15.99856791459368388, -12.31025650762178003, 10.00000000000000000 ) ) ;
#197 = CIRCLE ( 'NONE', #3228, 0.6250000000000002220 ) ;
#198 = ORIENTED_EDGE ( 'NONE', *, *, #4624, .F. ) ;
#199 = EDGE_CURVE ( 'NONE', #4464, #4277, #916, .T. ) ;
#200 = FACE_OUTER_BOUND ( 'NONE', #5794, .T. ) ;
#201 = DIRECTION ( 'NONE',  ( 0.000000000000000000, -0.000000000000000000, 1.000000000000000000 ) ) ;
#202 = AXIS2_PLACEMENT_3D ( 'NONE', #3712, #3171, #2755 ) ;
#203 = DIRECTION ( 'NONE',  ( -0.000000000000000000, 0.000000000000000000, 1.000000000000000000 ) ) ;
#204 = ORIENTED_EDGE ( 'NONE', *, *, #5016, .T. ) ;
#205 = CARTESIAN_POINT ( 'NONE',  ( 18.81871354321311784, -7.304287178075487219, 10.00000000000000000 ) ) ;
#206 = ORIENTED_EDGE ( 'NONE', *, *, #4732, .T. ) ;
#207 = AXIS2_PLACEMENT_3D ( 'NONE', #2870, #1512, #5678 ) ;
#208 = CYLINDRICAL_SURFACE ( 'NONE', #1605, 4.499999999999999112 ) ;
#209 = ORIENTED_EDGE ( 'NONE', *, *, #4116, .T. ) ;
#210 = CARTESIAN_POINT ( 'NONE',  ( 14.46178945166814955, -14.08379339726803181, 10.00000000000000000 ) ) ;
#211 = CARTESIAN_POINT ( 'NONE',  ( -1.169031769813694721, -20.34979892761597142, -10.00000000000000000 ) ) ;
#212 = VECTOR ( 'NONE', #1760, 1000.000000000000000 ) ;
#213 = EDGE_LOOP ( 'NONE', ( #306, #5268, #1916, #5455 ) ) ;
#214 = CARTESIAN_POINT ( 'NONE',  ( 18.53439193672107521, -7.860871604808559177, 10.00000000000000000 ) ) ;
#215 = ORIENTED_EDGE ( 'NONE', *, *, #1416, .F. ) ;
#216 = CARTESIAN_POINT ( 'NONE',  ( -0.5489643442671610085, 19.50000000000000000, -10.00000000000000000 ) ) ;
#217 = AXIS2_PLACEMENT_3D ( 'NONE', #3972, #5859, #353 ) ;
#218 = CIRCLE ( 'NONE', #5835, 0.6249999999999991118 ) ;
#219 = CARTESIAN_POINT ( 'NONE',  ( 10.08067774637082614, 16.70123642204674752, 10.00000000000000000 ) ) ;
#220 = CARTESIAN_POINT ( 'NONE',  ( 0.000000000000000000, 0.000000000000000000, -10.00000000000000000 ) ) ;
#221 = EDGE_CURVE ( 'NONE', #1219, #1398, #2322, .T. ) ;
#222 = AXIS2_PLACEMENT_3D ( 'NONE', #5101, #4685, #614 ) ;
#223 = CARTESIAN_POINT ( 'NONE',  ( -14.84996499048289031, 13.59395184016440616, 10.00000000000000000 ) ) ;
#224 = CYLINDRICAL_SURFACE ( 'NONE', #5639, 4.499999999999997335 ) ;
#225 = DIRECTION ( 'NONE',  ( 0.000000000000000000, 0.000000000000000000, 1.000000000000000000 ) ) ;
#226 = EDGE_CURVE ( 'NONE', #2319, #4784, #2130, .T. ) ;
#227 = ORIENTED_EDGE ( 'NONE', *, *, #4512, .F. ) ;
#228 = AXIS2_PLACEMENT_3D ( 'NONE', #818, #2933, #725 ) ;
#229 = DIRECTION ( 'NONE',  ( -0.8412535328311766536, -0.5406408174556046609, 0.000000000000000000 ) ) ;
#230 = CIRCLE ( 'NONE', #1001, 0.6250000000000001110 ) ;
#231 = CARTESIAN_POINT ( 'NONE',  ( 10.00000000000000000, 1.224646799147353256E-15, -5.000000000000000000 ) ) ;
#232 = EDGE_CURVE ( 'NONE', #5624, #4901, #53, .T. ) ;
#233 = CARTESIAN_POINT ( 'NONE',  ( 19.37964388855039388, -2.231762667545112766, 10.00000000000000000 ) ) ;
#234 = ORIENTED_EDGE ( 'NONE', *, *, #1349, .F. ) ;
#235 = AXIS2_PLACEMENT_3D ( 'NONE', #1551, #1109, #100 ) ;
#236 = CARTESIAN_POINT ( 'NONE',  ( -18.81871354321306455, 7.304287178075622222, 10.00000000000000000 ) ) ;
#237 = ORIENTED_EDGE ( 'NONE', *, *, #1791, .F. ) ;
#238 = CYLINDRICAL_SURFACE ( 'NONE', #3978, 10.00000000000000000 ) ;
#239 = ORIENTED_EDGE ( 'NONE', *, *, #4154, .T. ) ;
#240 = VECTOR ( 'NONE', #5370, 1000.000000000000000 ) ;
#241 = DIRECTION ( 'NONE',  ( 1.000000000000000000, 0.000000000000000000, 0.000000000000000000 ) ) ;
#242 = FACE_OUTER_BOUND ( 'NONE', #5327, .T. ) ;
#243 = VERTEX_POINT ( 'NONE', #5158 ) ;
#244 = CARTESIAN_POINT ( 'NONE',  ( 23.18963355092074963, -6.183922361576891014, -10.00000000000000000 ) ) ;
#245 = EDGE_LOOP ( 'NONE', ( #296, #5540, #3076, #5259 ) ) ;
#246 = CARTESIAN_POINT ( 'NONE',  ( 15.56895537727587353, 12.76419270113348681, -10.00000000000000000 ) ) ;
#247 = DIRECTION ( 'NONE',  ( 0.000000000000000000, 0.000000000000000000, -1.000000000000000000 ) ) ;
#248 = DIRECTION ( 'NONE',  ( 1.000000000000000000, 0.000000000000000000, 0.000000000000000000 ) ) ;
#249 = DIRECTION ( 'NONE',  ( 0.6548607339452890974, -0.7557495743542548272, 0.000000000000000000 ) ) ;
#250 = CYLINDRICAL_SURFACE ( 'NONE', #428, 0.6249999999999998890 ) ;
#251 = EDGE_CURVE ( 'NONE', #390, #3314, #4891, .T. ) ;
#252 = AXIS2_PLACEMENT_3D ( 'NONE', #2246, #3137, #2356 ) ;
#253 = CARTESIAN_POINT ( 'NONE',  ( -17.96587193962444218, 7.601237221682515255, -10.00000000000000000 ) ) ;
#254 = ORIENTED_EDGE ( 'NONE', *, *, #1168, .F. ) ;
#255 = DIRECTION ( 'NONE',  ( 0.000000000000000000, 0.000000000000000000, 1.000000000000000000 ) ) ;
#256 = AXIS2_PLACEMENT_3D ( 'NONE', #246, #3931, #2550 ) ;
#257 = CARTESIAN_POINT ( 'NONE',  ( -24.00000000000000355, 0.000000000000000000, 10.00000000000000000 ) ) ;
#258 = DIRECTION ( 'NONE',  ( 1.000000000000000000, 0.000000000000000000, 0.000000000000000000 ) ) ;
#259 = EDGE_LOOP ( 'NONE', ( #1784, #1236, #5798, #800 ) ) ;
#260 = DIRECTION ( 'NONE',  ( -0.4154150130018911535, 0.9096319953545161097, 0.000000000000000000 ) ) ;
#261 = ORIENTED_EDGE ( 'NONE', *, *, #2421, .T. ) ;
#262 = DIRECTION ( 'NONE',  ( -0.000000000000000000, -0.000000000000000000, 1.000000000000000000 ) ) ;
#263 = ADVANCED_FACE ( 'NONE', ( #5635 ), #1144, .F. ) ;
#264 = ORIENTED_EDGE ( 'NONE', *, *, #2540, .T. ) ;
#265 = DIRECTION ( 'NONE',  ( 0.000000000000000000, 0.000000000000000000, 1.000000000000000000 ) ) ;
#266 = CARTESIAN_POINT ( 'NONE',  ( -19.78030504245125698, 4.029407280095702149, -10.00000000000000000 ) ) ;
#267 = ORIENTED_EDGE ( 'NONE', *, *, #3014, .F. ) ;
#268 = EDGE_CURVE ( 'NONE', #162, #5600, #5095, .T. ) ;
#269 = EDGE_CURVE ( 'NONE', #1504, #4470, #2591, .T. ) ;
#270 = VECTOR ( 'NONE', #4745, 1000.000000000000000 ) ;
#271 = AXIS2_PLACEMENT_3D ( 'NONE', #4702, #5180, #1606 ) ;
#272 = CARTESIAN_POINT ( 'NONE',  ( -19.21703074598157812, -3.407462799033682099, -10.00000000000000000 ) ) ;
#273 = ORIENTED_EDGE ( 'NONE', *, *, #2421, .F. ) ;
#274 = CARTESIAN_POINT ( 'NONE',  ( 6.232838923195538783, -20.18425021047489665, 10.00000000000000000 ) ) ;
#275 = AXIS2_PLACEMENT_3D ( 'NONE', #2967, #5605, #4205 ) ;
#276 = SURFACE_STYLE_FILL_AREA ( #5364 ) ;
#277 = DIRECTION ( 'NONE',  ( 0.9594929736144973687, 0.2817325568414301151, 0.000000000000000000 ) ) ;
#278 = EDGE_LOOP ( 'NONE', ( #4781, #2871, #4120, #5355 ) ) ;
#279 = CARTESIAN_POINT ( 'NONE',  ( 18.53439193672107521, -7.860871604808559177, -10.00000000000000000 ) ) ;
#280 = CARTESIAN_POINT ( 'NONE',  ( 0.5489643442671623408, 20.12500000000000000, -10.00000000000000000 ) ) ;
#281 = EDGE_CURVE ( 'NONE', #1219, #4552, #3066, .T. ) ;
#282 = CARTESIAN_POINT ( 'NONE',  ( -14.37762150651138171, -13.18466388144870649, -10.00000000000000000 ) ) ;
#283 = ORIENTED_EDGE ( 'NONE', *, *, #5663, .F. ) ;
#284 = CARTESIAN_POINT ( 'NONE',  ( -5.143140275344553203, 19.46445722231692699, -10.00000000000000000 ) ) ;
#285 = AXIS2_PLACEMENT_3D ( 'NONE', #352, #2155, #3970 ) ;
#286 = ORIENTED_EDGE ( 'NONE', *, *, #1572, .T. ) ;
#287 = DIRECTION ( 'NONE',  ( -0.000000000000000000, -0.000000000000000000, 1.000000000000000000 ) ) ;
#288 = ADVANCED_FACE ( 'NONE', ( #3280 ), #2026, .F. ) ;
#289 = DIRECTION ( 'NONE',  ( -0.4154150130018911535, 0.9096319953545161097, 0.000000000000000000 ) ) ;
#290 = VERTEX_POINT ( 'NONE', #219 ) ;
#291 = AXIS2_PLACEMENT_3D ( 'NONE', #3422, #5755, #2145 ) ;
#292 = FACE_OUTER_BOUND ( 'NONE', #2288, .T. ) ;
#293 = EDGE_CURVE ( 'NONE', #3661, #5446, #3839, .T. ) ;
#294 = EDGE_LOOP ( 'NONE', ( #3627, #4668, #3569, #690 ) ) ;
#295 = DIRECTION ( 'NONE',  ( 0.000000000000000000, 0.000000000000000000, 1.000000000000000000 ) ) ;
#296 = ORIENTED_EDGE ( 'NONE', *, *, #3084, .T. ) ;
#297 = CARTESIAN_POINT ( 'NONE',  ( -1.000000000000000222, 7.433034373659253013, 10.00000000000000000 ) ) ;
#298 = CIRCLE ( 'NONE', #99, 17.50000000000000355 ) ;
#299 = CARTESIAN_POINT ( 'NONE',  ( 20.86582910995577578, 3.296879305597826715, 10.00000000000000000 ) ) ;
#300 = AXIS2_PLACEMENT_3D ( 'NONE', #5324, #3050, #2133 ) ;
#301 = EDGE_CURVE ( 'NONE', #172, #661, #2910, .T. ) ;
#302 = LINE ( 'NONE', #4340, #317 ) ;
#303 = ORIENTED_EDGE ( 'NONE', *, *, #3079, .F. ) ;
#304 = VERTEX_POINT ( 'NONE', #5129 ) ;
#305 = DIRECTION ( 'NONE',  ( -1.000000000000000000, 0.000000000000000000, 0.000000000000000000 ) ) ;
#306 = ORIENTED_EDGE ( 'NONE', *, *, #788, .F. ) ;
#307 = DIRECTION ( 'NONE',  ( -0.000000000000000000, 0.000000000000000000, 1.000000000000000000 ) ) ;
#308 = ADVANCED_FACE ( 'NONE', ( #3812 ), #699, .F. ) ;
#309 = CARTESIAN_POINT ( 'NONE',  ( 11.17259703341957611, 17.92833827019061133, -10.00000000000000000 ) ) ;
#310 = DIRECTION ( 'NONE',  ( 0.000000000000000000, 0.000000000000000000, 1.000000000000000000 ) ) ;
#311 = ORIENTED_EDGE ( 'NONE', *, *, #1195, .F. ) ;
#312 = DIRECTION ( 'NONE',  ( 0.6548607339452890974, -0.7557495743542548272, 0.000000000000000000 ) ) ;
#313 = VECTOR ( 'NONE', #88, 1000.000000000000000 ) ;
#314 = LINE ( 'NONE', #5786, #3738 ) ;
#315 = CIRCLE ( 'NONE', #2388, 4.500000000000000000 ) ;
#316 = DIRECTION ( 'NONE',  ( 1.000000000000000000, 0.000000000000000000, 0.000000000000000000 ) ) ;
#317 = VECTOR ( 'NONE', #5380, 1000.000000000000000 ) ;
#318 = ORIENTED_EDGE ( 'NONE', *, *, #1150, .F. ) ;
#319 = CYLINDRICAL_SURFACE ( 'NONE', #1604, 0.6250000000000005551 ) ;
#320 = CIRCLE ( 'NONE', #5346, 4.499999999999999112 ) ;
#321 = EDGE_LOOP ( 'NONE', ( #5031, #3913, #1330, #1526 ) ) ;
#322 = FACE_BOUND ( 'NONE', #3462, .T. ) ;
#323 = CARTESIAN_POINT ( 'NONE',  ( 20.11427891976021343, 1.706567941630446672, 10.00000000000000000 ) ) ;
#324 = ORIENTED_EDGE ( 'NONE', *, *, #3000, .F. ) ;
#325 = AXIS2_PLACEMENT_3D ( 'NONE', #4827, #762, #5336 ) ;
#326 = LINE ( 'NONE', #806, #3771 ) ;
#327 = ORIENTED_EDGE ( 'NONE', *, *, #1953, .T. ) ;
#328 = DIRECTION ( 'NONE',  ( 0.000000000000000000, 0.000000000000000000, -1.000000000000000000 ) ) ;
#329 = ORIENTED_EDGE ( 'NONE', *, *, #155, .F. ) ;
#330 = CARTESIAN_POINT ( 'NONE',  ( 19.99828228972597799, -2.320709441465910405, -10.00000000000000000 ) ) ;
#331 = EDGE_CURVE ( 'NONE', #5880, #162, #3391, .T. ) ;
#332 = ORIENTED_EDGE ( 'NONE', *, *, #2865, .T. ) ;
#333 = EDGE_CURVE ( 'NONE', #4843, #3557, #1556, .T. ) ;
#334 = ORIENTED_EDGE ( 'NONE', *, *, #338, .T. ) ;
#335 = ORIENTED_EDGE ( 'NONE', *, *, #3044, .T. ) ;
#336 = DIRECTION ( 'NONE',  ( 1.000000000000000000, 0.000000000000000000, 0.000000000000000000 ) ) ;
#337 = VERTEX_POINT ( 'NONE', #2937 ) ;
#338 = EDGE_CURVE ( 'NONE', #4753, #514, #5460, .T. ) ;
#339 = CARTESIAN_POINT ( 'NONE',  ( -11.34221464530702761, 16.63343481638893806, -10.00000000000000000 ) ) ;
#340 = ADVANCED_FACE ( 'NONE', ( #4649 ), #4260, .F. ) ;
#341 = FACE_OUTER_BOUND ( 'NONE', #2486, .T. ) ;
#342 = CARTESIAN_POINT ( 'NONE',  ( 11.66692557220095416, 17.61065260841518310, 10.00000000000000000 ) ) ;
#343 = EDGE_CURVE ( 'NONE', #3512, #2214, #138, .T. ) ;
#344 = ORIENTED_EDGE ( 'NONE', *, *, #4795, .F. ) ;
#345 = CARTESIAN_POINT ( 'NONE',  ( 19.37964388855034414, 2.231762667545535539, 10.00000000000000000 ) ) ;
#346 = FACE_OUTER_BOUND ( 'NONE', #1718, .T. ) ;
#347 = DIRECTION ( 'NONE',  ( 1.000000000000000000, 0.000000000000000000, 0.000000000000000000 ) ) ;
#348 = ORIENTED_EDGE ( 'NONE', *, *, #590, .T. ) ;
#349 = EDGE_CURVE ( 'NONE', #3323, #5566, #5076, .T. ) ;
#350 = DIRECTION ( 'NONE',  ( -0.000000000000000000, -0.000000000000000000, 1.000000000000000000 ) ) ;
#351 = ORIENTED_EDGE ( 'NONE', *, *, #3438, .T. ) ;
#352 = CARTESIAN_POINT ( 'NONE',  ( -19.33587997703277850, 8.507407543743278566, -10.00000000000000000 ) ) ;
#353 = DIRECTION ( 'NONE',  ( -0.4154150130018905984, 0.9096319953545164427, 0.000000000000000000 ) ) ;
#354 = ORIENTED_EDGE ( 'NONE', *, *, #2213, .F. ) ;
#355 = CYLINDRICAL_SURFACE ( 'NONE', #3199, 24.00000000000000355 ) ;
#356 = ORIENTED_EDGE ( 'NONE', *, *, #595, .T. ) ;
#357 = AXIS2_PLACEMENT_3D ( 'NONE', #4605, #4964, #892 ) ;
#358 = DIRECTION ( 'NONE',  ( -1.000000000000000000, 0.000000000000000000, 0.000000000000000000 ) ) ;
#359 = AXIS2_PLACEMENT_3D ( 'NONE', #4767, #2024, #5213 ) ;
#360 = ORIENTED_EDGE ( 'NONE', *, *, #3758, .T. ) ;
#361 = CARTESIAN_POINT ( 'NONE',  ( 10.73283892319509825, 20.18425021047503520, -10.00000000000000000 ) ) ;
#362 = EDGE_CURVE ( 'NONE', #419, #5571, #4230, .T. ) ;
#363 = ORIENTED_EDGE ( 'NONE', *, *, #199, .F. ) ;
#364 = ADVANCED_FACE ( 'NONE', ( #1968 ), #3784, .F. ) ;
#365 = VERTEX_POINT ( 'NONE', #3961 ) ;
#366 = VERTEX_POINT ( 'NONE', #5332 ) ;
#367 = DIRECTION ( 'NONE',  ( 0.9594929736145006993, -0.2817325568414185688, 0.000000000000000000 ) ) ;
#368 = VERTEX_POINT ( 'NONE', #3027 ) ;
#369 = EDGE_CURVE ( 'NONE', #1322, #489, #230, .T. ) ;
#370 = DIRECTION ( 'NONE',  ( -0.000000000000000000, 0.000000000000000000, 1.000000000000000000 ) ) ;
#371 = DIRECTION ( 'NONE',  ( -0.000000000000000000, -0.000000000000000000, 1.000000000000000000 ) ) ;
#372 = CARTESIAN_POINT ( 'NONE',  ( -5.669031769813693167, 20.34979892761597142, 10.00000000000000000 ) ) ;
#373 = CIRCLE ( 'NONE', #474, 4.499999999999999112 ) ;
#374 = CIRCLE ( 'NONE', #5500, 17.50000000000000355 ) ;
#375 = ORIENTED_EDGE ( 'NONE', *, *, #4250, .F. ) ;
#376 = DIRECTION ( 'NONE',  ( 0.000000000000000000, 0.000000000000000000, 1.000000000000000000 ) ) ;
#377 = DIRECTION ( 'NONE',  ( 1.000000000000000000, 0.000000000000000000, -0.000000000000000000 ) ) ;
#378 = AXIS2_PLACEMENT_3D ( 'NONE', #5583, #5475, #1399 ) ;
#379 = AXIS2_PLACEMENT_3D ( 'NONE', #3354, #3380, #4698 ) ;
#380 = DIRECTION ( 'NONE',  ( -0.000000000000000000, -0.000000000000000000, 1.000000000000000000 ) ) ;
#381 = CYLINDRICAL_SURFACE ( 'NONE', #5655, 24.00000000000000355 ) ;
#382 = DIRECTION ( 'NONE',  ( 0.000000000000000000, 0.000000000000000000, -1.000000000000000000 ) ) ;
#383 = ORIENTED_EDGE ( 'NONE', *, *, #86, .T. ) ;
#384 = DIRECTION ( 'NONE',  ( 0.6548607339452946485, -0.7557495743542500533, 0.000000000000000000 ) ) ;
#385 = MANIFOLD_SOLID_BREP ( 'Weight reduction Pocket 2', #1660 ) ;
#386 = CARTESIAN_POINT ( 'NONE',  ( 15.09661189330473441, -12.35490474241735015, -10.00000000000000000 ) ) ;
#387 = VERTEX_POINT ( 'NONE', #1643 ) ;
#388 = EDGE_CURVE ( 'NONE', #337, #4189, #3060, .T. ) ;
#389 = LINE ( 'NONE', #4838, #5491 ) ;
#390 = VERTEX_POINT ( 'NONE', #728 ) ;
#391 = CIRCLE ( 'NONE', #1240, 4.499999999999999112 ) ;
#392 = FACE_OUTER_BOUND ( 'NONE', #5689, .T. ) ;
#393 = CIRCLE ( 'NONE', #2658, 24.00000000000000355 ) ;
#394 = ORIENTED_EDGE ( 'NONE', *, *, #5817, .F. ) ;
#395 = CARTESIAN_POINT ( 'NONE',  ( -15.77102493137133621, 14.05443027004727341, 10.00000000000000000 ) ) ;
#396 = VERTEX_POINT ( 'NONE', #2647 ) ;
#397 = VECTOR ( 'NONE', #550, 1000.000000000000000 ) ;
#398 = ORIENTED_EDGE ( 'NONE', *, *, #4036, .F. ) ;
#399 = EDGE_CURVE ( 'NONE', #3990, #2313, #403, .T. ) ;
#400 = DIRECTION ( 'NONE',  ( 1.000000000000000000, 0.000000000000000000, 0.000000000000000000 ) ) ;
#401 = ORIENTED_EDGE ( 'NONE', *, *, #4067, .T. ) ;
#402 = VECTOR ( 'NONE', #678, 1000.000000000000000 ) ;
#403 = LINE ( 'NONE', #5302, #424 ) ;
#404 = LINE ( 'NONE', #5396, #4746 ) ;
#405 = ORIENTED_EDGE ( 'NONE', *, *, #4360, .T. ) ;
#406 = CIRCLE ( 'NONE', #4815, 0.6249999999999993339 ) ;
#407 = DIRECTION ( 'NONE',  ( -0.6548607339452890974, 0.7557495743542548272, 0.000000000000000000 ) ) ;
#408 = CARTESIAN_POINT ( 'NONE',  ( -10.08067774637095226, -16.70123642204666581, -10.00000000000000000 ) ) ;
#409 = DIRECTION ( 'NONE',  ( 0.000000000000000000, -0.000000000000000000, -1.000000000000000000 ) ) ;
#410 = EDGE_CURVE ( 'NONE', #5571, #2644, #4593, .T. ) ;
#411 = DIRECTION ( 'NONE',  ( 0.000000000000000000, 0.000000000000000000, -1.000000000000000000 ) ) ;
#412 = DIRECTION ( 'NONE',  ( 0.8412535328311766536, 0.5406408174556046609, 0.000000000000000000 ) ) ;
#413 = AXIS2_PLACEMENT_3D ( 'NONE', #3289, #988, #400 ) ;
#414 = ORIENTED_EDGE ( 'NONE', *, *, #3201, .F. ) ;
#415 = DIRECTION ( 'NONE',  ( 1.000000000000000000, 0.000000000000000000, 0.000000000000000000 ) ) ;
#416 = VECTOR ( 'NONE', #464, 1000.000000000000000 ) ;
#417 = ORIENTED_EDGE ( 'NONE', *, *, #5068, .T. ) ;
#418 = DIRECTION ( 'NONE',  ( 0.000000000000000000, 0.000000000000000000, 1.000000000000000000 ) ) ;
#419 = VERTEX_POINT ( 'NONE', #2081 ) ;
#420 = EDGE_CURVE ( 'NONE', #4803, #4730, #4886, .T. ) ;
#421 = DIRECTION ( 'NONE',  ( 0.000000000000000000, 0.000000000000000000, -1.000000000000000000 ) ) ;
#422 = CIRCLE ( 'NONE', #2303, 17.50000000000000355 ) ;
#423 = EDGE_LOOP ( 'NONE', ( #633, #4930, #5323, #3798 ) ) ;
#424 = VECTOR ( 'NONE', #3509, 1000.000000000000000 ) ;
#425 = DIRECTION ( 'NONE',  ( -0.8412535328311756544, -0.5406408174556059931, 0.000000000000000000 ) ) ;
#426 = EDGE_CURVE ( 'NONE', #714, #1198, #4017, .T. ) ;
#427 = CARTESIAN_POINT ( 'NONE',  ( 15.25841555994369259, -18.52513845022672001, -10.00000000000000000 ) ) ;
#428 = AXIS2_PLACEMENT_3D ( 'NONE', #141, #1942, #1033 ) ;
#429 = ORIENTED_EDGE ( 'NONE', *, *, #1312, .F. ) ;
#430 = DIRECTION ( 'NONE',  ( -0.000000000000000000, -0.000000000000000000, 1.000000000000000000 ) ) ;
#431 = EDGE_LOOP ( 'NONE', ( #3003, #4942, #5686, #5749 ) ) ;
#432 = EDGE_CURVE ( 'NONE', #3948, #5682, #698, .T. ) ;
#433 = VERTEX_POINT ( 'NONE', #5692 ) ;
#434 = ORIENTED_EDGE ( 'NONE', *, *, #3818, .F. ) ;
#435 = CARTESIAN_POINT ( 'NONE',  ( -15.09661189330464737, 12.35490474241745851, -10.00000000000000000 ) ) ;
#436 = ORIENTED_EDGE ( 'NONE', *, *, #603, .F. ) ;
#437 = CARTESIAN_POINT ( 'NONE',  ( 0.5489643442671610085, -19.50000000000000000, -10.00000000000000000 ) ) ;
#438 = DIRECTION ( 'NONE',  ( 0.9594929736144951482, 0.2817325568414370540, 0.000000000000000000 ) ) ;
#439 = ORIENTED_EDGE ( 'NONE', *, *, #420, .F. ) ;
#440 = DIRECTION ( 'NONE',  ( 0.000000000000000000, 0.000000000000000000, -1.000000000000000000 ) ) ;
#441 = DIRECTION ( 'NONE',  ( -0.6548607339452782172, -0.7557495743542642641, 0.000000000000000000 ) ) ;
#442 = DIRECTION ( 'NONE',  ( 0.000000000000000000, 0.000000000000000000, 1.000000000000000000 ) ) ;
#443 = CARTESIAN_POINT ( 'NONE',  ( 6.196595137523151386, -19.15513496566654794, 10.00000000000000000 ) ) ;
#444 = DIRECTION ( 'NONE',  ( -0.000000000000000000, -0.000000000000000000, 1.000000000000000000 ) ) ;
#445 = VERTEX_POINT ( 'NONE', #1203 ) ;
#446 = DIRECTION ( 'NONE',  ( 0.000000000000000000, 0.000000000000000000, -1.000000000000000000 ) ) ;
#447 = ORIENTED_EDGE ( 'NONE', *, *, #181, .F. ) ;
#448 = DIRECTION ( 'NONE',  ( -0.000000000000000000, -0.000000000000000000, 1.000000000000000000 ) ) ;
#449 = ORIENTED_EDGE ( 'NONE', *, *, #4442, .F. ) ;
#450 = CARTESIAN_POINT ( 'NONE',  ( 0.000000000000000000, 0.000000000000000000, -5.000000000000000000 ) ) ;
#451 = ORIENTED_EDGE ( 'NONE', *, *, #5548, .T. ) ;
#452 = DIRECTION ( 'NONE',  ( 0.000000000000000000, 0.000000000000000000, 1.000000000000000000 ) ) ;
#453 = CARTESIAN_POINT ( 'NONE',  ( -9.793578257280822541, 17.22701988006608431, -10.00000000000000000 ) ) ;
#454 = ORIENTED_EDGE ( 'NONE', *, *, #3009, .F. ) ;
#455 = CARTESIAN_POINT ( 'NONE',  ( 11.17259703341996691, -17.92833827019036974, -10.00000000000000000 ) ) ;
#456 = ORIENTED_EDGE ( 'NONE', *, *, #3447, .F. ) ;
#457 = EDGE_CURVE ( 'NONE', #1070, #4138, #2956, .T. ) ;
#458 = ORIENTED_EDGE ( 'NONE', *, *, #5117, .F. ) ;
#459 = CIRCLE ( 'NONE', #3478, 4.499999999999999112 ) ;
#460 = ORIENTED_EDGE ( 'NONE', *, *, #3843, .T. ) ;
#461 = CIRCLE ( 'NONE', #1680, 24.00000000000000355 ) ;
#462 = EDGE_LOOP ( 'NONE', ( #4699, #3724, #4637, #2849 ) ) ;
#463 = CARTESIAN_POINT ( 'NONE',  ( 20.11427891976024540, -1.706567941630007246, -10.00000000000000000 ) ) ;
#464 = DIRECTION ( 'NONE',  ( -0.000000000000000000, -0.000000000000000000, 1.000000000000000000 ) ) ;
#465 = EDGE_CURVE ( 'NONE', #5731, #2568, #218, .T. ) ;
#466 = EDGE_LOOP ( 'NONE', ( #2099, #791, #3436, #1047 ) ) ;
#467 = CARTESIAN_POINT ( 'NONE',  ( 0.000000000000000000, 0.000000000000000000, 10.00000000000000000 ) ) ;
#468 = DIRECTION ( 'NONE',  ( -0.000000000000000000, -0.000000000000000000, 1.000000000000000000 ) ) ;
#469 = DIRECTION ( 'NONE',  ( 0.000000000000000000, 0.000000000000000000, 1.000000000000000000 ) ) ;
#470 = FACE_OUTER_BOUND ( 'NONE', #5348, .T. ) ;
#471 = ADVANCED_FACE ( 'NONE', ( #341 ), #2113, .F. ) ;
#472 = DIRECTION ( 'NONE',  ( -0.000000000000000000, 0.000000000000000000, 1.000000000000000000 ) ) ;
#473 = EDGE_CURVE ( 'NONE', #2194, #3767, #2485, .T. ) ;
#474 = AXIS2_PLACEMENT_3D ( 'NONE', #4545, #3286, #1037 ) ;
#475 = AXIS2_PLACEMENT_3D ( 'NONE', #299, #1664, #2429 ) ;
#476 = FACE_OUTER_BOUND ( 'NONE', #3139, .T. ) ;
#477 = ORIENTED_EDGE ( 'NONE', *, *, #5821, .F. ) ;
#478 = CYLINDRICAL_SURFACE ( 'NONE', #357, 0.6249999999999996669 ) ;
#479 = EDGE_LOOP ( 'NONE', ( #723, #1840, #3770, #5875 ) ) ;
#480 = CARTESIAN_POINT ( 'NONE',  ( -18.07829587629832702, -8.859582668517271387, -10.00000000000000000 ) ) ;
#481 = DIRECTION ( 'NONE',  ( -0.000000000000000000, -0.000000000000000000, 1.000000000000000000 ) ) ;
#482 = VERTEX_POINT ( 'NONE', #3634 ) ;
#483 = DIRECTION ( 'NONE',  ( 0.000000000000000000, 0.000000000000000000, 1.000000000000000000 ) ) ;
#484 = AXIS2_PLACEMENT_3D ( 'NONE', #2082, #310, #1702 ) ;
#485 = ORIENTED_EDGE ( 'NONE', *, *, #3669, .F. ) ;
#486 = EDGE_CURVE ( 'NONE', #5397, #4688, #5065, .T. ) ;
#487 = CIRCLE ( 'NONE', #3508, 0.6250000000000002220 ) ;
#488 = VERTEX_POINT ( 'NONE', #1354 ) ;
#489 = VERTEX_POINT ( 'NONE', #1318 ) ;
#490 = VERTEX_POINT ( 'NONE', #5459 ) ;
#491 = DIRECTION ( 'NONE',  ( 0.000000000000000000, 0.000000000000000000, -1.000000000000000000 ) ) ;
#492 = EDGE_CURVE ( 'NONE', #2564, #4999, #5761, .T. ) ;
#493 = DIRECTION ( 'NONE',  ( 1.000000000000000000, 0.000000000000000000, 0.000000000000000000 ) ) ;
#494 = CARTESIAN_POINT ( 'NONE',  ( 10.51248375447660877, -21.57516362190251158, -10.00000000000000000 ) ) ;
#495 = ORIENTED_EDGE ( 'NONE', *, *, #2717, .T. ) ;
#496 = AXIS2_PLACEMENT_3D ( 'NONE', #1281, #1222, #3015 ) ;
#497 = EDGE_CURVE ( 'NONE', #5177, #1929, #3470, .T. ) ;
#498 = DIRECTION ( 'NONE',  ( 1.000000000000000000, 0.000000000000000000, -0.000000000000000000 ) ) ;
#499 = CARTESIAN_POINT ( 'NONE',  ( -6.196595137522876939, -19.15513496566663676, -10.00000000000000000 ) ) ;
#500 = CARTESIAN_POINT ( 'NONE',  ( 17.84384848860641526, 9.438943887796417798, -10.00000000000000000 ) ) ;
#501 = CARTESIAN_POINT ( 'NONE',  ( 6.020512289497252922, -18.55545185715748957, -10.00000000000000000 ) ) ;
#502 = AXIS2_PLACEMENT_3D ( 'NONE', #4694, #177, #2949 ) ;
#503 = CARTESIAN_POINT ( 'NONE',  ( 0.000000000000000000, 0.000000000000000000, -5.000000000000000000 ) ) ;
#504 = DIRECTION ( 'NONE',  ( -1.000000000000000000, 0.000000000000000000, 0.000000000000000000 ) ) ;
#505 = DIRECTION ( 'NONE',  ( -0.1423148382732886130, 0.9898214418809322401, 0.000000000000000000 ) ) ;
#506 = CARTESIAN_POINT ( 'NONE',  ( -18.07829587629839097, 8.859582668517139936, -10.00000000000000000 ) ) ;
#507 = ORIENTED_EDGE ( 'NONE', *, *, #4629, .F. ) ;
#508 = CARTESIAN_POINT ( 'NONE',  ( -6.020512289497122360, 18.55545185715752865, -10.00000000000000000 ) ) ;
#509 = DIRECTION ( 'NONE',  ( -0.000000000000000000, -0.000000000000000000, 1.000000000000000000 ) ) ;
#510 = EDGE_LOOP ( 'NONE', ( #2723, #2125, #4526, #4499 ) ) ;
#511 = DIRECTION ( 'NONE',  ( -0.000000000000000000, 0.000000000000000000, -1.000000000000000000 ) ) ;
#512 = ORIENTED_EDGE ( 'NONE', *, *, #2251, .F. ) ;
#513 = VERTEX_POINT ( 'NONE', #939 ) ;
#514 = VERTEX_POINT ( 'NONE', #3211 ) ;
#515 = ORIENTED_EDGE ( 'NONE', *, *, #932, .F. ) ;
#516 = EDGE_CURVE ( 'NONE', #726, #2045, #2713, .T. ) ;
#517 = DIRECTION ( 'NONE',  ( 1.000000000000000000, 0.000000000000000000, 0.000000000000000000 ) ) ;
#518 = AXIS2_PLACEMENT_3D ( 'NONE', #5306, #3423, #2146 ) ;
#519 = ADVANCED_FACE ( 'NONE', ( #3601 ), #1821, .F. ) ;
#520 = DIRECTION ( 'NONE',  ( -1.000000000000000000, 0.000000000000000000, 0.000000000000000000 ) ) ;
#521 = VECTOR ( 'NONE', #5216, 1000.000000000000000 ) ;
#522 = CARTESIAN_POINT ( 'NONE',  ( 10.00000000000000000, 0.000000000000000000, 5.000000000000000000 ) ) ;
#523 = ORIENTED_EDGE ( 'NONE', *, *, #4196, .F. ) ;
#524 = PLANE ( 'NONE',  #2663 ) ;
#525 = FACE_OUTER_BOUND ( 'NONE', #1789, .T. ) ;
#526 = EDGE_CURVE ( 'NONE', #2091, #3836, #158, .T. ) ;
#527 = DIRECTION ( 'NONE',  ( 0.000000000000000000, -0.000000000000000000, 1.000000000000000000 ) ) ;
#528 = DIRECTION ( 'NONE',  ( -0.000000000000000000, -0.000000000000000000, 1.000000000000000000 ) ) ;
#529 = DIRECTION ( 'NONE',  ( -0.8412535328311845362, 0.5406408174555923374, 0.000000000000000000 ) ) ;
#530 = CIRCLE ( 'NONE', #1287, 0.6250000000000006661 ) ;
#531 = CARTESIAN_POINT ( 'NONE',  ( -0.2938047327524923036, -21.12263990084027299, 10.00000000000000000 ) ) ;
#532 = DIRECTION ( 'NONE',  ( 1.000000000000000000, 0.000000000000000000, 0.000000000000000000 ) ) ;
#533 = EDGE_CURVE ( 'NONE', #2237, #930, #3120, .T. ) ;
#534 = ORIENTED_EDGE ( 'NONE', *, *, #5604, .T. ) ;
#535 = LINE ( 'NONE', #4106, #4399 ) ;
#536 = LINE ( 'NONE', #4107, #1059 ) ;
#537 = CARTESIAN_POINT ( 'NONE',  ( -1.000000000000000222, 8.499999999999998224, -10.00000000000000000 ) ) ;
#538 = VERTEX_POINT ( 'NONE', #1411 ) ;
#539 = DIRECTION ( 'NONE',  ( 0.000000000000000000, -0.000000000000000000, -1.000000000000000000 ) ) ;
#540 = VERTEX_POINT ( 'NONE', #2202 ) ;
#541 = ADVANCED_FACE ( 'NONE', ( #3693 ), #4117, .T. ) ;
#542 = ORIENTED_EDGE ( 'NONE', *, *, #2686, .F. ) ;
#543 = ORIENTED_EDGE ( 'NONE', *, *, #2940, .T. ) ;
#544 = ORIENTED_EDGE ( 'NONE', *, *, #1212, .F. ) ;
#545 = EDGE_CURVE ( 'NONE', #3767, #4031, #1097, .T. ) ;
#546 = DIRECTION ( 'NONE',  ( 1.000000000000000000, 0.000000000000000000, 0.000000000000000000 ) ) ;
#547 = VECTOR ( 'NONE', #3726, 1000.000000000000000 ) ;
#548 = ORIENTED_EDGE ( 'NONE', *, *, #2909, .F. ) ;
#549 = EDGE_CURVE ( 'NONE', #1012, #4216, #2601, .T. ) ;
#550 = DIRECTION ( 'NONE',  ( -0.000000000000000000, 0.000000000000000000, 1.000000000000000000 ) ) ;
#551 = LINE ( 'NONE', #5071, #5072 ) ;
#552 = DIRECTION ( 'NONE',  ( 0.000000000000000000, 0.000000000000000000, 1.000000000000000000 ) ) ;
#553 = DIRECTION ( 'NONE',  ( 0.000000000000000000, 0.000000000000000000, 1.000000000000000000 ) ) ;
#554 = EDGE_CURVE ( 'NONE', #97, #2033, #43, .T. ) ;
#555 = CARTESIAN_POINT ( 'NONE',  ( 18.53439193672107521, -7.860871604808559177, -10.00000000000000000 ) ) ;
#556 = CARTESIAN_POINT ( 'NONE',  ( -4.967057427318522400, -18.86477411380790414, -10.00000000000000000 ) ) ;
#557 = CARTESIAN_POINT ( 'NONE',  ( 20.50807819456723990, 12.46670480782776558, 10.00000000000000000 ) ) ;
#558 = EDGE_CURVE ( 'NONE', #705, #2259, #3078, .T. ) ;
#559 = ORIENTED_EDGE ( 'NONE', *, *, #388, .F. ) ;
#560 = DIRECTION ( 'NONE',  ( -0.000000000000000000, 0.000000000000000000, 1.000000000000000000 ) ) ;
#561 = AXIS2_PLACEMENT_3D ( 'NONE', #2892, #5670, #3791 ) ;
#562 = CIRCLE ( 'NONE', #2538, 4.499999999999999112 ) ;
#563 = CYLINDRICAL_SURFACE ( 'NONE', #1815, 4.499999999999999112 ) ;
#564 = DIRECTION ( 'NONE',  ( 0.000000000000000000, 0.000000000000000000, 1.000000000000000000 ) ) ;
#565 = VERTEX_POINT ( 'NONE', #3151 ) ;
#566 = CARTESIAN_POINT ( 'NONE',  ( 0.000000000000000000, 0.000000000000000000, -10.00000000000000000 ) ) ;
#567 = CIRCLE ( 'NONE', #2354, 0.6250000000000002220 ) ;
#568 = CIRCLE ( 'NONE', #3880, 0.6250000000000001110 ) ;
#569 = EDGE_LOOP ( 'NONE', ( #4003, #3826, #5088, #4377 ) ) ;
#570 = VERTEX_POINT ( 'NONE', #4976 ) ;
#571 = ORIENTED_EDGE ( 'NONE', *, *, #1026, .T. ) ;
#572 = CIRCLE ( 'NONE', #2080, 24.00000000000000355 ) ;
#573 = CARTESIAN_POINT ( 'NONE',  ( 10.51248375447613981, 21.57516362190274961, -10.00000000000000000 ) ) ;
#574 = ORIENTED_EDGE ( 'NONE', *, *, #4750, .F. ) ;
#575 = DIRECTION ( 'NONE',  ( 1.000000000000000000, 0.000000000000000000, 0.000000000000000000 ) ) ;
#576 = AXIS2_PLACEMENT_3D ( 'NONE', #4322, #732, #4825 ) ;
#577 = DIRECTION ( 'NONE',  ( 0.000000000000000000, 0.000000000000000000, -1.000000000000000000 ) ) ;
#578 = CARTESIAN_POINT ( 'NONE',  ( -19.84203074598157812, -3.407462799033682099, -10.00000000000000000 ) ) ;
#579 = LINE ( 'NONE', #1831, #4171 ) ;
#580 = VECTOR ( 'NONE', #2283, 1000.000000000000000 ) ;
#581 = CARTESIAN_POINT ( 'NONE',  ( -4.551757892101638170, 19.66667462213684558, 10.00000000000000000 ) ) ;
#582 = CARTESIAN_POINT ( 'NONE',  ( -1.000000000000000222, 8.499999999999998224, -10.00000000000000000 ) ) ;
#583 = VECTOR ( 'NONE', #2092, 1000.000000000000000 ) ;
#584 = EDGE_CURVE ( 'NONE', #4235, #819, #530, .T. ) ;
#585 = AXIS2_PLACEMENT_3D ( 'NONE', #44, #1412, #12 ) ;
#586 = DIRECTION ( 'NONE',  ( 0.000000000000000000, 0.000000000000000000, 1.000000000000000000 ) ) ;
#587 = ORIENTED_EDGE ( 'NONE', *, *, #851, .F. ) ;
#588 = DIRECTION ( 'NONE',  ( 0.000000000000000000, 0.000000000000000000, 1.000000000000000000 ) ) ;
#589 = DIRECTION ( 'NONE',  ( -0.000000000000000000, -0.000000000000000000, -1.000000000000000000 ) ) ;
#590 = EDGE_CURVE ( 'NONE', #3550, #663, #5111, .T. ) ;
#591 = CARTESIAN_POINT ( 'NONE',  ( -23.99250271103942822, 0.5998446972057752680, 10.00000000000000000 ) ) ;
#592 = ORIENTED_EDGE ( 'NONE', *, *, #4121, .F. ) ;
#593 = CARTESIAN_POINT ( 'NONE',  ( 18.07829587629845491, -8.859582668517008486, -10.00000000000000000 ) ) ;
#594 = EDGE_LOOP ( 'NONE', ( #1688, #676, #880, #4455 ) ) ;
#595 = EDGE_CURVE ( 'NONE', #4235, #5741, #4529, .T. ) ;
#596 = VERTEX_POINT ( 'NONE', #463 ) ;
#597 = DIRECTION ( 'NONE',  ( -0.000000000000000000, -0.000000000000000000, 1.000000000000000000 ) ) ;
#598 = VECTOR ( 'NONE', #203, 1000.000000000000000 ) ;
#599 = VECTOR ( 'NONE', #1442, 1000.000000000000000 ) ;
#600 = ORIENTED_EDGE ( 'NONE', *, *, #1400, .F. ) ;
#601 = VECTOR ( 'NONE', #5266, 1000.000000000000000 ) ;
#602 = DIRECTION ( 'NONE',  ( 0.000000000000000000, -0.000000000000000000, -1.000000000000000000 ) ) ;
#603 = EDGE_CURVE ( 'NONE', #3747, #4697, #81, .T. ) ;
#604 = AXIS2_PLACEMENT_3D ( 'NONE', #1100, #5142, #3825 ) ;
#605 = CARTESIAN_POINT ( 'NONE',  ( 0.000000000000000000, 0.000000000000000000, 10.00000000000000000 ) ) ;
#606 = ORIENTED_EDGE ( 'NONE', *, *, #5663, .T. ) ;
#607 = DIRECTION ( 'NONE',  ( 1.000000000000000000, 0.000000000000000000, 0.000000000000000000 ) ) ;
#608 = EDGE_LOOP ( 'NONE', ( #5421, #2461, #3271, #5418 ) ) ;
#609 = FACE_OUTER_BOUND ( 'NONE', #594, .T. ) ;
#610 = CIRCLE ( 'NONE', #2689, 24.00000000000000355 ) ;
#611 = CARTESIAN_POINT ( 'NONE',  ( 0.000000000000000000, 0.000000000000000000, 10.00000000000000000 ) ) ;
#612 = DIRECTION ( 'NONE',  ( 1.000000000000000000, 0.000000000000000000, 0.000000000000000000 ) ) ;
#613 = CARTESIAN_POINT ( 'NONE',  ( -6.020512289497122360, 18.55545185715752865, 10.00000000000000000 ) ) ;
#614 = DIRECTION ( 'NONE',  ( 1.000000000000000000, 0.000000000000000000, 0.000000000000000000 ) ) ;
#615 = DIRECTION ( 'NONE',  ( -0.000000000000000000, -0.000000000000000000, 1.000000000000000000 ) ) ;
#616 = VERTEX_POINT ( 'NONE', #2931 ) ;
#617 = ADVANCED_FACE ( 'NONE', ( #1932 ), #4170, .F. ) ;
#618 = DIRECTION ( 'NONE',  ( 1.000000000000000000, 0.000000000000000000, 0.000000000000000000 ) ) ;
#619 = VECTOR ( 'NONE', #527, 1000.000000000000000 ) ;
#620 = DIRECTION ( 'NONE',  ( 0.6548607339452836573, 0.7557495743542594901, 0.000000000000000000 ) ) ;
#621 = LINE ( 'NONE', #5703, #4676 ) ;
#622 = ORIENTED_EDGE ( 'NONE', *, *, #4740, .F. ) ;
#623 = DIRECTION ( 'NONE',  ( -0.000000000000000000, 0.000000000000000000, 1.000000000000000000 ) ) ;
#624 = ORIENTED_EDGE ( 'NONE', *, *, #5197, .T. ) ;
#625 = VERTEX_POINT ( 'NONE', #2818 ) ;
#626 = LINE ( 'NONE', #1984, #1327 ) ;
#627 = ORIENTED_EDGE ( 'NONE', *, *, #3774, .T. ) ;
#628 = FACE_OUTER_BOUND ( 'NONE', #2665, .T. ) ;
#629 = CARTESIAN_POINT ( 'NONE',  ( 17.50977587920187517, -8.599948285390835778, 10.00000000000000000 ) ) ;
#630 = AXIS2_PLACEMENT_3D ( 'NONE', #5064, #5005, #1381 ) ;
#631 = VERTEX_POINT ( 'NONE', #3357 ) ;
#632 = DIRECTION ( 'NONE',  ( 0.000000000000000000, -0.000000000000000000, 1.000000000000000000 ) ) ;
#633 = ORIENTED_EDGE ( 'NONE', *, *, #3379, .T. ) ;
#634 = CARTESIAN_POINT ( 'NONE',  ( 20.50807819456723990, 12.46670480782776558, -10.00000000000000000 ) ) ;
#635 = EDGE_CURVE ( 'NONE', #3323, #1016, #1022, .T. ) ;
#636 = DIRECTION ( 'NONE',  ( -0.000000000000000000, -0.000000000000000000, 1.000000000000000000 ) ) ;
#637 = AXIS2_PLACEMENT_3D ( 'NONE', #4104, #4543, #1336 ) ;
#638 = CARTESIAN_POINT ( 'NONE',  ( 4.551757892101347736, 19.66667462213690953, -10.00000000000000000 ) ) ;
#639 = DIRECTION ( 'NONE',  ( -0.1423148382732720985, -0.9898214418809345716, 0.000000000000000000 ) ) ;
#640 = CARTESIAN_POINT ( 'NONE',  ( 11.34221464530714485, -16.63343481638885635, -10.00000000000000000 ) ) ;
#641 = CIRCLE ( 'NONE', #2726, 0.6250000000000006661 ) ;
#642 = DIRECTION ( 'NONE',  ( 1.000000000000000000, 0.000000000000000000, 0.000000000000000000 ) ) ;
#643 = ORIENTED_EDGE ( 'NONE', *, *, #1829, .F. ) ;
#644 = CARTESIAN_POINT ( 'NONE',  ( -1.173362810797226041, -20.15241450336780105, -10.00000000000000000 ) ) ;
#645 = EDGE_CURVE ( 'NONE', #5600, #933, #650, .T. ) ;
#646 = EDGE_CURVE ( 'NONE', #172, #5177, #1733, .T. ) ;
#647 = CARTESIAN_POINT ( 'NONE',  ( 6.803424637022762234, -19.00552561255969408, -10.00000000000000000 ) ) ;
#648 = DIRECTION ( 'NONE',  ( 0.4154150130018775533, 0.9096319953545225490, 0.000000000000000000 ) ) ;
#649 = VERTEX_POINT ( 'NONE', #5568 ) ;
#650 = CIRCLE ( 'NONE', #1922, 0.6250000000000001110 ) ;
#651 = FACE_OUTER_BOUND ( 'NONE', #1164, .T. ) ;
#652 = ORIENTED_EDGE ( 'NONE', *, *, #4372, .T. ) ;
#653 = CIRCLE ( 'NONE', #949, 24.00000000000000355 ) ;
#654 = CARTESIAN_POINT ( 'NONE',  ( 0.5489643442671610085, -19.50000000000000000, 10.00000000000000000 ) ) ;
#655 = VERTEX_POINT ( 'NONE', #629 ) ;
#656 = VECTOR ( 'NONE', #444, 1000.000000000000000 ) ;
#657 = VECTOR ( 'NONE', #4335, 1000.000000000000000 ) ;
#658 = EDGE_CURVE ( 'NONE', #694, #783, #2581, .T. ) ;
#659 = LINE ( 'NONE', #1166, #3013 ) ;
#660 = CARTESIAN_POINT ( 'NONE',  ( -9.421207896832063611, 22.07353260728036304, 10.00000000000000000 ) ) ;
#661 = VERTEX_POINT ( 'NONE', #3297 ) ;
#662 = CARTESIAN_POINT ( 'NONE',  ( 0.5489643442671623408, 20.12500000000000000, 10.00000000000000000 ) ) ;
#663 = VERTEX_POINT ( 'NONE', #5120 ) ;
#664 = EDGE_CURVE ( 'NONE', #1346, #4285, #1173, .T. ) ;
#665 = EDGE_CURVE ( 'NONE', #445, #1201, #5207, .T. ) ;
#666 = DIRECTION ( 'NONE',  ( -0.000000000000000000, 0.000000000000000000, 1.000000000000000000 ) ) ;
#667 = AXIS2_PLACEMENT_3D ( 'NONE', #1499, #2379, #2885 ) ;
#668 = DIRECTION ( 'NONE',  ( 0.000000000000000000, 0.000000000000000000, 1.000000000000000000 ) ) ;
#669 = CARTESIAN_POINT ( 'NONE',  ( -19.78030504245122856, -4.029407280095844257, -10.00000000000000000 ) ) ;
#670 = EDGE_CURVE ( 'NONE', #726, #433, #36, .T. ) ;
#671 = AXIS2_PLACEMENT_3D ( 'NONE', #2718, #21, #529 ) ;
#672 = CARTESIAN_POINT ( 'NONE',  ( -10.41857825728082254, 17.22701988006608431, -10.00000000000000000 ) ) ;
#673 = CARTESIAN_POINT ( 'NONE',  ( 20.86582910995577578, 3.296879305597826715, -10.00000000000000000 ) ) ;
#674 = LINE ( 'NONE', #1119, #4716 ) ;
#675 = AXIS2_PLACEMENT_3D ( 'NONE', #2346, #1992, #575 ) ;
#676 = ORIENTED_EDGE ( 'NONE', *, *, #855, .F. ) ;
#677 = LINE ( 'NONE', #4802, #3303 ) ;
#678 = DIRECTION ( 'NONE',  ( -0.000000000000000000, 0.000000000000000000, 1.000000000000000000 ) ) ;
#679 = AXIS2_PLACEMENT_3D ( 'NONE', #5108, #1567, #4657 ) ;
#680 = DIRECTION ( 'NONE',  ( 0.000000000000000000, -0.000000000000000000, 1.000000000000000000 ) ) ;
#681 = ORIENTED_EDGE ( 'NONE', *, *, #2877, .T. ) ;
#682 = DIRECTION ( 'NONE',  ( -0.000000000000000000, -0.000000000000000000, 1.000000000000000000 ) ) ;
#683 = VERTEX_POINT ( 'NONE', #573 ) ;
#684 = AXIS2_PLACEMENT_3D ( 'NONE', #4721, #713, #4662 ) ;
#685 = LINE ( 'NONE', #2483, #3116 ) ;
#686 = EDGE_LOOP ( 'NONE', ( #4105, #360, #5807, #746 ) ) ;
#687 = CARTESIAN_POINT ( 'NONE',  ( -9.908122240928941338, 17.58765772523789650, 10.00000000000000000 ) ) ;
#688 = CARTESIAN_POINT ( 'NONE',  ( -4.518140275344554091, 19.46445722231692699, -10.00000000000000000 ) ) ;
#689 = VECTOR ( 'NONE', #2783, 1000.000000000000000 ) ;
#690 = ORIENTED_EDGE ( 'NONE', *, *, #955, .F. ) ;
#691 = AXIS2_PLACEMENT_3D ( 'NONE', #4089, #940, #2737 ) ;
#692 = EDGE_CURVE ( 'NONE', #4191, #625, #5251, .T. ) ;
#693 = CARTESIAN_POINT ( 'NONE',  ( 2.820749999999999424, -23.83366042884517100, -10.00000000000000000 ) ) ;
#694 = VERTEX_POINT ( 'NONE', #4223 ) ;
#695 = CIRCLE ( 'NONE', #4775, 0.6250000000000006661 ) ;
#696 = CARTESIAN_POINT ( 'NONE',  ( -15.25841555994342436, -18.52513845022694028, -10.00000000000000000 ) ) ;
#697 = VECTOR ( 'NONE', #4929, 1000.000000000000000 ) ;
#698 = CIRCLE ( 'NONE', #5349, 0.6250000000000002220 ) ;
#699 = CYLINDRICAL_SURFACE ( 'NONE', #1279, 0.6249999999999998890 ) ;
#700 = FACE_OUTER_BOUND ( 'NONE', #213, .T. ) ;
#701 = CIRCLE ( 'NONE', #5011, 4.499999999999998224 ) ;
#702 = DIRECTION ( 'NONE',  ( 0.9594929736144993671, -0.2817325568414231207, 0.000000000000000000 ) ) ;
#703 = CARTESIAN_POINT ( 'NONE',  ( -11.00431413439727812, 16.10765135836944850, 10.00000000000000000 ) ) ;
#704 = CARTESIAN_POINT ( 'NONE',  ( 0.000000000000000000, 0.000000000000000000, -10.00000000000000000 ) ) ;
#705 = VERTEX_POINT ( 'NONE', #157 ) ;
#706 = CIRCLE ( 'NONE', #228, 0.6249999999999996669 ) ;
#707 = CARTESIAN_POINT ( 'NONE',  ( 15.99856791459341387, 12.31025650762212642, -10.00000000000000000 ) ) ;
#708 = EDGE_CURVE ( 'NONE', #149, #5080, #796, .T. ) ;
#709 = AXIS2_PLACEMENT_3D ( 'NONE', #5603, #3337, #1029 ) ;
#710 = FACE_OUTER_BOUND ( 'NONE', #69, .T. ) ;
#711 = DIRECTION ( 'NONE',  ( -0.000000000000000000, 0.000000000000000000, -1.000000000000000000 ) ) ;
#712 = EDGE_LOOP ( 'NONE', ( #3929, #1777, #3586, #5498 ) ) ;
#713 = DIRECTION ( 'NONE',  ( 0.000000000000000000, 0.000000000000000000, 1.000000000000000000 ) ) ;
#714 = VERTEX_POINT ( 'NONE', #3777 ) ;
#715 = EDGE_CURVE ( 'NONE', #1024, #841, #5595, .T. ) ;
#716 = LINE ( 'NONE', #5709, #657 ) ;
#717 = ORIENTED_EDGE ( 'NONE', *, *, #1212, .T. ) ;
#718 = CIRCLE ( 'NONE', #910, 4.499999999999998224 ) ;
#719 = DIRECTION ( 'NONE',  ( 0.6548607339452947596, -0.7557495743542499422, 0.000000000000000000 ) ) ;
#720 = APPLICATION_CONTEXT ( 'automotive_design' ) ;
#721 = EDGE_CURVE ( 'NONE', #514, #1004, #3330, .T. ) ;
#722 = CARTESIAN_POINT ( 'NONE',  ( 10.73283892319553701, -20.18425021047489665, -10.00000000000000000 ) ) ;
#723 = ORIENTED_EDGE ( 'NONE', *, *, #2799, .T. ) ;
#724 = EDGE_CURVE ( 'NONE', #45, #3742, #3638, .T. ) ;
#725 = DIRECTION ( 'NONE',  ( 1.000000000000000000, 0.000000000000000000, 0.000000000000000000 ) ) ;
#726 = VERTEX_POINT ( 'NONE', #660 ) ;
#727 = DIRECTION ( 'NONE',  ( 1.000000000000000000, 0.000000000000000000, 0.000000000000000000 ) ) ;
#728 = CARTESIAN_POINT ( 'NONE',  ( -4.518140275344411982, -19.46445722231696607, -10.00000000000000000 ) ) ;
#729 = ADVANCED_FACE ( 'NONE', ( #1989 ), #3806, .T. ) ;
#730 = CARTESIAN_POINT ( 'NONE',  ( -17.96587193962444218, 7.601237221682515255, 10.00000000000000000 ) ) ;
#731 = VERTEX_POINT ( 'NONE', #4729 ) ;
#732 = DIRECTION ( 'NONE',  ( 0.000000000000000000, 0.000000000000000000, 1.000000000000000000 ) ) ;
#733 = EDGE_CURVE ( 'NONE', #1847, #2091, #4280, .T. ) ;
#734 = DIRECTION ( 'NONE',  ( -0.000000000000000000, -0.000000000000000000, 1.000000000000000000 ) ) ;
#735 = AXIS2_PLACEMENT_3D ( 'NONE', #4687, #3396, #4743 ) ;
#736 = CARTESIAN_POINT ( 'NONE',  ( -14.84996499048279084, -13.59395184016451452, -10.00000000000000000 ) ) ;
#737 = ORIENTED_EDGE ( 'NONE', *, *, #4859, .T. ) ;
#738 = DIRECTION ( 'NONE',  ( 0.4154150130018974263, -0.9096319953545132231, 0.000000000000000000 ) ) ;
#739 = VECTOR ( 'NONE', #307, 1000.000000000000000 ) ;
#740 = ORIENTED_EDGE ( 'NONE', *, *, #3941, .T. ) ;
#741 = CARTESIAN_POINT ( 'NONE',  ( -19.22339234480599401, -3.318516025112876466, -10.00000000000000000 ) ) ;
#742 = CARTESIAN_POINT ( 'NONE',  ( -5.143140275344411094, -19.46445722231696607, 10.00000000000000000 ) ) ;
#743 = ORIENTED_EDGE ( 'NONE', *, *, #199, .T. ) ;
#744 = EDGE_CURVE ( 'NONE', #2564, #625, #4197, .T. ) ;
#745 = DIRECTION ( 'NONE',  ( 0.000000000000000000, 0.000000000000000000, 1.000000000000000000 ) ) ;
#746 = ORIENTED_EDGE ( 'NONE', *, *, #2872, .F. ) ;
#747 = EDGE_CURVE ( 'NONE', #4460, #5846, #2482, .T. ) ;
#748 = FACE_OUTER_BOUND ( 'NONE', #4875, .T. ) ;
#749 = ORIENTED_EDGE ( 'NONE', *, *, #74, .F. ) ;
#750 = DIRECTION ( 'NONE',  ( -0.000000000000000000, -0.000000000000000000, 1.000000000000000000 ) ) ;
#751 = CARTESIAN_POINT ( 'NONE',  ( -18.53439193672101837, 7.860871604808695068, -10.00000000000000000 ) ) ;
#752 = ORIENTED_EDGE ( 'NONE', *, *, #721, .T. ) ;
#753 = AXIS2_PLACEMENT_3D ( 'NONE', #5236, #5657, #1549 ) ;
#754 = CARTESIAN_POINT ( 'NONE',  ( -0.5489643442671623408, -20.12500000000000000, 10.00000000000000000 ) ) ;
#755 = ORIENTED_EDGE ( 'NONE', *, *, #5882, .T. ) ;
#756 = DIRECTION ( 'NONE',  ( 0.000000000000000000, 0.000000000000000000, 1.000000000000000000 ) ) ;
#757 = CIRCLE ( 'NONE', #5596, 0.6249999999999996669 ) ;
#758 =( NAMED_UNIT ( * ) PLANE_ANGLE_UNIT ( ) SI_UNIT ( $, .RADIAN. ) );
#759 = CYLINDRICAL_SURFACE ( 'NONE', #2276, 17.50000000000000355 ) ;
#760 = ORIENTED_EDGE ( 'NONE', *, *, #2717, .F. ) ;
#761 = CARTESIAN_POINT ( 'NONE',  ( -20.50807819456732872, -12.46670480782761459, -10.00000000000000000 ) ) ;
#762 = DIRECTION ( 'NONE',  ( 0.000000000000000000, 0.000000000000000000, 1.000000000000000000 ) ) ;
#763 = AXIS2_PLACEMENT_3D ( 'NONE', #4321, #5333, #2586 ) ;
#764 = FACE_OUTER_BOUND ( 'NONE', #5704, .T. ) ;
#765 = ORIENTED_EDGE ( 'NONE', *, *, #3614, .T. ) ;
#766 = DIRECTION ( 'NONE',  ( 0.000000000000000000, -1.000000000000000000, 0.000000000000000000 ) ) ;
#767 = VECTOR ( 'NONE', #2857, 1000.000000000000000 ) ;
#768 = ORIENTED_EDGE ( 'NONE', *, *, #955, .T. ) ;
#769 = CARTESIAN_POINT ( 'NONE',  ( 0.000000000000000000, 0.000000000000000000, 5.000000000000000000 ) ) ;
#770 = EDGE_CURVE ( 'NONE', #4833, #1004, #4494, .T. ) ;
#771 = DIRECTION ( 'NONE',  ( 0.6548607339452947596, -0.7557495743542499422, 0.000000000000000000 ) ) ;
#772 = VERTEX_POINT ( 'NONE', #688 ) ;
#773 = DIRECTION ( 'NONE',  ( -0.000000000000000000, -0.000000000000000000, 1.000000000000000000 ) ) ;
#774 = ORIENTED_EDGE ( 'NONE', *, *, #3701, .F. ) ;
#775 = ADVANCED_FACE ( 'NONE', ( #865 ), #5444, .T. ) ;
#776 = VECTOR ( 'NONE', #2008, 1000.000000000000000 ) ;
#777 = EDGE_CURVE ( 'NONE', #2255, #2132, #2959, .T. ) ;
#778 = CARTESIAN_POINT ( 'NONE',  ( 0.000000000000000000, 0.000000000000000000, 10.00000000000000000 ) ) ;
#779 = VERTEX_POINT ( 'NONE', #2666 ) ;
#780 = CYLINDRICAL_SURFACE ( 'NONE', #1074, 24.00000000000000355 ) ;
#781 = EDGE_CURVE ( 'NONE', #3490, #1980, #1809, .T. ) ;
#782 = ORIENTED_EDGE ( 'NONE', *, *, #4860, .F. ) ;
#783 = VERTEX_POINT ( 'NONE', #4817 ) ;
#784 = ORIENTED_EDGE ( 'NONE', *, *, #1947, .T. ) ;
#785 = CARTESIAN_POINT ( 'NONE',  ( -20.11427891976022408, -1.706567941630297236, -10.00000000000000000 ) ) ;
#786 = VERTEX_POINT ( 'NONE', #4312 ) ;
#787 = DIRECTION ( 'NONE',  ( 0.000000000000000000, -0.000000000000000000, -1.000000000000000000 ) ) ;
#788 = EDGE_CURVE ( 'NONE', #490, #887, #2698, .T. ) ;
#789 = CARTESIAN_POINT ( 'NONE',  ( 0.2938047327527967267, -21.12263990084026588, 10.00000000000000000 ) ) ;
#790 = CARTESIAN_POINT ( 'NONE',  ( 10.41857825728094511, -17.22701988006600970, -10.00000000000000000 ) ) ;
#791 = ORIENTED_EDGE ( 'NONE', *, *, #5619, .F. ) ;
#792 = DIRECTION ( 'NONE',  ( 0.000000000000000000, -0.000000000000000000, 1.000000000000000000 ) ) ;
#793 = AXIS2_PLACEMENT_3D ( 'NONE', #4866, #3554, #2627 ) ;
#794 = CARTESIAN_POINT ( 'NONE',  ( -9.421207896832063611, 22.07353260728036304, -10.00000000000000000 ) ) ;
#795 = FACE_BOUND ( 'NONE', #2234, .T. ) ;
#796 = CIRCLE ( 'NONE', #2390, 0.6249999999999998890 ) ;
#797 = ORIENTED_EDGE ( 'NONE', *, *, #3801, .F. ) ;
#798 = CARTESIAN_POINT ( 'NONE',  ( 0.000000000000000000, 0.000000000000000000, 10.00000000000000000 ) ) ;
#799 = AXIS2_PLACEMENT_3D ( 'NONE', #1364, #979, #3165 ) ;
#800 = ORIENTED_EDGE ( 'NONE', *, *, #46, .F. ) ;
#801 = CARTESIAN_POINT ( 'NONE',  ( 0.000000000000000000, 0.000000000000000000, -5.000000000000000000 ) ) ;
#802 = EDGE_CURVE ( 'NONE', #5783, #4281, #302, .T. ) ;
#803 = LINE ( 'NONE', #386, #3640 ) ;
#804 = VERTEX_POINT ( 'NONE', #3445 ) ;
#805 = AXIS2_PLACEMENT_3D ( 'NONE', #640, #4742, #2442 ) ;
#806 = CARTESIAN_POINT ( 'NONE',  ( 6.803424637022346566, 19.00552561255984330, -10.00000000000000000 ) ) ;
#807 = EDGE_CURVE ( 'NONE', #4968, #875, #695, .T. ) ;
#808 = ORIENTED_EDGE ( 'NONE', *, *, #5870, .T. ) ;
#809 = VECTOR ( 'NONE', #2884, 1000.000000000000114 ) ;
#810 = EDGE_CURVE ( 'NONE', #3687, #786, #1608, .T. ) ;
#811 = DIRECTION ( 'NONE',  ( 1.000000000000000000, 0.000000000000000000, 0.000000000000000000 ) ) ;
#812 = ORIENTED_EDGE ( 'NONE', *, *, #3571, .F. ) ;
#813 = DIRECTION ( 'NONE',  ( 1.000000000000000000, 0.000000000000000000, 0.000000000000000000 ) ) ;
#814 = ORIENTED_EDGE ( 'NONE', *, *, #2068, .F. ) ;
#815 = ORIENTED_EDGE ( 'NONE', *, *, #5423, .T. ) ;
#816 = AXIS2_PLACEMENT_3D ( 'NONE', #5521, #5549, #164 ) ;
#817 = AXIS2_PLACEMENT_3D ( 'NONE', #4502, #4617, #4023 ) ;
#818 = CARTESIAN_POINT ( 'NONE',  ( 0.5489643442671623408, 20.12500000000000000, 10.00000000000000000 ) ) ;
#819 = VERTEX_POINT ( 'NONE', #1197 ) ;
#820 = CARTESIAN_POINT ( 'NONE',  ( -0.5489643442671623408, -19.50000000000000000, 10.00000000000000000 ) ) ;
#821 = DIRECTION ( 'NONE',  ( -0.9594929736145013655, 0.2817325568414162373, 0.000000000000000000 ) ) ;
#822 = CYLINDRICAL_SURFACE ( 'NONE', #1519, 7.500000000000000000 ) ;
#823 = ORIENTED_EDGE ( 'NONE', *, *, #3941, .F. ) ;
#824 = CARTESIAN_POINT ( 'NONE',  ( 15.77102493137143213, -14.05443027004715795, 10.00000000000000000 ) ) ;
#825 = ADVANCED_FACE ( 'NONE', ( #242 ), #2044, .F. ) ;
#826 = DIRECTION ( 'NONE',  ( -0.8412535328311857574, 0.5406408174555905610, 0.000000000000000000 ) ) ;
#827 = DIRECTION ( 'NONE',  ( -0.6548607339452783282, -0.7557495743542641531, 0.000000000000000000 ) ) ;
#828 = DIRECTION ( 'NONE',  ( 0.000000000000000000, 0.000000000000000000, 1.000000000000000000 ) ) ;
#829 = CARTESIAN_POINT ( 'NONE',  ( 6.196595137523151386, -19.15513496566654794, -10.00000000000000000 ) ) ;
#830 = ORIENTED_EDGE ( 'NONE', *, *, #5864, .F. ) ;
#831 = DIRECTION ( 'NONE',  ( -0.6548607339452887643, 0.7557495743542550493, 0.000000000000000000 ) ) ;
#832 = DIRECTION ( 'NONE',  ( 0.000000000000000000, 0.000000000000000000, 1.000000000000000000 ) ) ;
#833 = ORIENTED_EDGE ( 'NONE', *, *, #788, .T. ) ;
#834 = CARTESIAN_POINT ( 'NONE',  ( -4.551757892101493397, -19.66667462213687756, -10.00000000000000000 ) ) ;
#835 = ORIENTED_EDGE ( 'NONE', *, *, #4525, .T. ) ;
#836 = AXIS2_PLACEMENT_3D ( 'NONE', #1915, #4774, #642 ) ;
#837 = DIRECTION ( 'NONE',  ( -0.8412535328311766536, -0.5406408174556046609, 0.000000000000000000 ) ) ;
#838 = VECTOR ( 'NONE', #3899, 1000.000000000000000 ) ;
#839 = ORIENTED_EDGE ( 'NONE', *, *, #1956, .T. ) ;
#840 = FACE_OUTER_BOUND ( 'NONE', #278, .T. ) ;
#841 = VERTEX_POINT ( 'NONE', #2985 ) ;
#842 = ORIENTED_EDGE ( 'NONE', *, *, #2060, .T. ) ;
#843 = DIRECTION ( 'NONE',  ( 1.000000000000000000, 0.000000000000000000, 0.000000000000000000 ) ) ;
#844 = ORIENTED_EDGE ( 'NONE', *, *, #3644, .F. ) ;
#845 = ADVANCED_FACE ( 'NONE', ( #3859 ), #896, .T. ) ;
#846 = LINE ( 'NONE', #3570, #1961 ) ;
#847 = DIRECTION ( 'NONE',  ( 1.000000000000000000, 0.000000000000000000, 0.000000000000000000 ) ) ;
#848 = CIRCLE ( 'NONE', #2348, 24.00000000000000355 ) ;
#849 = AXIS2_PLACEMENT_3D ( 'NONE', #2487, #3924, #2043 ) ;
#850 = ORIENTED_EDGE ( 'NONE', *, *, #2940, .F. ) ;
#851 = EDGE_CURVE ( 'NONE', #5873, #1232, #5237, .T. ) ;
#852 = LINE ( 'NONE', #1881, #1340 ) ;
#853 = FACE_BOUND ( 'NONE', #1511, .T. ) ;
#854 = PLANE ( 'NONE',  #5869 ) ;
#855 = EDGE_CURVE ( 'NONE', #2198, #540, #4375, .T. ) ;
#856 = LINE ( 'NONE', #501, #1009 ) ;
#857 = DIRECTION ( 'NONE',  ( 0.000000000000000000, -0.000000000000000000, -1.000000000000000000 ) ) ;
#858 = EDGE_LOOP ( 'NONE', ( #1190, #2341, #2730, #2791 ) ) ;
#859 = CARTESIAN_POINT ( 'NONE',  ( -9.908122240928941338, 17.58765772523789650, -10.00000000000000000 ) ) ;
#860 = CARTESIAN_POINT ( 'NONE',  ( -18.81871354321306455, 7.304287178075622222, -10.00000000000000000 ) ) ;
#861 = VERTEX_POINT ( 'NONE', #1751 ) ;
#862 = DIRECTION ( 'NONE',  ( -0.000000000000000000, -0.000000000000000000, -1.000000000000000000 ) ) ;
#863 = AXIS2_PLACEMENT_3D ( 'NONE', #4514, #446, #3164 ) ;
#864 = ORIENTED_EDGE ( 'NONE', *, *, #1879, .T. ) ;
#865 = FACE_OUTER_BOUND ( 'NONE', #4584, .T. ) ;
#866 = VECTOR ( 'NONE', #3338, 1000.000000000000000 ) ;
#867 = LINE ( 'NONE', #4902, #5616 ) ;
#868 = VECTOR ( 'NONE', #3992, 1000.000000000000000 ) ;
#869 = ORIENTED_EDGE ( 'NONE', *, *, #232, .T. ) ;
#870 = FACE_OUTER_BOUND ( 'NONE', #5862, .T. ) ;
#871 = ORIENTED_EDGE ( 'NONE', *, *, #1838, .F. ) ;
#872 = ORIENTED_EDGE ( 'NONE', *, *, #2877, .F. ) ;
#873 = EDGE_LOOP ( 'NONE', ( #2365, #5809, #3389, #1344 ) ) ;
#874 = CARTESIAN_POINT ( 'NONE',  ( -10.51248375447645778, 21.57516362190259329, -10.00000000000000000 ) ) ;
#875 = VERTEX_POINT ( 'NONE', #5685 ) ;
#876 = CIRCLE ( 'NONE', #5526, 0.6249999999999996669 ) ;
#877 = CARTESIAN_POINT ( 'NONE',  ( 0.2938047327523353180, 21.12263990084027299, 10.00000000000000000 ) ) ;
#878 = DIRECTION ( 'NONE',  ( -0.5406408174555862312, -0.8412535328311885330, 0.000000000000000000 ) ) ;
#879 = ADVANCED_FACE ( 'NONE', ( #1306 ), #3140, .T. ) ;
#880 = ORIENTED_EDGE ( 'NONE', *, *, #5754, .F. ) ;
#881 = CARTESIAN_POINT ( 'NONE',  ( -10.00000000000000000, 1.224646799147353256E-15, 10.00000000000000000 ) ) ;
#882 = DIRECTION ( 'NONE',  ( -0.8412535328311845362, 0.5406408174555923374, 0.000000000000000000 ) ) ;
#883 = LINE ( 'NONE', #500, #4928 ) ;
#884 = FACE_OUTER_BOUND ( 'NONE', #1192, .T. ) ;
#885 = CARTESIAN_POINT ( 'NONE',  ( -19.85947713967985706, 13.47594774917643434, -10.00000000000000000 ) ) ;
#886 = AXIS2_PLACEMENT_3D ( 'NONE', #214, #2880, #2852 ) ;
#887 = VERTEX_POINT ( 'NONE', #3589 ) ;
#888 = DIRECTION ( 'NONE',  ( -0.000000000000000000, -0.000000000000000000, 1.000000000000000000 ) ) ;
#889 = CARTESIAN_POINT ( 'NONE',  ( 6.232838923195098246, 20.18425021047503520, 10.00000000000000000 ) ) ;
#890 = VERTEX_POINT ( 'NONE', #4073 ) ;
#891 = CIRCLE ( 'NONE', #2866, 4.499999999999999112 ) ;
#892 = DIRECTION ( 'NONE',  ( 1.000000000000000000, 0.000000000000000000, 0.000000000000000000 ) ) ;
#893 = AXIS2_PLACEMENT_3D ( 'NONE', #3007, #3525, #4422 ) ;
#894 = EDGE_CURVE ( 'NONE', #482, #5741, #891, .T. ) ;
#895 = ORIENTED_EDGE ( 'NONE', *, *, #1076, .F. ) ;
#896 = CYLINDRICAL_SURFACE ( 'NONE', #129, 4.499999999999999112 ) ;
#897 = DIRECTION ( 'NONE',  ( -0.000000000000000000, -0.000000000000000000, 1.000000000000000000 ) ) ;
#898 = VECTOR ( 'NONE', #4566, 1000.000000000000000 ) ;
#899 = ORIENTED_EDGE ( 'NONE', *, *, #2453, .T. ) ;
#900 = DIRECTION ( 'NONE',  ( -0.6548607339452902076, 0.7557495743542538280, 0.000000000000000000 ) ) ;
#901 = EDGE_CURVE ( 'NONE', #2672, #1198, #3225, .T. ) ;
#902 = ORIENTED_EDGE ( 'NONE', *, *, #3854, .T. ) ;
#903 = ORIENTED_EDGE ( 'NONE', *, *, #635, .F. ) ;
#904 = VERTEX_POINT ( 'NONE', #924 ) ;
#905 = ORIENTED_EDGE ( 'NONE', *, *, #670, .T. ) ;
#906 = DIRECTION ( 'NONE',  ( -0.6548607339452887643, 0.7557495743542550493, 0.000000000000000000 ) ) ;
#907 = ADVANCED_FACE ( 'NONE', ( #5049 ), #4213, .F. ) ;
#908 = DIRECTION ( 'NONE',  ( 0.1423148382732886408, -0.9898214418809322401, 0.000000000000000000 ) ) ;
#909 = EDGE_CURVE ( 'NONE', #3450, #2372, #535, .T. ) ;
#910 = AXIS2_PLACEMENT_3D ( 'NONE', #3729, #4623, #2273 ) ;
#911 = EDGE_LOOP ( 'NONE', ( #1703, #3856, #447, #363 ) ) ;
#912 = DIRECTION ( 'NONE',  ( 0.8412535328311766536, 0.5406408174556046609, 0.000000000000000000 ) ) ;
#913 = CYLINDRICAL_SURFACE ( 'NONE', #167, 0.6249999999999996669 ) ;
#914 = CARTESIAN_POINT ( 'NONE',  ( 1.173362810797226041, -20.15241450336780105, -10.00000000000000000 ) ) ;
#915 = EDGE_CURVE ( 'NONE', #366, #5643, #5160, .T. ) ;
#916 = LINE ( 'NONE', #3670, #1383 ) ;
#917 = CARTESIAN_POINT ( 'NONE',  ( -10.41857825728082254, 17.22701988006608431, 10.00000000000000000 ) ) ;
#918 = EDGE_CURVE ( 'NONE', #3623, #3512, #183, .T. ) ;
#919 = DIRECTION ( 'NONE',  ( -0.000000000000000000, -0.000000000000000000, 1.000000000000000000 ) ) ;
#920 = CARTESIAN_POINT ( 'NONE',  ( -4.518140275344554091, 19.46445722231692699, -10.00000000000000000 ) ) ;
#921 = ORIENTED_EDGE ( 'NONE', *, *, #5016, .F. ) ;
#922 = CARTESIAN_POINT ( 'NONE',  ( 19.33587997703283889, -8.507407543743140010, -10.00000000000000000 ) ) ;
#923 = ORIENTED_EDGE ( 'NONE', *, *, #2986, .F. ) ;
#924 = CARTESIAN_POINT ( 'NONE',  ( -11.88231346068060112, -16.31892206683515667, 10.00000000000000000 ) ) ;
#925 = VECTOR ( 'NONE', #4146, 1000.000000000000000 ) ;
#926 = FACE_OUTER_BOUND ( 'NONE', #4082, .T. ) ;
#927 = EDGE_CURVE ( 'NONE', #5834, #4305, #2824, .T. ) ;
#928 = ORIENTED_EDGE ( 'NONE', *, *, #4629, .T. ) ;
#929 = CARTESIAN_POINT ( 'NONE',  ( 15.77102493137143213, -14.05443027004715795, -10.00000000000000000 ) ) ;
#930 = VERTEX_POINT ( 'NONE', #1841 ) ;
#931 = AXIS2_PLACEMENT_3D ( 'NONE', #506, #5891, #2307 ) ;
#932 = EDGE_CURVE ( 'NONE', #482, #513, #1599, .T. ) ;
#933 = VERTEX_POINT ( 'NONE', #2335 ) ;
#934 = VECTOR ( 'NONE', #468, 1000.000000000000000 ) ;
#935 = ORIENTED_EDGE ( 'NONE', *, *, #2636, .T. ) ;
#936 = AXIS2_PLACEMENT_3D ( 'NONE', #1597, #682, #4304 ) ;
#937 = ORIENTED_EDGE ( 'NONE', *, *, #5068, .F. ) ;
#938 = FACE_OUTER_BOUND ( 'NONE', #4164, .T. ) ;
#939 = CARTESIAN_POINT ( 'NONE',  ( -15.25841555994342436, -18.52513845022694028, 10.00000000000000000 ) ) ;
#940 = DIRECTION ( 'NONE',  ( -0.5406408174556045498, 0.8412535328311767646, 0.000000000000000000 ) ) ;
#941 = VERTEX_POINT ( 'NONE', #144 ) ;
#942 = PLANE ( 'NONE',  #1994 ) ;
#943 = DIRECTION ( 'NONE',  ( -0.000000000000000000, 0.000000000000000000, -1.000000000000000000 ) ) ;
#944 = CARTESIAN_POINT ( 'NONE',  ( 19.09177818327973242, 9.041915914340346916, -10.00000000000000000 ) ) ;
#945 = CYLINDRICAL_SURFACE ( 'NONE', #4318, 4.499999999999999112 ) ;
#946 = DIRECTION ( 'NONE',  ( -0.000000000000000000, 0.000000000000000000, 1.000000000000000000 ) ) ;
#947 = DIRECTION ( 'NONE',  ( -0.000000000000000000, 0.000000000000000000, 1.000000000000000000 ) ) ;
#948 = AXIS2_PLACEMENT_3D ( 'NONE', #829, #3522, #1677 ) ;
#949 = AXIS2_PLACEMENT_3D ( 'NONE', #1575, #1196, #241 ) ;
#950 = CARTESIAN_POINT ( 'NONE',  ( -5.143140275344553203, 19.46445722231692699, -10.00000000000000000 ) ) ;
#951 = ORIENTED_EDGE ( 'NONE', *, *, #457, .F. ) ;
#952 = CYLINDRICAL_SURFACE ( 'NONE', #2147, 4.499999999999999112 ) ;
#953 = VERTEX_POINT ( 'NONE', #2834 ) ;
#954 = DIRECTION ( 'NONE',  ( -0.000000000000000000, 0.000000000000000000, 1.000000000000000000 ) ) ;
#955 = EDGE_CURVE ( 'NONE', #683, #2319, #117, .T. ) ;
#956 = CARTESIAN_POINT ( 'NONE',  ( 2.820749999999999424, 23.83366042884517100, 10.00000000000000000 ) ) ;
#957 = VERTEX_POINT ( 'NONE', #83 ) ;
#958 = ADVANCED_FACE ( 'NONE', ( #1917 ), #3198, .F. ) ;
#959 = CARTESIAN_POINT ( 'NONE',  ( 19.09177818327993137, -9.041915914339931248, 10.00000000000000000 ) ) ;
#960 = AXIS2_PLACEMENT_3D ( 'NONE', #4347, #5303, #5273 ) ;
#961 = EDGE_LOOP ( 'NONE', ( #3689, #3045, #2020, #2422 ) ) ;
#962 = ADVANCED_FACE ( 'NONE', ( #3763 ), #2754, .F. ) ;
#963 = VERTEX_POINT ( 'NONE', #4656 ) ;
#964 = VERTEX_POINT ( 'NONE', #2282 ) ;
#965 = ORIENTED_EDGE ( 'NONE', *, *, #3818, .T. ) ;
#966 = EDGE_CURVE ( 'NONE', #3552, #24, #1127, .T. ) ;
#967 = AXIS2_PLACEMENT_3D ( 'NONE', #3576, #2651, #407 ) ;
#968 = CARTESIAN_POINT ( 'NONE',  ( -19.84203074598157812, -3.407462799033682099, -10.00000000000000000 ) ) ;
#969 = LINE ( 'NONE', #522, #416 ) ;
#970 = ORIENTED_EDGE ( 'NONE', *, *, #2269, .F. ) ;
#971 = CIRCLE ( 'NONE', #3995, 24.00000000000000355 ) ;
#972 = DIRECTION ( 'NONE',  ( 1.000000000000000000, 0.000000000000000000, 0.000000000000000000 ) ) ;
#973 = ADVANCED_FACE ( 'NONE', ( #5499 ), #58, .F. ) ;
#974 = CARTESIAN_POINT ( 'NONE',  ( -19.84203074598160299, 3.407462799033540435, 10.00000000000000000 ) ) ;
#975 = CARTESIAN_POINT ( 'NONE',  ( 10.08067774637082614, 16.70123642204674752, 10.00000000000000000 ) ) ;
#976 = VECTOR ( 'NONE', #1160, 1000.000000000000000 ) ;
#977 = DIRECTION ( 'NONE',  ( -0.9594929736144952592, -0.2817325568414371095, 0.000000000000000000 ) ) ;
#978 = DIRECTION ( 'NONE',  ( -0.000000000000000000, -0.000000000000000000, 1.000000000000000000 ) ) ;
#979 = DIRECTION ( 'NONE',  ( 0.000000000000000000, -0.000000000000000000, -1.000000000000000000 ) ) ;
#980 = DIRECTION ( 'NONE',  ( 0.000000000000000000, 0.000000000000000000, 1.000000000000000000 ) ) ;
#981 = EDGE_CURVE ( 'NONE', #1847, #5846, #2066, .T. ) ;
#982 = ORIENTED_EDGE ( 'NONE', *, *, #665, .T. ) ;
#983 = CARTESIAN_POINT ( 'NONE',  ( -15.56895537727596590, -12.76419270113337490, 10.00000000000000000 ) ) ;
#984 = AXIS2_PLACEMENT_3D ( 'NONE', #4659, #4498, #1897 ) ;
#985 = CIRCLE ( 'NONE', #3249, 0.6250000000000000000 ) ;
#986 = EDGE_CURVE ( 'NONE', #2278, #5021, #2385, .T. ) ;
#987 = CARTESIAN_POINT ( 'NONE',  ( 17.50000000000000355, 0.000000000000000000, 5.000000000000000000 ) ) ;
#988 = DIRECTION ( 'NONE',  ( 0.000000000000000000, 0.000000000000000000, 1.000000000000000000 ) ) ;
#989 = EDGE_LOOP ( 'NONE', ( #5676, #4888, #3775, #844 ) ) ;
#990 = CIRCLE ( 'NONE', #3253, 0.6250000000000009992 ) ;
#991 = CARTESIAN_POINT ( 'NONE',  ( -6.803424637022629007, 19.00552561255974027, 10.00000000000000000 ) ) ;
#992 = AXIS2_PLACEMENT_3D ( 'NONE', #1234, #2613, #4346 ) ;
#993 = VERTEX_POINT ( 'NONE', #5556 ) ;
#994 = EDGE_CURVE ( 'NONE', #3742, #2278, #373, .T. ) ;
#995 = ORIENTED_EDGE ( 'NONE', *, *, #1694, .T. ) ;
#996 = ORIENTED_EDGE ( 'NONE', *, *, #1956, .F. ) ;
#997 = ORIENTED_EDGE ( 'NONE', *, *, #4114, .F. ) ;
#998 = ADVANCED_FACE ( 'NONE', ( #27 ), #5167, .F. ) ;
#999 = AXIS2_PLACEMENT_3D ( 'NONE', #4226, #3359, #1472 ) ;
#1000 = CARTESIAN_POINT ( 'NONE',  ( -18.53439193672101837, 7.860871604808695068, -10.00000000000000000 ) ) ;
#1001 = AXIS2_PLACEMENT_3D ( 'NONE', #2522, #4914, #1177 ) ;
#1002 = VERTEX_POINT ( 'NONE', #2973 ) ;
#1003 = DIRECTION ( 'NONE',  ( 0.000000000000000000, -0.000000000000000000, 1.000000000000000000 ) ) ;
#1004 = VERTEX_POINT ( 'NONE', #4715 ) ;
#1005 = DIRECTION ( 'NONE',  ( 0.000000000000000000, -0.000000000000000000, 1.000000000000000000 ) ) ;
#1006 = LINE ( 'NONE', #1830, #619 ) ;
#1007 = CARTESIAN_POINT ( 'NONE',  ( 18.81871354321296153, 7.304287178075896669, -10.00000000000000000 ) ) ;
#1008 = DIRECTION ( 'NONE',  ( 0.000000000000000000, 0.000000000000000000, 1.000000000000000000 ) ) ;
#1009 = VECTOR ( 'NONE', #1800, 1000.000000000000000 ) ;
#1010 = DIRECTION ( 'NONE',  ( 0.8412535328311886440, -0.5406408174555860091, 0.000000000000000000 ) ) ;
#1011 = FACE_OUTER_BOUND ( 'NONE', #2676, .T. ) ;
#1012 = VERTEX_POINT ( 'NONE', #707 ) ;
#1013 = CARTESIAN_POINT ( 'NONE',  ( 0.000000000000000000, 0.000000000000000000, -10.00000000000000000 ) ) ;
#1014 = LINE ( 'NONE', #5082, #3034 ) ;
#1015 = CYLINDRICAL_SURFACE ( 'NONE', #984, 0.6250000000000005551 ) ;
#1016 = VERTEX_POINT ( 'NONE', #2862 ) ;
#1017 = DIRECTION ( 'NONE',  ( -0.8412535328311886440, 0.5406408174555861201, 0.000000000000000000 ) ) ;
#1018 = ORIENTED_EDGE ( 'NONE', *, *, #4396, .F. ) ;
#1019 = ORIENTED_EDGE ( 'NONE', *, *, #1205, .F. ) ;
#1020 = ORIENTED_EDGE ( 'NONE', *, *, #1520, .F. ) ;
#1021 = CIRCLE ( 'NONE', #836, 10.00000000000000000 ) ;
#1022 = LINE ( 'NONE', #211, #3832 ) ;
#1023 = AXIS2_PLACEMENT_3D ( 'NONE', #339, #2993, #5690 ) ;
#1024 = VERTEX_POINT ( 'NONE', #4267 ) ;
#1025 = AXIS2_PLACEMENT_3D ( 'NONE', #3167, #1397, #1892 ) ;
#1026 = EDGE_CURVE ( 'NONE', #4046, #3103, #5787, .T. ) ;
#1027 = CARTESIAN_POINT ( 'NONE',  ( -2.820749999999999424, -23.83366042884517100, 10.00000000000000000 ) ) ;
#1028 = PLANE ( 'NONE',  #3094 ) ;
#1029 = DIRECTION ( 'NONE',  ( 1.000000000000000000, 0.000000000000000000, 0.000000000000000000 ) ) ;
#1030 = EDGE_CURVE ( 'NONE', #4470, #963, #5405, .T. ) ;
#1031 = DIRECTION ( 'NONE',  ( 0.000000000000000000, 0.000000000000000000, 1.000000000000000000 ) ) ;
#1032 = CARTESIAN_POINT ( 'NONE',  ( -19.84203074598160299, 3.407462799033540435, -10.00000000000000000 ) ) ;
#1033 = DIRECTION ( 'NONE',  ( 1.000000000000000000, 0.000000000000000000, 0.000000000000000000 ) ) ;
#1034 = ADVANCED_FACE ( 'NONE', ( #5194 ), #5614, .F. ) ;
#1035 = FACE_OUTER_BOUND ( 'NONE', #1075, .T. ) ;
#1036 = VERTEX_POINT ( 'NONE', #1623 ) ;
#1037 = DIRECTION ( 'NONE',  ( 0.6548607339452783282, 0.7557495743542641531, 0.000000000000000000 ) ) ;
#1038 = CIRCLE ( 'NONE', #5209, 4.499999999999998224 ) ;
#1039 = AXIS2_PLACEMENT_3D ( 'NONE', #4353, #4892, #3458 ) ;
#1040 = CARTESIAN_POINT ( 'NONE',  ( -19.22339234480599401, -3.318516025112876466, 10.00000000000000000 ) ) ;
#1041 = DIRECTION ( 'NONE',  ( -0.000000000000000000, 0.000000000000000000, 1.000000000000000000 ) ) ;
#1042 = VERTEX_POINT ( 'NONE', #2504 ) ;
#1043 = EDGE_CURVE ( 'NONE', #2165, #2545, #3877, .T. ) ;
#1044 = CARTESIAN_POINT ( 'NONE',  ( 23.99250271103941756, 0.5998446972061260984, 10.00000000000000000 ) ) ;
#1045 = CIRCLE ( 'NONE', #4737, 0.6249999999999995559 ) ;
#1046 = ORIENTED_EDGE ( 'NONE', *, *, #5503, .T. ) ;
#1047 = ORIENTED_EDGE ( 'NONE', *, *, #3752, .T. ) ;
#1048 = ORIENTED_EDGE ( 'NONE', *, *, #3336, .T. ) ;
#1049 = AXIS2_PLACEMENT_3D ( 'NONE', #4289, #2467, #612 ) ;
#1050 = CARTESIAN_POINT ( 'NONE',  ( 16.16508030912727634, 17.73950897289622475, -10.00000000000000000 ) ) ;
#1051 = CIRCLE ( 'NONE', #4466, 4.499999999999999112 ) ;
#1052 = DIRECTION ( 'NONE',  ( -0.8412535328311857574, 0.5406408174555905610, 0.000000000000000000 ) ) ;
#1053 = ORIENTED_EDGE ( 'NONE', *, *, #4991, .F. ) ;
#1054 = DIRECTION ( 'NONE',  ( 0.1423148382732818129, 0.9898214418809332393, 0.000000000000000000 ) ) ;
#1055 = ORIENTED_EDGE ( 'NONE', *, *, #1361, .F. ) ;
#1056 = CARTESIAN_POINT ( 'NONE',  ( -15.77102493137133621, 14.05443027004727341, -10.00000000000000000 ) ) ;
#1057 = DIRECTION ( 'NONE',  ( -0.4154150130018905984, 0.9096319953545164427, 0.000000000000000000 ) ) ;
#1058 = DIRECTION ( 'NONE',  ( -0.000000000000000000, -0.000000000000000000, 1.000000000000000000 ) ) ;
#1059 = VECTOR ( 'NONE', #3681, 1000.000000000000000 ) ;
#1060 = CARTESIAN_POINT ( 'NONE',  ( -9.908122240928811664, -17.58765772523796755, -10.00000000000000000 ) ) ;
#1061 = CYLINDRICAL_SURFACE ( 'NONE', #222, 4.500000000000000888 ) ;
#1062 = AXIS2_PLACEMENT_3D ( 'NONE', #1342, #3471, #4876 ) ;
#1063 = CYLINDRICAL_SURFACE ( 'NONE', #3575, 4.499999999999997335 ) ;
#1064 = VERTEX_POINT ( 'NONE', #5254 ) ;
#1065 = CARTESIAN_POINT ( 'NONE',  ( 0.5489643442671610085, -19.50000000000000000, -10.00000000000000000 ) ) ;
#1066 = CARTESIAN_POINT ( 'NONE',  ( -19.09177818327986387, 9.041915914340068028, -10.00000000000000000 ) ) ;
#1067 = DIRECTION ( 'NONE',  ( -0.000000000000000000, 0.000000000000000000, -1.000000000000000000 ) ) ;
#1068 = ORIENTED_EDGE ( 'NONE', *, *, #4812, .F. ) ;
#1069 = DIRECTION ( 'NONE',  ( -0.000000000000000000, -0.000000000000000000, 1.000000000000000000 ) ) ;
#1070 = VERTEX_POINT ( 'NONE', #2090 ) ;
#1071 = ORIENTED_EDGE ( 'NONE', *, *, #2498, .T. ) ;
#1072 = DIRECTION ( 'NONE',  ( 0.000000000000000000, 0.000000000000000000, 1.000000000000000000 ) ) ;
#1073 = VECTOR ( 'NONE', #5889, 1000.000000000000000 ) ;
#1074 = AXIS2_PLACEMENT_3D ( 'NONE', #5353, #2162, #5773 ) ;
#1075 = EDGE_LOOP ( 'NONE', ( #5300, #784, #3595, #2529 ) ) ;
#1076 = EDGE_CURVE ( 'NONE', #396, #4968, #3315, .T. ) ;
#1077 = VECTOR ( 'NONE', #2515, 1000.000000000000000 ) ;
#1078 = LINE ( 'NONE', #4474, #1977 ) ;
#1079 = AXIS2_PLACEMENT_3D ( 'NONE', #5258, #1067, #2867 ) ;
#1080 = DIRECTION ( 'NONE',  ( 0.000000000000000000, 0.000000000000000000, 1.000000000000000000 ) ) ;
#1081 = ORIENTED_EDGE ( 'NONE', *, *, #2817, .F. ) ;
#1082 = LINE ( 'NONE', #4620, #2464 ) ;
#1083 = ORIENTED_EDGE ( 'NONE', *, *, #915, .T. ) ;
#1084 = DIRECTION ( 'NONE',  ( 0.000000000000000000, 0.000000000000000000, -1.000000000000000000 ) ) ;
#1085 = VECTOR ( 'NONE', #3965, 1000.000000000000000 ) ;
#1086 = EDGE_CURVE ( 'NONE', #40, #3562, #1038, .T. ) ;
#1087 = VECTOR ( 'NONE', #5187, 1000.000000000000000 ) ;
#1088 = EDGE_CURVE ( 'NONE', #3830, #4839, #677, .T. ) ;
#1089 = CARTESIAN_POINT ( 'NONE',  ( -19.22339234480599401, -3.318516025112876466, 10.00000000000000000 ) ) ;
#1090 = CARTESIAN_POINT ( 'NONE',  ( 0.000000000000000000, 0.000000000000000000, 10.00000000000000000 ) ) ;
#1091 = DIRECTION ( 'NONE',  ( -0.000000000000000000, 0.000000000000000000, 1.000000000000000000 ) ) ;
#1092 = CARTESIAN_POINT ( 'NONE',  ( 14.84996499048298624, -13.59395184016429958, -10.00000000000000000 ) ) ;
#1093 = LINE ( 'NONE', #4265, #3764 ) ;
#1094 = ORIENTED_EDGE ( 'NONE', *, *, #50, .T. ) ;
#1095 = DIRECTION ( 'NONE',  ( -0.4154150130018844367, -0.9096319953545193293, 0.000000000000000000 ) ) ;
#1096 = AXIS2_PLACEMENT_3D ( 'NONE', #3217, #49, #3610 ) ;
#1097 = CIRCLE ( 'NONE', #5179, 0.6249999999999995559 ) ;
#1098 = FACE_OUTER_BOUND ( 'NONE', #2572, .T. ) ;
#1099 = EDGE_CURVE ( 'NONE', #5588, #2366, #1794, .T. ) ;
#1100 = CARTESIAN_POINT ( 'NONE',  ( -19.84203074598160299, 3.407462799033540435, -10.00000000000000000 ) ) ;
#1101 = ORIENTED_EDGE ( 'NONE', *, *, #5577, .F. ) ;
#1102 = LINE ( 'NONE', #5650, #4060 ) ;
#1103 = VERTEX_POINT ( 'NONE', #2446 ) ;
#1104 = ADVANCED_FACE ( 'NONE', ( #1505 ), #2530, .F. ) ;
#1105 = DIRECTION ( 'NONE',  ( 0.000000000000000000, 0.000000000000000000, 1.000000000000000000 ) ) ;
#1106 = ORIENTED_EDGE ( 'NONE', *, *, #1720, .F. ) ;
#1107 = ADVANCED_FACE ( 'NONE', ( #200 ), #3820, .F. ) ;
#1108 = CYLINDRICAL_SURFACE ( 'NONE', #3304, 0.6249999999999998890 ) ;
#1109 = DIRECTION ( 'NONE',  ( 0.000000000000000000, -0.000000000000000000, 1.000000000000000000 ) ) ;
#1110 = ORIENTED_EDGE ( 'NONE', *, *, #3079, .T. ) ;
#1111 = CARTESIAN_POINT ( 'NONE',  ( -19.33587997703277850, 8.507407543743278566, -10.00000000000000000 ) ) ;
#1112 = ORIENTED_EDGE ( 'NONE', *, *, #4007, .F. ) ;
#1113 = LINE ( 'NONE', #4735, #5099 ) ;
#1114 = DIRECTION ( 'NONE',  ( 1.000000000000000000, 0.000000000000000000, 0.000000000000000000 ) ) ;
#1115 = LINE ( 'NONE', #5130, #5128 ) ;
#1116 = VECTOR ( 'NONE', #1473, 1000.000000000000000 ) ;
#1117 = DIRECTION ( 'NONE',  ( 0.8412535328311886440, -0.5406408174555860091, 0.000000000000000000 ) ) ;
#1118 = CYLINDRICAL_SURFACE ( 'NONE', #805, 0.6250000000000005551 ) ;
#1119 = CARTESIAN_POINT ( 'NONE',  ( 11.00431413439739003, -16.10765135836936679, -10.00000000000000000 ) ) ;
#1120 = ORIENTED_EDGE ( 'NONE', *, *, #4578, .F. ) ;
#1121 = FACE_OUTER_BOUND ( 'NONE', #2414, .T. ) ;
#1122 = CARTESIAN_POINT ( 'NONE',  ( -14.37762150651147763, 13.18466388144860346, -10.00000000000000000 ) ) ;
#1123 = DIRECTION ( 'NONE',  ( 1.000000000000000000, -0.000000000000000000, 0.000000000000000000 ) ) ;
#1124 = ORIENTED_EDGE ( 'NONE', *, *, #4564, .T. ) ;
#1125 = LINE ( 'NONE', #3885, #3526 ) ;
#1126 = ORIENTED_EDGE ( 'NONE', *, *, #3720, .F. ) ;
#1127 = CIRCLE ( 'NONE', #3782, 4.499999999999999112 ) ;
#1128 = ADVANCED_FACE ( 'NONE', ( #1121 ), #3398, .F. ) ;
#1129 = AXIS2_PLACEMENT_3D ( 'NONE', #4955, #602, #2847 ) ;
#1130 = DIRECTION ( 'NONE',  ( -0.6548607339452783282, -0.7557495743542641531, 0.000000000000000000 ) ) ;
#1131 = EDGE_CURVE ( 'NONE', #4281, #387, #1229, .T. ) ;
#1132 = ORIENTED_EDGE ( 'NONE', *, *, #5062, .F. ) ;
#1133 = AXIS2_PLACEMENT_3D ( 'NONE', #2215, #3611, #5042 ) ;
#1134 = VECTOR ( 'NONE', #4874, 1000.000000000000000 ) ;
#1135 = CARTESIAN_POINT ( 'NONE',  ( -15.99856791459350269, -12.31025650762201096, -10.00000000000000000 ) ) ;
#1136 = DIRECTION ( 'NONE',  ( 0.000000000000000000, -0.000000000000000000, 1.000000000000000000 ) ) ;
#1137 = EDGE_LOOP ( 'NONE', ( #543, #1068, #4814, #3298 ) ) ;
#1138 = EDGE_CURVE ( 'NONE', #2779, #3630, #1976, .T. ) ;
#1139 = CARTESIAN_POINT ( 'NONE',  ( 10.41857825728057030, 17.22701988006623708, -10.00000000000000000 ) ) ;
#1140 = ORIENTED_EDGE ( 'NONE', *, *, #2189, .T. ) ;
#1141 = DIRECTION ( 'NONE',  ( 0.000000000000000000, -0.000000000000000000, 1.000000000000000000 ) ) ;
#1142 = EDGE_CURVE ( 'NONE', #4189, #4864, #84, .T. ) ;
#1143 = AXIS2_PLACEMENT_3D ( 'NONE', #790, #4887, #4411 ) ;
#1144 = PLANE ( 'NONE',  #2495 ) ;
#1145 = LINE ( 'NONE', #669, #3603 ) ;
#1146 = ADVANCED_FACE ( 'NONE', ( #1653 ), #2688, .F. ) ;
#1147 = AXIS2_PLACEMENT_3D ( 'NONE', #111, #2411, #4290 ) ;
#1148 = DIRECTION ( 'NONE',  ( 0.000000000000000000, 0.000000000000000000, 1.000000000000000000 ) ) ;
#1149 = DIRECTION ( 'NONE',  ( -0.000000000000000000, -0.000000000000000000, 1.000000000000000000 ) ) ;
#1150 = EDGE_CURVE ( 'NONE', #387, #4281, #4927, .T. ) ;
#1151 = CARTESIAN_POINT ( 'NONE',  ( 17.50977587920169398, 8.599948285391217695, 10.00000000000000000 ) ) ;
#1152 = CIRCLE ( 'NONE', #291, 0.6249999999999993339 ) ;
#1153 = VERTEX_POINT ( 'NONE', #1243 ) ;
#1154 = CARTESIAN_POINT ( 'NONE',  ( 19.99828228972592470, 2.320709441466345613, 10.00000000000000000 ) ) ;
#1155 = LINE ( 'NONE', #5169, #5046 ) ;
#1156 = AXIS2_PLACEMENT_3D ( 'NONE', #3346, #2036, #3740 ) ;
#1157 = CARTESIAN_POINT ( 'NONE',  ( 5.669031769813693167, -20.34979892761597142, -10.00000000000000000 ) ) ;
#1158 = ORIENTED_EDGE ( 'NONE', *, *, #4701, .T. ) ;
#1159 = EDGE_CURVE ( 'NONE', #5588, #4216, #848, .T. ) ;
#1160 = DIRECTION ( 'NONE',  ( -0.000000000000000000, -0.000000000000000000, 1.000000000000000000 ) ) ;
#1161 = ORIENTED_EDGE ( 'NONE', *, *, #5683, .T. ) ;
#1162 = EDGE_CURVE ( 'NONE', #390, #3482, #3551, .T. ) ;
#1163 = DIRECTION ( 'NONE',  ( 0.9594929736145006993, -0.2817325568414185688, 0.000000000000000000 ) ) ;
#1164 = EDGE_LOOP ( 'NONE', ( #3269, #2649, #239, #2135 ) ) ;
#1165 = EDGE_CURVE ( 'NONE', #2075, #3432, #2563, .T. ) ;
#1166 = CARTESIAN_POINT ( 'NONE',  ( -14.37762150651147763, 13.18466388144860346, -10.00000000000000000 ) ) ;
#1167 = DIRECTION ( 'NONE',  ( 1.000000000000000000, 0.000000000000000000, 0.000000000000000000 ) ) ;
#1168 = EDGE_CURVE ( 'NONE', #368, #1624, #3069, .T. ) ;
#1169 = ORIENTED_EDGE ( 'NONE', *, *, #1099, .T. ) ;
#1170 = AXIS2_PLACEMENT_3D ( 'NONE', #2709, #2295, #5066 ) ;
#1171 = DIRECTION ( 'NONE',  ( 0.6548607339452842124, 0.7557495743542590461, 0.000000000000000000 ) ) ;
#1172 = EDGE_LOOP ( 'NONE', ( #5267, #4932, #4734, #1244 ) ) ;
#1173 = CIRCLE ( 'NONE', #3731, 0.6249999999999993339 ) ;
#1174 = DIRECTION ( 'NONE',  ( 0.4154150130018969267, -0.9096319953545135562, 0.000000000000000000 ) ) ;
#1175 = CIRCLE ( 'NONE', #1369, 0.6249999999999993339 ) ;
#1176 =( GEOMETRIC_REPRESENTATION_CONTEXT ( 3 ) GLOBAL_UNCERTAINTY_ASSIGNED_CONTEXT ( ( #3521 ) ) GLOBAL_UNIT_ASSIGNED_CONTEXT ( ( #3418, #758, #4438 ) ) REPRESENTATION_CONTEXT ( 'NONE', 'WORKASPACE' ) );
#1177 = DIRECTION ( 'NONE',  ( -0.4154150130018906539, 0.9096319953545164427, 0.000000000000000000 ) ) ;
#1178 = DIRECTION ( 'NONE',  ( 0.9594929736144951482, 0.2817325568414370540, 0.000000000000000000 ) ) ;
#1179 = ORIENTED_EDGE ( 'NONE', *, *, #533, .F. ) ;
#1180 = EDGE_CURVE ( 'NONE', #2625, #490, #4828, .T. ) ;
#1181 = AXIS2_PLACEMENT_3D ( 'NONE', #3065, #4919, #377 ) ;
#1182 = CARTESIAN_POINT ( 'NONE',  ( 17.96587193962449902, -7.601237221682385581, 10.00000000000000000 ) ) ;
#1183 = DIRECTION ( 'NONE',  ( 0.000000000000000000, 0.000000000000000000, 1.000000000000000000 ) ) ;
#1184 = CYLINDRICAL_SURFACE ( 'NONE', #4532, 17.50000000000000355 ) ;
#1185 = ORIENTED_EDGE ( 'NONE', *, *, #4126, .T. ) ;
#1186 = DIRECTION ( 'NONE',  ( -0.000000000000000000, 0.000000000000000000, -1.000000000000000000 ) ) ;
#1187 = ORIENTED_EDGE ( 'NONE', *, *, #2918, .F. ) ;
#1188 = CARTESIAN_POINT ( 'NONE',  ( -16.15582729722522970, -13.61034466660522391, -10.00000000000000000 ) ) ;
#1189 = CARTESIAN_POINT ( 'NONE',  ( 19.85947713967995654, -13.47594774917629223, 10.00000000000000000 ) ) ;
#1190 = ORIENTED_EDGE ( 'NONE', *, *, #118, .T. ) ;
#1191 = DIRECTION ( 'NONE',  ( 1.000000000000000000, 0.000000000000000000, 0.000000000000000000 ) ) ;
#1192 = EDGE_LOOP ( 'NONE', ( #2640, #1278, #3921, #5007 ) ) ;
#1193 = CARTESIAN_POINT ( 'NONE',  ( 23.99250271103941756, 0.5998446972061260984, -10.00000000000000000 ) ) ;
#1194 = ORIENTED_EDGE ( 'NONE', *, *, #3518, .F. ) ;
#1195 = EDGE_CURVE ( 'NONE', #1002, #1547, #4550, .T. ) ;
#1196 = DIRECTION ( 'NONE',  ( 0.000000000000000000, 0.000000000000000000, 1.000000000000000000 ) ) ;
#1197 = CARTESIAN_POINT ( 'NONE',  ( -14.22496499048279084, -13.59395184016451452, -10.00000000000000000 ) ) ;
#1198 = VERTEX_POINT ( 'NONE', #4895 ) ;
#1199 = ORIENTED_EDGE ( 'NONE', *, *, #2382, .T. ) ;
#1200 = CARTESIAN_POINT ( 'NONE',  ( 4.008228286186045430, -23.66292682670126268, -10.00000000000000000 ) ) ;
#1201 = VERTEX_POINT ( 'NONE', #3998 ) ;
#1202 = CARTESIAN_POINT ( 'NONE',  ( -10.00000000000000000, 1.224646799147353256E-15, 5.000000000000000000 ) ) ;
#1203 = CARTESIAN_POINT ( 'NONE',  ( -17.45329587629832702, -8.859582668517271387, -10.00000000000000000 ) ) ;
#1204 = CARTESIAN_POINT ( 'NONE',  ( -18.07829587629839097, 8.859582668517139936, 10.00000000000000000 ) ) ;
#1205 = EDGE_CURVE ( 'NONE', #3266, #3545, #3497, .T. ) ;
#1206 = ORIENTED_EDGE ( 'NONE', *, *, #2935, .T. ) ;
#1207 = CARTESIAN_POINT ( 'NONE',  ( 14.84996499048269136, 13.59395184016462110, 10.00000000000000000 ) ) ;
#1208 = DIRECTION ( 'NONE',  ( 1.000000000000000000, 0.000000000000000000, 0.000000000000000000 ) ) ;
#1209 = DIRECTION ( 'NONE',  ( 0.000000000000000000, 0.000000000000000000, -1.000000000000000000 ) ) ;
#1210 = EDGE_CURVE ( 'NONE', #4867, #1042, #4258, .T. ) ;
#1211 = LINE ( 'NONE', #1708, #3658 ) ;
#1212 = EDGE_CURVE ( 'NONE', #1465, #3132, #5823, .T. ) ;
#1213 = DIRECTION ( 'NONE',  ( 0.000000000000000000, 0.000000000000000000, 1.000000000000000000 ) ) ;
#1214 = AXIS2_PLACEMENT_3D ( 'NONE', #1910, #3361, #4257 ) ;
#1215 = ORIENTED_EDGE ( 'NONE', *, *, #1920, .T. ) ;
#1216 = CARTESIAN_POINT ( 'NONE',  ( 7.500000000000000000, 0.000000000000000000, -10.00000000000000000 ) ) ;
#1217 = EDGE_CURVE ( 'NONE', #3687, #2259, #1709, .T. ) ;
#1218 = DIRECTION ( 'NONE',  ( 0.4154150130018845477, 0.9096319953545192183, 0.000000000000000000 ) ) ;
#1219 = VERTEX_POINT ( 'NONE', #4863 ) ;
#1220 = PLANE ( 'NONE',  #4723 ) ;
#1221 = VERTEX_POINT ( 'NONE', #4390 ) ;
#1222 = DIRECTION ( 'NONE',  ( -0.000000000000000000, -0.000000000000000000, -1.000000000000000000 ) ) ;
#1223 = ADVANCED_FACE ( 'NONE', ( #4419 ), #319, .F. ) ;
#1224 = ORIENTED_EDGE ( 'NONE', *, *, #5477, .T. ) ;
#1225 = DIRECTION ( 'NONE',  ( 0.000000000000000000, 0.000000000000000000, -1.000000000000000000 ) ) ;
#1226 = VERTEX_POINT ( 'NONE', #2151 ) ;
#1227 = ORIENTED_EDGE ( 'NONE', *, *, #4372, .F. ) ;
#1228 = ORIENTED_EDGE ( 'NONE', *, *, #5754, .T. ) ;
#1229 = CIRCLE ( 'NONE', #1696, 10.00000000000000000 ) ;
#1230 = VECTOR ( 'NONE', #3033, 1000.000000000000000 ) ;
#1231 = DIRECTION ( 'NONE',  ( -0.000000000000000000, -0.000000000000000000, -1.000000000000000000 ) ) ;
#1232 = VERTEX_POINT ( 'NONE', #2623 ) ;
#1233 = DIRECTION ( 'NONE',  ( 0.000000000000000000, 0.000000000000000000, 1.000000000000000000 ) ) ;
#1234 = CARTESIAN_POINT ( 'NONE',  ( 19.84203074598162786, -3.407462799033397438, -10.00000000000000000 ) ) ;
#1235 = LINE ( 'NONE', #3934, #3021 ) ;
#1236 = ORIENTED_EDGE ( 'NONE', *, *, #4521, .T. ) ;
#1237 = CARTESIAN_POINT ( 'NONE',  ( 0.9999999999999997780, 8.499999999999998224, -10.00000000000000000 ) ) ;
#1238 = EDGE_CURVE ( 'NONE', #1671, #3245, #757, .T. ) ;
#1239 = DIRECTION ( 'NONE',  ( 0.000000000000000000, 0.000000000000000000, 1.000000000000000000 ) ) ;
#1240 = AXIS2_PLACEMENT_3D ( 'NONE', #1940, #3307, #2052 ) ;
#1241 = DIRECTION ( 'NONE',  ( -0.6548607339452890974, 0.7557495743542548272, 0.000000000000000000 ) ) ;
#1242 = VERTEX_POINT ( 'NONE', #1271 ) ;
#1243 = CARTESIAN_POINT ( 'NONE',  ( -9.793578257280822541, 17.22701988006608431, -10.00000000000000000 ) ) ;
#1244 = ORIENTED_EDGE ( 'NONE', *, *, #3241, .T. ) ;
#1245 = DIRECTION ( 'NONE',  ( -0.000000000000000000, -0.000000000000000000, 1.000000000000000000 ) ) ;
#1246 = LINE ( 'NONE', #860, #697 ) ;
#1247 = EDGE_LOOP ( 'NONE', ( #5628, #2577, #2, #5145 ) ) ;
#1248 = AXIS2_PLACEMENT_3D ( 'NONE', #1734, #4443, #702 ) ;
#1249 = DIRECTION ( 'NONE',  ( -0.000000000000000000, 0.000000000000000000, 1.000000000000000000 ) ) ;
#1250 = VERTEX_POINT ( 'NONE', #5793 ) ;
#1251 = AXIS2_PLACEMENT_3D ( 'NONE', #5501, #1842, #4580 ) ;
#1252 = DIRECTION ( 'NONE',  ( 0.000000000000000000, -0.000000000000000000, 1.000000000000000000 ) ) ;
#1253 = VERTEX_POINT ( 'NONE', #4448 ) ;
#1254 = CARTESIAN_POINT ( 'NONE',  ( -0.2938047327524923036, -21.12263990084027299, -10.00000000000000000 ) ) ;
#1255 = VERTEX_POINT ( 'NONE', #5371 ) ;
#1256 = CIRCLE ( 'NONE', #4385, 0.6250000000000011102 ) ;
#1257 = EDGE_CURVE ( 'NONE', #1250, #596, #1326, .T. ) ;
#1258 = ORIENTED_EDGE ( 'NONE', *, *, #5817, .T. ) ;
#1259 = CARTESIAN_POINT ( 'NONE',  ( 4.967057427318381180, 18.86477411380793612, -10.00000000000000000 ) ) ;
#1260 = VERTEX_POINT ( 'NONE', #3098 ) ;
#1261 = CARTESIAN_POINT ( 'NONE',  ( -1.000000000000000222, 8.499999999999998224, 10.00000000000000000 ) ) ;
#1262 = DIRECTION ( 'NONE',  ( 1.000000000000000000, 0.000000000000000000, 0.000000000000000000 ) ) ;
#1263 = DIRECTION ( 'NONE',  ( -0.000000000000000000, 0.000000000000000000, -1.000000000000000000 ) ) ;
#1264 = ORIENTED_EDGE ( 'NONE', *, *, #3320, .T. ) ;
#1265 = CARTESIAN_POINT ( 'NONE',  ( -10.41857825728069642, -17.22701988006615892, 10.00000000000000000 ) ) ;
#1266 = VECTOR ( 'NONE', #175, 1000.000000000000000 ) ;
#1267 = PLANE ( 'NONE',  #1181 ) ;
#1268 = ADVANCED_FACE ( 'NONE', ( #2657 ), #4477, .F. ) ;
#1269 = FACE_OUTER_BOUND ( 'NONE', #608, .T. ) ;
#1270 = LINE ( 'NONE', #1651, #3275 ) ;
#1271 = CARTESIAN_POINT ( 'NONE',  ( -10.08067774637095049, -16.70123642204666581, 10.00000000000000000 ) ) ;
#1272 = EDGE_LOOP ( 'NONE', ( #3022, #1758, #1302, #1347, #797, #2923, #2420, #2150, #354, #2395, #850, #2384, #2927, #574, #103, #3465, #1046, #4899, #3746, #1596, #5284, #4645, #3056, #1869, #234, #1876, #179, #1873, #4040, #4581, #3588, #1962, #4266, #3224, #5536, #5825, #1875, #1315, #1304, #3963, #2406, #2200, #4142, #2692, #4824, #2674, #215, #4183, #3656, #1187, #4044, #4757, #4108, #5746, #4412, #5114, #895, #2290, #523, #2516, #1488, #1787, #823, #4018, #3404, #1518, #1990, #4343, #996, #5892, #1018, #1289, #3414, #4102, #5165, #5613, #5233, #2190, #264, #4242, #4148, #2861, #3149, #5890, #1726, #1742, #311, #4348, #4478, #2740, #1907, #782, #3349, #5462, #2690, #1924, #2513, #902, #3772, #9, #4362, #1788, #2128, #178, #1224, #3597, #414, #1848, #227, #3502, #449, #5842, #548, #1552, #1554, #1275, #2161, #3358, #176, #2230, #35, #3037, #94, #1112, #2697, #1611, #905, #3685, #997, #1055, #1348, #1965, #643, #3375, #458, #3529, #237, #2228, #1436, #5487, #4542, #1574, #2549, #5701, #4408, #4951, #592, #3035, #2232, #3650, #1379, #4993, #1427 ) ) ;
#1273 = CARTESIAN_POINT ( 'NONE',  ( -20.86582910995580420, -3.296879305597673060, -10.00000000000000000 ) ) ;
#1274 = DIRECTION ( 'NONE',  ( -0.9594929736145013655, 0.2817325568414162373, 0.000000000000000000 ) ) ;
#1275 = ORIENTED_EDGE ( 'NONE', *, *, #4331, .F. ) ;
#1276 = CIRCLE ( 'NONE', #2784, 0.6249999999999993339 ) ;
#1277 = DIRECTION ( 'NONE',  ( -0.000000000000000000, -0.000000000000000000, -1.000000000000000000 ) ) ;
#1278 = ORIENTED_EDGE ( 'NONE', *, *, #22, .T. ) ;
#1279 = AXIS2_PLACEMENT_3D ( 'NONE', #2438, #636, #2496 ) ;
#1280 = ADVANCED_FACE ( 'NONE', ( #76 ), #2352, .F. ) ;
#1281 = CARTESIAN_POINT ( 'NONE',  ( 0.000000000000000000, 0.000000000000000000, 10.00000000000000000 ) ) ;
#1282 = ORIENTED_EDGE ( 'NONE', *, *, #545, .T. ) ;
#1283 = DIRECTION ( 'NONE',  ( 1.000000000000000000, 0.000000000000000000, 0.000000000000000000 ) ) ;
#1284 = ORIENTED_EDGE ( 'NONE', *, *, #4826, .F. ) ;
#1285 = ADVANCED_FACE ( 'NONE', ( #2329 ), #5074, .F. ) ;
#1286 = VERTEX_POINT ( 'NONE', #4063 ) ;
#1287 = AXIS2_PLACEMENT_3D ( 'NONE', #1877, #1853, #906 ) ;
#1288 = DIRECTION ( 'NONE',  ( 0.6548607339452835463, 0.7557495743542594901, 0.000000000000000000 ) ) ;
#1289 = ORIENTED_EDGE ( 'NONE', *, *, #3046, .F. ) ;
#1290 = CARTESIAN_POINT ( 'NONE',  ( 18.07829587629825951, 8.859582668517404613, -10.00000000000000000 ) ) ;
#1291 = EDGE_CURVE ( 'NONE', #3204, #3503, #1888, .T. ) ;
#1292 = DIRECTION ( 'NONE',  ( 1.000000000000000000, 0.000000000000000000, 0.000000000000000000 ) ) ;
#1293 = EDGE_LOOP ( 'NONE', ( #5734, #4908, #3737, #4425 ) ) ;
#1294 = CARTESIAN_POINT ( 'NONE',  ( -11.17259703341971111, -17.92833827019052961, -10.00000000000000000 ) ) ;
#1295 = DIRECTION ( 'NONE',  ( 0.8412535328311890881, -0.5406408174555853430, 0.000000000000000000 ) ) ;
#1296 = FACE_OUTER_BOUND ( 'NONE', #121, .T. ) ;
#1297 = VERTEX_POINT ( 'NONE', #5015 ) ;
#1298 = DIRECTION ( 'NONE',  ( -0.1423148382732747630, -0.9898214418809341275, 0.000000000000000000 ) ) ;
#1299 = ORIENTED_EDGE ( 'NONE', *, *, #1774, .F. ) ;
#1300 = CARTESIAN_POINT ( 'NONE',  ( 17.50977587920169398, 8.599948285391217695, -10.00000000000000000 ) ) ;
#1301 = CARTESIAN_POINT ( 'NONE',  ( 0.5489643442671610085, -19.50000000000000000, -10.00000000000000000 ) ) ;
#1302 = ORIENTED_EDGE ( 'NONE', *, *, #2974, .T. ) ;
#1303 = DIRECTION ( 'NONE',  ( 0.000000000000000000, 0.000000000000000000, 1.000000000000000000 ) ) ;
#1304 = ORIENTED_EDGE ( 'NONE', *, *, #3226, .F. ) ;
#1305 = AXIS2_PLACEMENT_3D ( 'NONE', #274, #2582, #4381 ) ;
#1306 = FACE_OUTER_BOUND ( 'NONE', #5392, .T. ) ;
#1307 = AXIS2_PLACEMENT_3D ( 'NONE', #3994, #2119, #2056 ) ;
#1308 = CARTESIAN_POINT ( 'NONE',  ( 6.803424637022762234, -19.00552561255969408, -10.00000000000000000 ) ) ;
#1309 = VECTOR ( 'NONE', #2734, 1000.000000000000000 ) ;
#1310 = ORIENTED_EDGE ( 'NONE', *, *, #645, .T. ) ;
#1311 = DIRECTION ( 'NONE',  ( -0.000000000000000000, -1.000000000000000000, -0.000000000000000000 ) ) ;
#1312 = EDGE_CURVE ( 'NONE', #243, #1816, #4643, .T. ) ;
#1313 = ORIENTED_EDGE ( 'NONE', *, *, #4958, .T. ) ;
#1314 = EDGE_LOOP ( 'NONE', ( #1126, #3301, #2925, #515 ) ) ;
#1315 = ORIENTED_EDGE ( 'NONE', *, *, #2217, .T. ) ;
#1316 = DIRECTION ( 'NONE',  ( -0.9594929736144992560, 0.2817325568414232317, 0.000000000000000000 ) ) ;
#1317 = EDGE_LOOP ( 'NONE', ( #1699, #5147, #273, #765 ) ) ;
#1318 = CARTESIAN_POINT ( 'NONE',  ( -18.81871354321301126, -7.304287178075758113, -10.00000000000000000 ) ) ;
#1319 = FACE_OUTER_BOUND ( 'NONE', #1679, .T. ) ;
#1320 = AXIS2_PLACEMENT_3D ( 'NONE', #1481, #1945, #1894 ) ;
#1321 = CIRCLE ( 'NONE', #1795, 4.499999999999999112 ) ;
#1322 = VERTEX_POINT ( 'NONE', #2798 ) ;
#1323 = FACE_OUTER_BOUND ( 'NONE', #4423, .T. ) ;
#1324 = CARTESIAN_POINT ( 'NONE',  ( -5.669031769813693167, -20.34979892761597142, -10.00000000000000000 ) ) ;
#1325 = ADVANCED_FACE ( 'NONE', ( #470 ), #3161, .T. ) ;
#1326 = CIRCLE ( 'NONE', #5894, 4.499999999999999112 ) ;
#1327 = VECTOR ( 'NONE', #4756, 1000.000000000000000 ) ;
#1328 = FACE_OUTER_BOUND ( 'NONE', #2053, .T. ) ;
#1329 = DIRECTION ( 'NONE',  ( 0.4154150130018969267, -0.9096319953545135562, 0.000000000000000000 ) ) ;
#1330 = ORIENTED_EDGE ( 'NONE', *, *, #4669, .F. ) ;
#1331 = CARTESIAN_POINT ( 'NONE',  ( -15.56895537727596590, -12.76419270113337490, -10.00000000000000000 ) ) ;
#1332 = EDGE_CURVE ( 'NONE', #4138, #565, #4177, .T. ) ;
#1333 = ADVANCED_FACE ( 'NONE', ( #1390 ), #4569, .F. ) ;
#1334 = CARTESIAN_POINT ( 'NONE',  ( 17.50000000000000355, 2.143131898507868643E-15, -10.00000000000000000 ) ) ;
#1335 = ORIENTED_EDGE ( 'NONE', *, *, #855, .T. ) ;
#1336 = DIRECTION ( 'NONE',  ( 0.6548607339452836573, 0.7557495743542594901, 0.000000000000000000 ) ) ;
#1337 = EDGE_LOOP ( 'NONE', ( #2122, #587, #4440, #4792 ) ) ;
#1338 = DIRECTION ( 'NONE',  ( 0.000000000000000000, 0.000000000000000000, -1.000000000000000000 ) ) ;
#1339 = CARTESIAN_POINT ( 'NONE',  ( 0.000000000000000000, 0.000000000000000000, -10.00000000000000000 ) ) ;
#1340 = VECTOR ( 'NONE', #3698, 1000.000000000000000 ) ;
#1341 = VERTEX_POINT ( 'NONE', #5097 ) ;
#1342 = CARTESIAN_POINT ( 'NONE',  ( 0.000000000000000000, 0.000000000000000000, 10.00000000000000000 ) ) ;
#1343 = EDGE_CURVE ( 'NONE', #4144, #4285, #2716, .T. ) ;
#1344 = ORIENTED_EDGE ( 'NONE', *, *, #3262, .T. ) ;
#1345 = VECTOR ( 'NONE', #1895, 1000.000000000000000 ) ;
#1346 = VERTEX_POINT ( 'NONE', #1419 ) ;
#1347 = ORIENTED_EDGE ( 'NONE', *, *, #1535, .F. ) ;
#1348 = ORIENTED_EDGE ( 'NONE', *, *, #5244, .F. ) ;
#1349 = EDGE_CURVE ( 'NONE', #904, #513, #5691, .T. ) ;
#1350 = AXIS2_PLACEMENT_3D ( 'NONE', #1188, #3006, #3101 ) ;
#1351 = PRODUCT_CONTEXT ( 'NONE', #720, 'mechanical' ) ;
#1352 = CIRCLE ( 'NONE', #127, 0.6250000000000001110 ) ;
#1353 = EDGE_CURVE ( 'NONE', #887, #2095, #3310, .T. ) ;
#1354 = CARTESIAN_POINT ( 'NONE',  ( 4.008228286186045430, -23.66292682670126268, 10.00000000000000000 ) ) ;
#1355 = FACE_OUTER_BOUND ( 'NONE', #3467, .T. ) ;
#1356 = ORIENTED_EDGE ( 'NONE', *, *, #3824, .F. ) ;
#1357 = CARTESIAN_POINT ( 'NONE',  ( 19.78030504245128185, -4.029407280095559152, 10.00000000000000000 ) ) ;
#1358 = DIRECTION ( 'NONE',  ( -0.7557495743542642641, 0.6548607339452782172, 0.000000000000000000 ) ) ;
#1359 = CARTESIAN_POINT ( 'NONE',  ( -20.50807819456732872, -12.46670480782761459, -10.00000000000000000 ) ) ;
#1360 = CARTESIAN_POINT ( 'NONE',  ( 20.86582910995585038, -3.296879305597371967, -10.00000000000000000 ) ) ;
#1361 = EDGE_CURVE ( 'NONE', #2206, #2260, #3115, .T. ) ;
#1362 = DIRECTION ( 'NONE',  ( 1.000000000000000000, 0.000000000000000000, 0.000000000000000000 ) ) ;
#1363 = CARTESIAN_POINT ( 'NONE',  ( 5.669031769813693167, -20.34979892761597142, 10.00000000000000000 ) ) ;
#1364 = CARTESIAN_POINT ( 'NONE',  ( -11.66692557220121351, 17.61065260841501612, 10.00000000000000000 ) ) ;
#1365 = ORIENTED_EDGE ( 'NONE', *, *, #4282, .T. ) ;
#1366 = AXIS2_PLACEMENT_3D ( 'NONE', #5626, #2903, #2019 ) ;
#1367 = ADVANCED_FACE ( 'NONE', ( #5493 ), #4650, .T. ) ;
#1368 = CARTESIAN_POINT ( 'NONE',  ( 11.17259703341996691, -17.92833827019036974, -10.00000000000000000 ) ) ;
#1369 = AXIS2_PLACEMENT_3D ( 'NONE', #2693, #4132, #3221 ) ;
#1370 = ORIENTED_EDGE ( 'NONE', *, *, #554, .T. ) ;
#1371 = DIRECTION ( 'NONE',  ( -0.000000000000000000, -0.000000000000000000, 1.000000000000000000 ) ) ;
#1372 = DIRECTION ( 'NONE',  ( -0.000000000000000000, -0.000000000000000000, 1.000000000000000000 ) ) ;
#1373 = AXIS2_PLACEMENT_3D ( 'NONE', #3516, #4798, #5276 ) ;
#1374 = ORIENTED_EDGE ( 'NONE', *, *, #2805, .F. ) ;
#1375 = DIRECTION ( 'NONE',  ( 1.000000000000000000, 0.000000000000000000, 0.000000000000000000 ) ) ;
#1376 = ORIENTED_EDGE ( 'NONE', *, *, #3869, .F. ) ;
#1377 = ORIENTED_EDGE ( 'NONE', *, *, #113, .F. ) ;
#1378 = EDGE_LOOP ( 'NONE', ( #740, #1227, #3178, #206 ) ) ;
#1379 = ORIENTED_EDGE ( 'NONE', *, *, #5510, .F. ) ;
#1380 = DIRECTION ( 'NONE',  ( 1.000000000000000000, 0.000000000000000000, 0.000000000000000000 ) ) ;
#1381 = DIRECTION ( 'NONE',  ( 1.000000000000000000, 0.000000000000000000, 0.000000000000000000 ) ) ;
#1382 = DIRECTION ( 'NONE',  ( 0.8412535328311885330, -0.5406408174555862312, 0.000000000000000000 ) ) ;
#1383 = VECTOR ( 'NONE', #4598, 1000.000000000000000 ) ;
#1384 = ORIENTED_EDGE ( 'NONE', *, *, #747, .T. ) ;
#1385 = DIRECTION ( 'NONE',  ( -0.000000000000000000, -0.000000000000000000, 1.000000000000000000 ) ) ;
#1386 = DIRECTION ( 'NONE',  ( 1.000000000000000000, 0.000000000000000000, 0.000000000000000000 ) ) ;
#1387 = CARTESIAN_POINT ( 'NONE',  ( -17.50977587920181477, 8.599948285390961900, -10.00000000000000000 ) ) ;
#1388 = EDGE_CURVE ( 'NONE', #731, #1253, #579, .T. ) ;
#1389 = CARTESIAN_POINT ( 'NONE',  ( 0.5489643442671610085, -19.50000000000000000, -10.00000000000000000 ) ) ;
#1390 = FACE_OUTER_BOUND ( 'NONE', #3878, .T. ) ;
#1391 = EDGE_CURVE ( 'NONE', #1905, #1547, #1886, .T. ) ;
#1392 = DIRECTION ( 'NONE',  ( 0.000000000000000000, 0.000000000000000000, 1.000000000000000000 ) ) ;
#1393 = DIRECTION ( 'NONE',  ( 0.000000000000000000, -0.000000000000000000, 1.000000000000000000 ) ) ;
#1394 = ORIENTED_EDGE ( 'NONE', *, *, #2928, .F. ) ;
#1395 = EDGE_CURVE ( 'NONE', #5427, #3687, #2641, .T. ) ;
#1396 = EDGE_CURVE ( 'NONE', #2372, #1012, #567, .T. ) ;
#1397 = DIRECTION ( 'NONE',  ( -0.000000000000000000, -0.000000000000000000, -1.000000000000000000 ) ) ;
#1398 = VERTEX_POINT ( 'NONE', #2439 ) ;
#1399 = DIRECTION ( 'NONE',  ( 1.000000000000000000, 0.000000000000000000, 0.000000000000000000 ) ) ;
#1400 = EDGE_CURVE ( 'NONE', #337, #3552, #3399, .T. ) ;
#1401 = DIRECTION ( 'NONE',  ( -0.000000000000000000, 0.000000000000000000, 1.000000000000000000 ) ) ;
#1402 = ORIENTED_EDGE ( 'NONE', *, *, #901, .F. ) ;
#1403 = FACE_OUTER_BOUND ( 'NONE', #3952, .T. ) ;
#1404 = ORIENTED_EDGE ( 'NONE', *, *, #3299, .T. ) ;
#1405 = CIRCLE ( 'NONE', #2619, 4.499999999999999112 ) ;
#1406 = ADVANCED_FACE ( 'NONE', ( #700 ), #4261, .T. ) ;
#1407 = ORIENTED_EDGE ( 'NONE', *, *, #432, .T. ) ;
#1408 = ORIENTED_EDGE ( 'NONE', *, *, #3672, .T. ) ;
#1409 = CIRCLE ( 'NONE', #5292, 4.499999999999999112 ) ;
#1410 = EDGE_LOOP ( 'NONE', ( #1563, #4316, #89, #2253 ) ) ;
#1411 = CARTESIAN_POINT ( 'NONE',  ( -19.21703074598160299, 3.407462799033540435, 10.00000000000000000 ) ) ;
#1412 = DIRECTION ( 'NONE',  ( 0.000000000000000000, 0.000000000000000000, 1.000000000000000000 ) ) ;
#1413 = ORIENTED_EDGE ( 'NONE', *, *, #4990, .T. ) ;
#1414 = FACE_OUTER_BOUND ( 'NONE', #3861, .T. ) ;
#1415 = DIRECTION ( 'NONE',  ( -0.4154150130018774423, -0.9096319953545223269, 0.000000000000000000 ) ) ;
#1416 = EDGE_CURVE ( 'NONE', #1198, #488, #4561, .T. ) ;
#1417 = CIRCLE ( 'NONE', #85, 24.00000000000000355 ) ;
#1418 = DIRECTION ( 'NONE',  ( -0.9594929736144957033, -0.2817325568414354442, 0.000000000000000000 ) ) ;
#1419 = CARTESIAN_POINT ( 'NONE',  ( -9.908122240928811664, -17.58765772523796755, 10.00000000000000000 ) ) ;
#1420 = EDGE_CURVE ( 'NONE', #1616, #2998, #5801, .T. ) ;
#1421 = CARTESIAN_POINT ( 'NONE',  ( -4.518140275344554091, 19.46445722231692699, 10.00000000000000000 ) ) ;
#1422 = VECTOR ( 'NONE', #3489, 1000.000000000000000 ) ;
#1423 = VECTOR ( 'NONE', #262, 1000.000000000000000 ) ;
#1424 = CARTESIAN_POINT ( 'NONE',  ( -20.11427891976022408, -1.706567941630297236, -10.00000000000000000 ) ) ;
#1425 = ADVANCED_FACE ( 'NONE', ( #2911 ), #1584, .F. ) ;
#1426 = FACE_OUTER_BOUND ( 'NONE', #911, .T. ) ;
#1427 = ORIENTED_EDGE ( 'NONE', *, *, #1920, .F. ) ;
#1428 = DIRECTION ( 'NONE',  ( 0.000000000000000000, 0.000000000000000000, 1.000000000000000000 ) ) ;
#1429 = CARTESIAN_POINT ( 'NONE',  ( -19.21703074598160299, 3.407462799033540435, -10.00000000000000000 ) ) ;
#1430 = LINE ( 'NONE', #537, #313 ) ;
#1431 = ORIENTED_EDGE ( 'NONE', *, *, #2832, .T. ) ;
#1432 = DIRECTION ( 'NONE',  ( 0.000000000000000000, 0.000000000000000000, 1.000000000000000000 ) ) ;
#1433 = CIRCLE ( 'NONE', #3220, 4.499999999999998224 ) ;
#1434 = ORIENTED_EDGE ( 'NONE', *, *, #226, .T. ) ;
#1435 = CIRCLE ( 'NONE', #4842, 4.499999999999999112 ) ;
#1436 = ORIENTED_EDGE ( 'NONE', *, *, #4500, .F. ) ;
#1437 = ORIENTED_EDGE ( 'NONE', *, *, #1996, .T. ) ;
#1438 = EDGE_LOOP ( 'NONE', ( #1591, #3795, #3852, #5408 ) ) ;
#1439 = VECTOR ( 'NONE', #4705, 1000.000000000000000 ) ;
#1440 = EDGE_CURVE ( 'NONE', #2710, #4688, #5576, .T. ) ;
#1441 = DIRECTION ( 'NONE',  ( 1.000000000000000000, 0.000000000000000000, 0.000000000000000000 ) ) ;
#1442 = DIRECTION ( 'NONE',  ( -0.000000000000000000, -0.000000000000000000, 1.000000000000000000 ) ) ;
#1443 = ORIENTED_EDGE ( 'NONE', *, *, #5708, .F. ) ;
#1444 = DIRECTION ( 'NONE',  ( -0.000000000000000000, -0.000000000000000000, 1.000000000000000000 ) ) ;
#1445 = CARTESIAN_POINT ( 'NONE',  ( -16.16508030912741134, -17.73950897289610396, -10.00000000000000000 ) ) ;
#1446 = DIRECTION ( 'NONE',  ( 0.8412535328311886440, -0.5406408174555860091, 0.000000000000000000 ) ) ;
#1447 = AXIS2_PLACEMENT_3D ( 'NONE', #5587, #3322, #2012 ) ;
#1448 = DIRECTION ( 'NONE',  ( -0.000000000000000000, -0.000000000000000000, 1.000000000000000000 ) ) ;
#1449 = DIRECTION ( 'NONE',  ( 1.000000000000000000, 0.000000000000000000, 0.000000000000000000 ) ) ;
#1450 = CARTESIAN_POINT ( 'NONE',  ( -1.169031769813694721, 20.34979892761597142, -10.00000000000000000 ) ) ;
#1451 = DIRECTION ( 'NONE',  ( 0.000000000000000000, 0.000000000000000000, 1.000000000000000000 ) ) ;
#1452 = ORIENTED_EDGE ( 'NONE', *, *, #2257, .T. ) ;
#1453 = CARTESIAN_POINT ( 'NONE',  ( -19.84203074598157812, -3.407462799033682099, 10.00000000000000000 ) ) ;
#1454 = AXIS2_PLACEMENT_3D ( 'NONE', #4849, #4433, #1171 ) ;
#1455 = AXIS2_PLACEMENT_3D ( 'NONE', #3090, #4915, #5849 ) ;
#1456 = CARTESIAN_POINT ( 'NONE',  ( -11.17259703341984256, 17.92833827019044435, -10.00000000000000000 ) ) ;
#1457 = VECTOR ( 'NONE', #3274, 1000.000000000000000 ) ;
#1458 = DIRECTION ( 'NONE',  ( 0.7557495743542596012, -0.6548607339452836573, 0.000000000000000000 ) ) ;
#1459 = ORIENTED_EDGE ( 'NONE', *, *, #4677, .F. ) ;
#1460 = VECTOR ( 'NONE', #5733, 1000.000000000000000 ) ;
#1461 = DIRECTION ( 'NONE',  ( 1.000000000000000000, 0.000000000000000000, 0.000000000000000000 ) ) ;
#1462 = AXIS2_PLACEMENT_3D ( 'NONE', #877, #3240, #5395 ) ;
#1463 = ORIENTED_EDGE ( 'NONE', *, *, #2832, .F. ) ;
#1464 = EDGE_CURVE ( 'NONE', #2045, #2511, #5602, .T. ) ;
#1465 = VERTEX_POINT ( 'NONE', #193 ) ;
#1466 = ORIENTED_EDGE ( 'NONE', *, *, #584, .F. ) ;
#1467 = ADVANCED_FACE ( 'NONE', ( #1530 ), #5217, .T. ) ;
#1468 = AXIS2_PLACEMENT_3D ( 'NONE', #5599, #5093, #5630 ) ;
#1469 = CARTESIAN_POINT ( 'NONE',  ( 20.50807819456750636, -12.46670480782731794, -10.00000000000000000 ) ) ;
#1470 = ORIENTED_EDGE ( 'NONE', *, *, #3459, .T. ) ;
#1471 = EDGE_CURVE ( 'NONE', #4576, #3550, #391, .T. ) ;
#1472 = DIRECTION ( 'NONE',  ( 1.000000000000000000, 0.000000000000000000, 0.000000000000000000 ) ) ;
#1473 = DIRECTION ( 'NONE',  ( -0.000000000000000000, 0.000000000000000000, 1.000000000000000000 ) ) ;
#1474 = DIRECTION ( 'NONE',  ( 0.000000000000000000, 0.000000000000000000, 1.000000000000000000 ) ) ;
#1475 = DIRECTION ( 'NONE',  ( 1.000000000000000000, 0.000000000000000000, 0.000000000000000000 ) ) ;
#1476 = DIRECTION ( 'NONE',  ( 1.000000000000000000, 0.000000000000000000, 0.000000000000000000 ) ) ;
#1477 = AXIS2_PLACEMENT_3D ( 'NONE', #5885, #108, #3250 ) ;
#1478 = FACE_OUTER_BOUND ( 'NONE', #1317, .T. ) ;
#1479 = DIRECTION ( 'NONE',  ( -1.000000000000000000, 0.000000000000000000, 0.000000000000000000 ) ) ;
#1480 = ORIENTED_EDGE ( 'NONE', *, *, #5708, .T. ) ;
#1481 = CARTESIAN_POINT ( 'NONE',  ( -14.37762150651138171, -13.18466388144870649, -10.00000000000000000 ) ) ;
#1482 = CARTESIAN_POINT ( 'NONE',  ( -11.00431413439715911, -16.10765135836952666, -10.00000000000000000 ) ) ;
#1483 = DIRECTION ( 'NONE',  ( -1.000000000000000000, 0.000000000000000000, 0.000000000000000000 ) ) ;
#1484 = VERTEX_POINT ( 'NONE', #3757 ) ;
#1485 = DIRECTION ( 'NONE',  ( -0.000000000000000000, 0.000000000000000000, 1.000000000000000000 ) ) ;
#1486 = EDGE_LOOP ( 'NONE', ( #3402, #2342, #5866, #3088 ) ) ;
#1487 = ORIENTED_EDGE ( 'NONE', *, *, #1665, .T. ) ;
#1488 = ORIENTED_EDGE ( 'NONE', *, *, #3843, .F. ) ;
#1489 = AXIS2_PLACEMENT_3D ( 'NONE', #5642, #3284, #1562 ) ;
#1490 = DIRECTION ( 'NONE',  ( 1.000000000000000000, 0.000000000000000000, 0.000000000000000000 ) ) ;
#1491 = CARTESIAN_POINT ( 'NONE',  ( 19.33587997703265415, 8.507407543743562783, 10.00000000000000000 ) ) ;
#1492 = VECTOR ( 'NONE', #4852, 1000.000000000000000 ) ;
#1493 = VERTEX_POINT ( 'NONE', #3840 ) ;
#1494 = AXIS2_PLACEMENT_3D ( 'NONE', #5285, #1303, #3495 ) ;
#1495 = CARTESIAN_POINT ( 'NONE',  ( -5.669031769813693167, -20.34979892761597142, -10.00000000000000000 ) ) ;
#1496 = EDGE_LOOP ( 'NONE', ( #3070, #1950 ) ) ;
#1497 = CARTESIAN_POINT ( 'NONE',  ( -11.00431413439727812, 16.10765135836944850, -10.00000000000000000 ) ) ;
#1498 = DIRECTION ( 'NONE',  ( -0.1423148382732746797, -0.9898214418809342385, 0.000000000000000000 ) ) ;
#1499 = CARTESIAN_POINT ( 'NONE',  ( 6.232838923195538783, -20.18425021047489665, -10.00000000000000000 ) ) ;
#1500 = ADVANCED_FACE ( 'NONE', ( #5665 ), #4709, .F. ) ;
#1501 = DIRECTION ( 'NONE',  ( -0.000000000000000000, -0.000000000000000000, 1.000000000000000000 ) ) ;
#1502 = CARTESIAN_POINT ( 'NONE',  ( 20.94945465600708445, -2.715250857188031386, 10.00000000000000000 ) ) ;
#1503 = DIRECTION ( 'NONE',  ( -0.000000000000000000, 0.000000000000000000, 1.000000000000000000 ) ) ;
#1504 = VERTEX_POINT ( 'NONE', #5693 ) ;
#1505 = FACE_OUTER_BOUND ( 'NONE', #245, .T. ) ;
#1506 = EDGE_CURVE ( 'NONE', #3550, #3659, #1145, .T. ) ;
#1507 = VECTOR ( 'NONE', #3036, 1000.000000000000000 ) ;
#1508 = AXIS2_PLACEMENT_3D ( 'NONE', #5277, #1209, #827 ) ;
#1509 = PLANE ( 'NONE',  #3328 ) ;
#1510 = DIRECTION ( 'NONE',  ( 0.8412535328311890881, -0.5406408174555853430, 0.000000000000000000 ) ) ;
#1511 = EDGE_LOOP ( 'NONE', ( #2531, #3957 ) ) ;
#1512 = DIRECTION ( 'NONE',  ( 0.000000000000000000, 0.000000000000000000, 1.000000000000000000 ) ) ;
#1513 = AXIS2_PLACEMENT_3D ( 'NONE', #2827, #4128, #977 ) ;
#1514 = VERTEX_POINT ( 'NONE', #1558 ) ;
#1515 = ORIENTED_EDGE ( 'NONE', *, *, #5354, .F. ) ;
#1516 = CYLINDRICAL_SURFACE ( 'NONE', #5508, 24.00000000000000355 ) ;
#1517 = EDGE_CURVE ( 'NONE', #5446, #1002, #1998, .T. ) ;
#1518 = ORIENTED_EDGE ( 'NONE', *, *, #2021, .F. ) ;
#1519 = AXIS2_PLACEMENT_3D ( 'NONE', #3962, #2997, #847 ) ;
#1520 = EDGE_CURVE ( 'NONE', #5588, #2404, #1115, .T. ) ;
#1521 = DIRECTION ( 'NONE',  ( 1.000000000000000000, 0.000000000000000000, 0.000000000000000000 ) ) ;
#1522 = VECTOR ( 'NONE', #978, 1000.000000000000000 ) ;
#1523 = CARTESIAN_POINT ( 'NONE',  ( 1.173964344267160786, -20.12500000000000000, -10.00000000000000000 ) ) ;
#1524 = EDGE_LOOP ( 'NONE', ( #2600, #2017, #1404, #1053 ) ) ;
#1525 = PLANE ( 'NONE',  #3265 ) ;
#1526 = ORIENTED_EDGE ( 'NONE', *, *, #5115, .T. ) ;
#1527 = VECTOR ( 'NONE', #4857, 1000.000000000000000 ) ;
#1528 = LINE ( 'NONE', #3390, #3855 ) ;
#1529 = DIRECTION ( 'NONE',  ( 0.1423148382732963013, -0.9898214418809311299, 0.000000000000000000 ) ) ;
#1530 = FACE_OUTER_BOUND ( 'NONE', #5221, .T. ) ;
#1531 = DIRECTION ( 'NONE',  ( -0.6548607339452836573, -0.7557495743542594901, 0.000000000000000000 ) ) ;
#1532 = FACE_OUTER_BOUND ( 'NONE', #321, .T. ) ;
#1533 = VECTOR ( 'NONE', #122, 1000.000000000000114 ) ;
#1534 = DIRECTION ( 'NONE',  ( -0.000000000000000000, -0.000000000000000000, -1.000000000000000000 ) ) ;
#1535 = EDGE_CURVE ( 'NONE', #2445, #1993, #2546, .T. ) ;
#1536 = ORIENTED_EDGE ( 'NONE', *, *, #777, .F. ) ;
#1537 = CARTESIAN_POINT ( 'NONE',  ( 11.00431413439739003, -16.10765135836936679, 10.00000000000000000 ) ) ;
#1538 = CARTESIAN_POINT ( 'NONE',  ( -19.78030504245125698, 4.029407280095702149, -10.00000000000000000 ) ) ;
#1539 = ADVANCED_FACE ( 'NONE', ( #4231 ), #4769, .F. ) ;
#1540 = CARTESIAN_POINT ( 'NONE',  ( 10.41857825728057030, 17.22701988006623708, 10.00000000000000000 ) ) ;
#1541 = ORIENTED_EDGE ( 'NONE', *, *, #516, .T. ) ;
#1542 = DIRECTION ( 'NONE',  ( 1.000000000000000000, 0.000000000000000000, 0.000000000000000000 ) ) ;
#1543 = EDGE_LOOP ( 'NONE', ( #3677, #5679, #1194, #717 ) ) ;
#1544 = CYLINDRICAL_SURFACE ( 'NONE', #379, 4.499999999999999112 ) ;
#1545 = CIRCLE ( 'NONE', #3441, 0.6249999999999993339 ) ;
#1546 = VECTOR ( 'NONE', #1813, 1000.000000000000000 ) ;
#1547 = VERTEX_POINT ( 'NONE', #2938 ) ;
#1548 = AXIS2_PLACEMENT_3D ( 'NONE', #4671, #4703, #5182 ) ;
#1549 = DIRECTION ( 'NONE',  ( 1.000000000000000000, 0.000000000000000000, 0.000000000000000000 ) ) ;
#1550 = AXIS2_PLACEMENT_3D ( 'NONE', #4628, #2355, #23 ) ;
#1551 = CARTESIAN_POINT ( 'NONE',  ( -18.53439193672096152, -7.860871604808826518, -10.00000000000000000 ) ) ;
#1552 = ORIENTED_EDGE ( 'NONE', *, *, #4366, .F. ) ;
#1553 = DIRECTION ( 'NONE',  ( -0.9096319953545134451, -0.4154150130018973153, 0.000000000000000000 ) ) ;
#1554 = ORIENTED_EDGE ( 'NONE', *, *, #4509, .F. ) ;
#1555 = CARTESIAN_POINT ( 'NONE',  ( -14.22496499048279084, -13.59395184016451452, -10.00000000000000000 ) ) ;
#1556 = CIRCLE ( 'NONE', #5359, 24.00000000000000355 ) ;
#1557 = DIRECTION ( 'NONE',  ( 0.000000000000000000, -0.000000000000000000, 1.000000000000000000 ) ) ;
#1558 = CARTESIAN_POINT ( 'NONE',  ( -17.50977587920181477, 8.599948285390961900, -10.00000000000000000 ) ) ;
#1559 = LINE ( 'NONE', #613, #5131 ) ;
#1560 = DIRECTION ( 'NONE',  ( 0.000000000000000000, -0.000000000000000000, 1.000000000000000000 ) ) ;
#1561 = EDGE_CURVE ( 'NONE', #3540, #4587, #4, .T. ) ;
#1562 = DIRECTION ( 'NONE',  ( 1.000000000000000000, 0.000000000000000000, 0.000000000000000000 ) ) ;
#1563 = ORIENTED_EDGE ( 'NONE', *, *, #5554, .F. ) ;
#1564 = DIRECTION ( 'NONE',  ( 1.000000000000000000, 0.000000000000000000, 0.000000000000000000 ) ) ;
#1565 = EDGE_CURVE ( 'NONE', #5003, #40, #4090, .T. ) ;
#1566 = AXIS2_PLACEMENT_3D ( 'NONE', #1360, #4152, #4538 ) ;
#1567 = DIRECTION ( 'NONE',  ( -0.000000000000000000, -0.000000000000000000, 1.000000000000000000 ) ) ;
#1568 = DIRECTION ( 'NONE',  ( 0.000000000000000000, 0.000000000000000000, 1.000000000000000000 ) ) ;
#1569 = ORIENTED_EDGE ( 'NONE', *, *, #3405, .T. ) ;
#1570 = DIRECTION ( 'NONE',  ( -0.6548607339452782172, -0.7557495743542642641, 0.000000000000000000 ) ) ;
#1571 = ORIENTED_EDGE ( 'NONE', *, *, #3378, .F. ) ;
#1572 = EDGE_CURVE ( 'NONE', #1024, #97, #4840, .T. ) ;
#1573 = CARTESIAN_POINT ( 'NONE',  ( -6.196595137523016383, 19.15513496566659413, -10.00000000000000000 ) ) ;
#1574 = ORIENTED_EDGE ( 'NONE', *, *, #1086, .F. ) ;
#1575 = CARTESIAN_POINT ( 'NONE',  ( 0.000000000000000000, 0.000000000000000000, 10.00000000000000000 ) ) ;
#1576 = ADVANCED_FACE ( 'NONE', ( #2171 ), #822, .F. ) ;
#1577 = CARTESIAN_POINT ( 'NONE',  ( -18.53439193672096152, -7.860871604808826518, 10.00000000000000000 ) ) ;
#1578 = VERTEX_POINT ( 'NONE', #1731 ) ;
#1579 = DIRECTION ( 'NONE',  ( 0.000000000000000000, 0.000000000000000000, 1.000000000000000000 ) ) ;
#1580 = EDGE_LOOP ( 'NONE', ( #82, #5728, #5771, #5149 ) ) ;
#1581 = CARTESIAN_POINT ( 'NONE',  ( -18.07829587629839097, 8.859582668517139936, 10.00000000000000000 ) ) ;
#1582 = VECTOR ( 'NONE', #5186, 1000.000000000000000 ) ;
#1583 = CARTESIAN_POINT ( 'NONE',  ( -5.143140275344411094, -19.46445722231696607, -10.00000000000000000 ) ) ;
#1584 = CYLINDRICAL_SURFACE ( 'NONE', #4365, 0.6250000000000005551 ) ;
#1585 = EDGE_CURVE ( 'NONE', #3747, #957, #4462, .T. ) ;
#1586 = PRODUCT_DEFINITION_FORMATION_WITH_SPECIFIED_SOURCE ( 'ANY', '', #4982, .NOT_KNOWN. ) ;
#1587 = DIRECTION ( 'NONE',  ( 1.000000000000000000, 0.000000000000000000, 0.000000000000000000 ) ) ;
#1588 = DIRECTION ( 'NONE',  ( 1.000000000000000000, 0.000000000000000000, 0.000000000000000000 ) ) ;
#1589 = ADVANCED_FACE ( 'NONE', ( #3453 ), #759, .F. ) ;
#1590 = CARTESIAN_POINT ( 'NONE',  ( 11.66692557220095416, 17.61065260841518310, -10.00000000000000000 ) ) ;
#1591 = ORIENTED_EDGE ( 'NONE', *, *, #1633, .T. ) ;
#1592 = DIRECTION ( 'NONE',  ( 1.000000000000000000, 0.000000000000000000, 0.000000000000000000 ) ) ;
#1593 = DIRECTION ( 'NONE',  ( -0.000000000000000000, 0.000000000000000000, 1.000000000000000000 ) ) ;
#1594 = EDGE_CURVE ( 'NONE', #2896, #3983, #1433, .T. ) ;
#1595 = CARTESIAN_POINT ( 'NONE',  ( 1.173362810797226041, 20.15241450336780105, 10.00000000000000000 ) ) ;
#1596 = ORIENTED_EDGE ( 'NONE', *, *, #50, .F. ) ;
#1597 = CARTESIAN_POINT ( 'NONE',  ( -5.143140275344553203, 19.46445722231692699, -10.00000000000000000 ) ) ;
#1598 = ORIENTED_EDGE ( 'NONE', *, *, #3824, .T. ) ;
#1599 = CIRCLE ( 'NONE', #4640, 24.00000000000000355 ) ;
#1600 = AXIS2_PLACEMENT_3D ( 'NONE', #944, #5400, #1490 ) ;
#1601 = EDGE_CURVE ( 'NONE', #4449, #1493, #404, .T. ) ;
#1602 = DIRECTION ( 'NONE',  ( 0.4154150130018972598, -0.9096319953545133341, 0.000000000000000000 ) ) ;
#1603 = ORIENTED_EDGE ( 'NONE', *, *, #4491, .T. ) ;
#1604 = AXIS2_PLACEMENT_3D ( 'NONE', #3582, #350, #3130 ) ;
#1605 = AXIS2_PLACEMENT_3D ( 'NONE', #2015, #5653, #180 ) ;
#1606 = DIRECTION ( 'NONE',  ( -1.000000000000000000, 0.000000000000000000, 0.000000000000000000 ) ) ;
#1607 = EDGE_CURVE ( 'NONE', #5383, #3148, #1235, .T. ) ;
#1608 = LINE ( 'NONE', #3894, #601 ) ;
#1609 = ORIENTED_EDGE ( 'NONE', *, *, #4601, .F. ) ;
#1610 = CARTESIAN_POINT ( 'NONE',  ( 11.88231346068048211, 16.31892206683524904, -10.00000000000000000 ) ) ;
#1611 = ORIENTED_EDGE ( 'NONE', *, *, #516, .F. ) ;
#1612 = DIRECTION ( 'NONE',  ( 0.000000000000000000, -0.000000000000000000, 1.000000000000000000 ) ) ;
#1613 = AXIS2_PLACEMENT_3D ( 'NONE', #555, #1091, #1587 ) ;
#1614 = DIRECTION ( 'NONE',  ( -0.2817325568414161263, -0.9594929736145013655, 0.000000000000000000 ) ) ;
#1615 = DIRECTION ( 'NONE',  ( -0.000000000000000000, -0.000000000000000000, 1.000000000000000000 ) ) ;
#1616 = VERTEX_POINT ( 'NONE', #3544 ) ;
#1617 = AXIS2_PLACEMENT_3D ( 'NONE', #824, #2116, #2941 ) ;
#1618 = DIRECTION ( 'NONE',  ( 0.000000000000000000, 0.000000000000000000, 1.000000000000000000 ) ) ;
#1619 = LINE ( 'NONE', #794, #3542 ) ;
#1620 = DIRECTION ( 'NONE',  ( 0.000000000000000000, -0.000000000000000000, 1.000000000000000000 ) ) ;
#1621 = CIRCLE ( 'NONE', #3136, 0.6250000000000002220 ) ;
#1622 = ORIENTED_EDGE ( 'NONE', *, *, #4726, .T. ) ;
#1623 = CARTESIAN_POINT ( 'NONE',  ( -19.21703074598160299, 3.407462799033540435, -10.00000000000000000 ) ) ;
#1624 = VERTEX_POINT ( 'NONE', #1670 ) ;
#1625 = CARTESIAN_POINT ( 'NONE',  ( 0.000000000000000000, 0.000000000000000000, -10.00000000000000000 ) ) ;
#1626 = AXIS2_PLACEMENT_3D ( 'NONE', #2416, #2836, #2475 ) ;
#1627 = CARTESIAN_POINT ( 'NONE',  ( 2.820749999999999424, -23.83366042884517100, 10.00000000000000000 ) ) ;
#1628 = VERTEX_POINT ( 'NONE', #3480 ) ;
#1629 = CARTESIAN_POINT ( 'NONE',  ( 0.000000000000000000, 0.000000000000000000, 10.00000000000000000 ) ) ;
#1630 = VERTEX_POINT ( 'NONE', #3028 ) ;
#1631 = DIRECTION ( 'NONE',  ( -0.000000000000000000, -0.000000000000000000, -1.000000000000000000 ) ) ;
#1632 = ORIENTED_EDGE ( 'NONE', *, *, #2144, .F. ) ;
#1633 = EDGE_CURVE ( 'NONE', #1232, #714, #2177, .T. ) ;
#1634 = CARTESIAN_POINT ( 'NONE',  ( 0.000000000000000000, 0.000000000000000000, -10.00000000000000000 ) ) ;
#1635 = DIRECTION ( 'NONE',  ( -0.000000000000000000, -0.000000000000000000, 1.000000000000000000 ) ) ;
#1636 = AXIS2_PLACEMENT_3D ( 'NONE', #2906, #4646, #3809 ) ;
#1637 = ORIENTED_EDGE ( 'NONE', *, *, #2766, .T. ) ;
#1638 = DIRECTION ( 'NONE',  ( -0.000000000000000000, -0.000000000000000000, 1.000000000000000000 ) ) ;
#1639 = ORIENTED_EDGE ( 'NONE', *, *, #3930, .T. ) ;
#1640 = EDGE_CURVE ( 'NONE', #2062, #2732, #4024, .T. ) ;
#1641 = CYLINDRICAL_SURFACE ( 'NONE', #5770, 0.6250000000000005551 ) ;
#1642 = AXIS2_PLACEMENT_3D ( 'NONE', #889, #112, #1010 ) ;
#1643 = CARTESIAN_POINT ( 'NONE',  ( 10.00000000000000000, 0.000000000000000000, 10.00000000000000000 ) ) ;
#1644 = DIRECTION ( 'NONE',  ( -0.000000000000000000, 0.000000000000000000, -1.000000000000000000 ) ) ;
#1645 = ADVANCED_FACE ( 'NONE', ( #4854 ), #3901, .F. ) ;
#1646 = ORIENTED_EDGE ( 'NONE', *, *, #966, .T. ) ;
#1647 = AXIS2_PLACEMENT_3D ( 'NONE', #2527, #2557, #2117 ) ;
#1648 = DIRECTION ( 'NONE',  ( 0.000000000000000000, 0.000000000000000000, 1.000000000000000000 ) ) ;
#1649 = LINE ( 'NONE', #3906, #1085 ) ;
#1650 = DIRECTION ( 'NONE',  ( 1.000000000000000000, 0.000000000000000000, 0.000000000000000000 ) ) ;
#1651 = CARTESIAN_POINT ( 'NONE',  ( -19.85947713967975758, -13.47594774917657823, -10.00000000000000000 ) ) ;
#1652 = EDGE_CURVE ( 'NONE', #2625, #875, #3989, .T. ) ;
#1653 = FACE_OUTER_BOUND ( 'NONE', #1864, .T. ) ;
#1654 = ORIENTED_EDGE ( 'NONE', *, *, #1162, .T. ) ;
#1655 = CARTESIAN_POINT ( 'NONE',  ( 4.793804732752334097, 21.12263990084027299, -10.00000000000000000 ) ) ;
#1656 = CARTESIAN_POINT ( 'NONE',  ( 10.08067774637119030, -16.70123642204652015, -10.00000000000000000 ) ) ;
#1657 = ORIENTED_EDGE ( 'NONE', *, *, #5557, .F. ) ;
#1658 = LINE ( 'NONE', #2599, #2433 ) ;
#1659 = ORIENTED_EDGE ( 'NONE', *, *, #3651, .F. ) ;
#1660 = CLOSED_SHELL ( 'NONE', ( #2363, #2427, #5393, #288, #2622, #1539, #5758, #1425, #5565, #2891, #1707, #2112, #907, #4134, #879, #5831, #4180, #5175, #2184, #3511, #3174, #2605, #2502, #2201, #4805, #1868, #2149, #5384, #2645, #541, #2315, #4558, #2302, #1856, #34, #98, #3246, #1467, #2558, #5295, #4553, #2962, #4311, #3205, #3932, #3051, #4435, #4661, #2507, #5235, #5363, #4314, #3499, #1744, #4303, #1146, #308, #3923, #2792, #998, #973, #5743, #3362, #2770, #5781, #31, #4229, #4224, #5163, #2607, #4446, #1223, #2695, #3560, #1500, #1715, #4469, #729, #1851, #2748, #364, #1285, #5496, #107, #5543, #5280, #3238, #4754, #4367, #4298, #1104, #2981, #3872, #2027, #1268, #1280, #2424, #2072, #1406, #1645, #1782, #5287, #2000, #2575, #1128, #154, #3953, #1325, #3353, #5181, #5502, #1970, #2735, #5241, #2205, #2349, #962, #4585, #4320, #4582, #263, #519, #1938, #3373, #1034, #3626, #340, #1367, #4426, #617, #4926, #5135, #3680, #1692, #3258, #3486, #1107, #2377, #4686, #3748, #958, #2704, #845, #4758, #2011, #4679, #1333, #3168, #5342, #5127, #5674, #5877, #5680, #1902, #5253, #3699, #825, #3996, #4441, #4766, #4293, #471, #775, #1576, #4873, #4648, #4847, #1589, #2632, #3128, #3707, #2656, #2118 ) ) ;
#1661 = DIRECTION ( 'NONE',  ( 0.000000000000000000, -0.000000000000000000, 1.000000000000000000 ) ) ;
#1662 = ORIENTED_EDGE ( 'NONE', *, *, #3454, .T. ) ;
#1663 = DIRECTION ( 'NONE',  ( 0.000000000000000000, -0.000000000000000000, -1.000000000000000000 ) ) ;
#1664 = DIRECTION ( 'NONE',  ( -0.000000000000000000, 0.000000000000000000, -1.000000000000000000 ) ) ;
#1665 = EDGE_CURVE ( 'NONE', #5205, #2285, #3705, .T. ) ;
#1666 = VERTEX_POINT ( 'NONE', #4383 ) ;
#1667 = FACE_OUTER_BOUND ( 'NONE', #4672, .T. ) ;
#1668 = ORIENTED_EDGE ( 'NONE', *, *, #3433, .T. ) ;
#1669 = DIRECTION ( 'NONE',  ( -0.1423148382732886130, 0.9898214418809322401, 0.000000000000000000 ) ) ;
#1670 = CARTESIAN_POINT ( 'NONE',  ( -20.11427891976023830, 1.706567941630152241, 10.00000000000000000 ) ) ;
#1671 = VERTEX_POINT ( 'NONE', #4439 ) ;
#1672 = CARTESIAN_POINT ( 'NONE',  ( 14.37762150651157000, -13.18466388144850043, 10.00000000000000000 ) ) ;
#1673 = CARTESIAN_POINT ( 'NONE',  ( -6.232838923195395786, 20.18425021047494283, -10.00000000000000000 ) ) ;
#1674 = AXIS2_PLACEMENT_3D ( 'NONE', #3708, #3587, #5047 ) ;
#1675 = DIRECTION ( 'NONE',  ( -0.000000000000000000, -0.000000000000000000, -1.000000000000000000 ) ) ;
#1676 = DIRECTION ( 'NONE',  ( -0.000000000000000000, -0.000000000000000000, -1.000000000000000000 ) ) ;
#1677 = DIRECTION ( 'NONE',  ( -0.9594929736144957033, -0.2817325568414354442, 0.000000000000000000 ) ) ;
#1678 = VECTOR ( 'NONE', #1141, 1000.000000000000000 ) ;
#1679 = EDGE_LOOP ( 'NONE', ( #5545, #4172, #3011, #4613 ) ) ;
#1680 = AXIS2_PLACEMENT_3D ( 'NONE', #4039, #745, #3043 ) ;
#1681 = LINE ( 'NONE', #5826, #5433 ) ;
#1682 = DIRECTION ( 'NONE',  ( 0.000000000000000000, 0.000000000000000000, 1.000000000000000000 ) ) ;
#1683 = ORIENTED_EDGE ( 'NONE', *, *, #2814, .T. ) ;
#1684 = EDGE_CURVE ( 'NONE', #4221, #149, #5223, .T. ) ;
#1685 = DIRECTION ( 'NONE',  ( -0.1423148382732886408, 0.9898214418809322401, 0.000000000000000000 ) ) ;
#1686 = ORIENTED_EDGE ( 'NONE', *, *, #1391, .T. ) ;
#1687 = CYLINDRICAL_SURFACE ( 'NONE', #2447, 0.6249999999999996669 ) ;
#1688 = ORIENTED_EDGE ( 'NONE', *, *, #1829, .T. ) ;
#1689 = CARTESIAN_POINT ( 'NONE',  ( -1.000000000000000222, 7.433034373659253013, -10.00000000000000000 ) ) ;
#1690 = AXIS2_PLACEMENT_3D ( 'NONE', #5854, #4061, #17 ) ;
#1691 = EDGE_LOOP ( 'NONE', ( #1094, #4458, #3969, #3762 ) ) ;
#1692 = ADVANCED_FACE ( 'NONE', ( #1319 ), #2204, .T. ) ;
#1693 = ORIENTED_EDGE ( 'NONE', *, *, #5297, .F. ) ;
#1694 = EDGE_CURVE ( 'NONE', #5067, #570, #1730, .T. ) ;
#1695 = VERTEX_POINT ( 'NONE', #2680 ) ;
#1696 = AXIS2_PLACEMENT_3D ( 'NONE', #5645, #255, #1564 ) ;
#1697 = CIRCLE ( 'NONE', #5027, 0.6250000000000002220 ) ;
#1698 = DIRECTION ( 'NONE',  ( -1.000000000000000000, 0.000000000000000000, 0.000000000000000000 ) ) ;
#1699 = ORIENTED_EDGE ( 'NONE', *, *, #5610, .T. ) ;
#1700 = LINE ( 'NONE', #4344, #838 ) ;
#1701 = DIRECTION ( 'NONE',  ( -0.000000000000000000, -0.000000000000000000, 1.000000000000000000 ) ) ;
#1702 = DIRECTION ( 'NONE',  ( -0.9594929736144957033, -0.2817325568414354442, 0.000000000000000000 ) ) ;
#1703 = ORIENTED_EDGE ( 'NONE', *, *, #5056, .T. ) ;
#1704 = LINE ( 'NONE', #2999, #1527 ) ;
#1705 = CARTESIAN_POINT ( 'NONE',  ( 19.85947713967965811, 13.47594774917672389, 10.00000000000000000 ) ) ;
#1706 = CARTESIAN_POINT ( 'NONE',  ( 0.000000000000000000, 0.000000000000000000, -5.000000000000000000 ) ) ;
#1707 = ADVANCED_FACE ( 'NONE', ( #4503 ), #5426, .F. ) ;
#1708 = CARTESIAN_POINT ( 'NONE',  ( 20.11427891976021343, 1.706567941630446672, -10.00000000000000000 ) ) ;
#1709 = LINE ( 'NONE', #5311, #4736 ) ;
#1710 = VECTOR ( 'NONE', #947, 1000.000000000000000 ) ;
#1711 = VERTEX_POINT ( 'NONE', #3242 ) ;
#1712 = CARTESIAN_POINT ( 'NONE',  ( -16.16508030912741134, -17.73950897289610396, -10.00000000000000000 ) ) ;
#1713 = CARTESIAN_POINT ( 'NONE',  ( -1.000000000000000222, 7.433034373659253013, -10.00000000000000000 ) ) ;
#1714 = VERTEX_POINT ( 'NONE', #4530 ) ;
#1715 = ADVANCED_FACE ( 'NONE', ( #4147 ), #5461, .F. ) ;
#1716 = VECTOR ( 'NONE', #2268, 1000.000000000000000 ) ;
#1717 = CARTESIAN_POINT ( 'NONE',  ( 0.000000000000000000, 0.000000000000000000, -10.00000000000000000 ) ) ;
#1718 = EDGE_LOOP ( 'NONE', ( #5325, #5649 ) ) ;
#1719 = CIRCLE ( 'NONE', #3420, 7.500000000000000000 ) ;
#1720 = EDGE_CURVE ( 'NONE', #4453, #2672, #1919, .T. ) ;
#1721 = LINE ( 'NONE', #5350, #2370 ) ;
#1722 = EDGE_LOOP ( 'NONE', ( #2987, #4025, #2833, #5591 ) ) ;
#1723 = CARTESIAN_POINT ( 'NONE',  ( 18.81871354321296153, 7.304287178075896669, -10.00000000000000000 ) ) ;
#1724 = ORIENTED_EDGE ( 'NONE', *, *, #1720, .T. ) ;
#1725 = CIRCLE ( 'NONE', #1447, 24.00000000000000355 ) ;
#1726 = ORIENTED_EDGE ( 'NONE', *, *, #74, .T. ) ;
#1727 = CARTESIAN_POINT ( 'NONE',  ( -4.967057427318522400, -18.86477411380790414, -10.00000000000000000 ) ) ;
#1728 = ORIENTED_EDGE ( 'NONE', *, *, #2328, .T. ) ;
#1729 = CARTESIAN_POINT ( 'NONE',  ( -4.008228286185877565, 23.66292682670129111, -10.00000000000000000 ) ) ;
#1730 = CIRCLE ( 'NONE', #3142, 4.499999999999999112 ) ;
#1731 = CARTESIAN_POINT ( 'NONE',  ( -11.00431413439727990, 16.10765135836944850, -10.00000000000000000 ) ) ;
#1732 = ORIENTED_EDGE ( 'NONE', *, *, #3624, .F. ) ;
#1733 = CIRCLE ( 'NONE', #1548, 4.499999999999999112 ) ;
#1734 = CARTESIAN_POINT ( 'NONE',  ( -11.17259703341971111, -17.92833827019052961, 10.00000000000000000 ) ) ;
#1735 = AXIS2_PLACEMENT_3D ( 'NONE', #742, #418, #5407 ) ;
#1736 = DIRECTION ( 'NONE',  ( -0.000000000000000000, -0.000000000000000000, 1.000000000000000000 ) ) ;
#1737 = AXIS2_PLACEMENT_3D ( 'NONE', #5779, #1701, #1262 ) ;
#1738 = FACE_OUTER_BOUND ( 'NONE', #1496, .T. ) ;
#1739 = CARTESIAN_POINT ( 'NONE',  ( -15.09661189330464737, 12.35490474241745851, -10.00000000000000000 ) ) ;
#1740 = DIRECTION ( 'NONE',  ( 0.000000000000000000, 0.000000000000000000, 1.000000000000000000 ) ) ;
#1741 = VECTOR ( 'NONE', #734, 1000.000000000000000 ) ;
#1742 = ORIENTED_EDGE ( 'NONE', *, *, #2988, .F. ) ;
#1743 = DIRECTION ( 'NONE',  ( 0.000000000000000000, 0.000000000000000000, -1.000000000000000000 ) ) ;
#1744 = ADVANCED_FACE ( 'NONE', ( #1355 ), #5515, .T. ) ;
#1745 = CARTESIAN_POINT ( 'NONE',  ( 14.84996499048298624, -13.59395184016429958, -10.00000000000000000 ) ) ;
#1746 = ORIENTED_EDGE ( 'NONE', *, *, #2050, .F. ) ;
#1747 = CIRCLE ( 'NONE', #5627, 0.6250000000000001110 ) ;
#1748 = CARTESIAN_POINT ( 'NONE',  ( -10.08067774637107306, 16.70123642204659831, 10.00000000000000000 ) ) ;
#1749 = ORIENTED_EDGE ( 'NONE', *, *, #1535, .T. ) ;
#1750 = AXIS2_PLACEMENT_3D ( 'NONE', #2855, #1474, #4288 ) ;
#1751 = CARTESIAN_POINT ( 'NONE',  ( -11.00431413439715911, -16.10765135836952666, 10.00000000000000000 ) ) ;
#1752 = LINE ( 'NONE', #3107, #4192 ) ;
#1753 = EDGE_LOOP ( 'NONE', ( #1844, #3177, #4159, #3184 ) ) ;
#1754 = CYLINDRICAL_SURFACE ( 'NONE', #300, 4.500000000000000888 ) ;
#1755 = ORIENTED_EDGE ( 'NONE', *, *, #3713, .T. ) ;
#1756 = EDGE_CURVE ( 'NONE', #5310, #5714, #3636, .T. ) ;
#1757 = EDGE_LOOP ( 'NONE', ( #2196, #2785 ) ) ;
#1758 = ORIENTED_EDGE ( 'NONE', *, *, #333, .T. ) ;
#1759 = CIRCLE ( 'NONE', #2505, 0.6249999999999996669 ) ;
#1760 = DIRECTION ( 'NONE',  ( -0.4154150130018905984, 0.9096319953545164427, 0.000000000000000000 ) ) ;
#1761 = ORIENTED_EDGE ( 'NONE', *, *, #2909, .T. ) ;
#1762 = DIRECTION ( 'NONE',  ( 0.000000000000000000, 0.000000000000000000, 1.000000000000000000 ) ) ;
#1763 = CARTESIAN_POINT ( 'NONE',  ( -20.94945465600706314, 2.715250857188186817, -10.00000000000000000 ) ) ;
#1764 = EDGE_CURVE ( 'NONE', #683, #4138, #5060, .T. ) ;
#1765 = ORIENTED_EDGE ( 'NONE', *, *, #4677, .T. ) ;
#1766 = CARTESIAN_POINT ( 'NONE',  ( -14.46178945166794705, -14.08379339726824142, -10.00000000000000000 ) ) ;
#1767 = DIRECTION ( 'NONE',  ( -0.000000000000000000, -0.000000000000000000, 1.000000000000000000 ) ) ;
#1768 = CARTESIAN_POINT ( 'NONE',  ( -10.00000000000000000, 0.000000000000000000, -10.00000000000000000 ) ) ;
#1769 = ORIENTED_EDGE ( 'NONE', *, *, #150, .T. ) ;
#1770 = DIRECTION ( 'NONE',  ( -0.000000000000000000, -0.000000000000000000, 1.000000000000000000 ) ) ;
#1771 = EDGE_CURVE ( 'NONE', #804, #387, #969, .T. ) ;
#1772 = ORIENTED_EDGE ( 'NONE', *, *, #2868, .T. ) ;
#1773 = LINE ( 'NONE', #2219, #5322 ) ;
#1774 = EDGE_CURVE ( 'NONE', #1484, #1070, #1352, .T. ) ;
#1775 = CARTESIAN_POINT ( 'NONE',  ( 23.18963355092061818, 6.183922361577398163, -10.00000000000000000 ) ) ;
#1776 = AXIS2_PLACEMENT_3D ( 'NONE', #5164, #3788, #2031 ) ;
#1777 = ORIENTED_EDGE ( 'NONE', *, *, #4237, .T. ) ;
#1778 = DIRECTION ( 'NONE',  ( 1.000000000000000000, 0.000000000000000000, 0.000000000000000000 ) ) ;
#1779 = ORIENTED_EDGE ( 'NONE', *, *, #3790, .T. ) ;
#1780 = DIRECTION ( 'NONE',  ( -0.000000000000000000, 0.000000000000000000, 1.000000000000000000 ) ) ;
#1781 = CIRCLE ( 'NONE', #1494, 0.6249999999999993339 ) ;
#1782 = ADVANCED_FACE ( 'NONE', ( #2768 ), #3153, .F. ) ;
#1783 = CARTESIAN_POINT ( 'NONE',  ( -5.669031769813693167, -20.34979892761597142, 10.00000000000000000 ) ) ;
#1784 = ORIENTED_EDGE ( 'NONE', *, *, #5803, .F. ) ;
#1785 = EDGE_CURVE ( 'NONE', #1064, #5566, #2952, .T. ) ;
#1786 = CYLINDRICAL_SURFACE ( 'NONE', #1833, 4.499999999999999112 ) ;
#1787 = ORIENTED_EDGE ( 'NONE', *, *, #3847, .F. ) ;
#1788 = ORIENTED_EDGE ( 'NONE', *, *, #4726, .F. ) ;
#1789 = EDGE_LOOP ( 'NONE', ( #3895, #2108, #2628, #4749 ) ) ;
#1790 = ORIENTED_EDGE ( 'NONE', *, *, #251, .T. ) ;
#1791 = EDGE_CURVE ( 'NONE', #1493, #4406, #4490, .T. ) ;
#1792 = DIRECTION ( 'NONE',  ( 0.9594929736144972576, 0.2817325568414299486, 0.000000000000000000 ) ) ;
#1793 = LINE ( 'NONE', #361, #2481 ) ;
#1794 = CIRCLE ( 'NONE', #5118, 4.500000000000000000 ) ;
#1795 = AXIS2_PLACEMENT_3D ( 'NONE', #3749, #4096, #2743 ) ;
#1796 = ORIENTED_EDGE ( 'NONE', *, *, #1891, .F. ) ;
#1797 = DIRECTION ( 'NONE',  ( 1.000000000000000000, 0.000000000000000000, 0.000000000000000000 ) ) ;
#1798 = DIRECTION ( 'NONE',  ( 0.000000000000000000, 0.000000000000000000, -1.000000000000000000 ) ) ;
#1799 = LINE ( 'NONE', #4670, #4259 ) ;
#1800 = DIRECTION ( 'NONE',  ( -0.9594929736144952592, -0.2817325568414371095, 0.000000000000000000 ) ) ;
#1801 = DIRECTION ( 'NONE',  ( 1.000000000000000000, 0.000000000000000000, 0.000000000000000000 ) ) ;
#1802 = CARTESIAN_POINT ( 'NONE',  ( -4.008228286185877565, 23.66292682670129111, 10.00000000000000000 ) ) ;
#1803 = AXIS2_PLACEMENT_3D ( 'NONE', #1090, #3419, #139 ) ;
#1804 = DIRECTION ( 'NONE',  ( -0.000000000000000000, 0.000000000000000000, 1.000000000000000000 ) ) ;
#1805 = ORIENTED_EDGE ( 'NONE', *, *, #5098, .T. ) ;
#1806 = DIRECTION ( 'NONE',  ( -0.9594929736144951482, -0.2817325568414370540, 0.000000000000000000 ) ) ;
#1807 = VECTOR ( 'NONE', #472, 1000.000000000000000 ) ;
#1808 = ORIENTED_EDGE ( 'NONE', *, *, #1217, .T. ) ;
#1809 = LINE ( 'NONE', #266, #4014 ) ;
#1810 = DIRECTION ( 'NONE',  ( 0.000000000000000000, 0.000000000000000000, 1.000000000000000000 ) ) ;
#1811 = AXIS2_PLACEMENT_3D ( 'NONE', #5305, #376, #5335 ) ;
#1812 = ORIENTED_EDGE ( 'NONE', *, *, #4920, .F. ) ;
#1813 = DIRECTION ( 'NONE',  ( -0.000000000000000000, -0.000000000000000000, -1.000000000000000000 ) ) ;
#1814 = ORIENTED_EDGE ( 'NONE', *, *, #646, .T. ) ;
#1815 = AXIS2_PLACEMENT_3D ( 'NONE', #1456, #1372, #2807 ) ;
#1816 = VERTEX_POINT ( 'NONE', #494 ) ;
#1817 = ORIENTED_EDGE ( 'NONE', *, *, #1517, .F. ) ;
#1818 = ORIENTED_EDGE ( 'NONE', *, *, #1953, .F. ) ;
#1819 = EDGE_CURVE ( 'NONE', #2132, #3482, #5436, .T. ) ;
#1820 = AXIS2_PLACEMENT_3D ( 'NONE', #3851, #1069, #1542 ) ;
#1821 = CYLINDRICAL_SURFACE ( 'NONE', #2612, 0.6250000000000005551 ) ;
#1822 = CARTESIAN_POINT ( 'NONE',  ( 5.669031769813693167, 20.34979892761597142, -10.00000000000000000 ) ) ;
#1823 = ORIENTED_EDGE ( 'NONE', *, *, #927, .T. ) ;
#1824 = EDGE_CURVE ( 'NONE', #5624, #1226, #4119, .T. ) ;
#1825 = EDGE_CURVE ( 'NONE', #5205, #4784, #1793, .T. ) ;
#1826 = CARTESIAN_POINT ( 'NONE',  ( -17.50000000000000355, 0.000000000000000000, -10.00000000000000000 ) ) ;
#1827 = CARTESIAN_POINT ( 'NONE',  ( 10.08067774637082614, 16.70123642204674752, -10.00000000000000000 ) ) ;
#1828 = DIRECTION ( 'NONE',  ( 0.000000000000000000, 0.000000000000000000, 1.000000000000000000 ) ) ;
#1829 = EDGE_CURVE ( 'NONE', #2845, #540, #2105, .T. ) ;
#1830 = CARTESIAN_POINT ( 'NONE',  ( -9.421207896831901962, -22.07353260728043409, -10.00000000000000000 ) ) ;
#1831 = CARTESIAN_POINT ( 'NONE',  ( -14.37762150651138171, -13.18466388144870649, -10.00000000000000000 ) ) ;
#1832 = LINE ( 'NONE', #3254, #2930 ) ;
#1833 = AXIS2_PLACEMENT_3D ( 'NONE', #2573, #2100, #813 ) ;
#1834 = CARTESIAN_POINT ( 'NONE',  ( -19.85947713967975758, -13.47594774917657823, 10.00000000000000000 ) ) ;
#1835 = VERTEX_POINT ( 'NONE', #3951 ) ;
#1836 = AXIS2_PLACEMENT_3D ( 'NONE', #480, #4136, #5529 ) ;
#1837 = DIRECTION ( 'NONE',  ( 0.000000000000000000, 0.000000000000000000, 1.000000000000000000 ) ) ;
#1838 = EDGE_CURVE ( 'NONE', #596, #419, #3437, .T. ) ;
#1839 = VECTOR ( 'NONE', #1804, 1000.000000000000000 ) ;
#1840 = ORIENTED_EDGE ( 'NONE', *, *, #3272, .F. ) ;
#1841 = CARTESIAN_POINT ( 'NONE',  ( 0.5489643442671623408, 19.50000000000000000, -10.00000000000000000 ) ) ;
#1842 = DIRECTION ( 'NONE',  ( 0.000000000000000000, 0.000000000000000000, -1.000000000000000000 ) ) ;
#1843 = AXIS2_PLACEMENT_3D ( 'NONE', #3787, #4652, #5609 ) ;
#1844 = ORIENTED_EDGE ( 'NONE', *, *, #4724, .T. ) ;
#1845 = AXIS2_PLACEMENT_3D ( 'NONE', #5574, #247, #2051 ) ;
#1846 = DIRECTION ( 'NONE',  ( -0.000000000000000000, -0.000000000000000000, 1.000000000000000000 ) ) ;
#1847 = VERTEX_POINT ( 'NONE', #4371 ) ;
#1848 = ORIENTED_EDGE ( 'NONE', *, *, #3138, .F. ) ;
#1849 = ORIENTED_EDGE ( 'NONE', *, *, #5168, .T. ) ;
#1850 = VERTEX_POINT ( 'NONE', #4844 ) ;
#1851 = ADVANCED_FACE ( 'NONE', ( #5839 ), #1754, .T. ) ;
#1852 = EDGE_CURVE ( 'NONE', #3020, #3469, #4045, .T. ) ;
#1853 = DIRECTION ( 'NONE',  ( 0.000000000000000000, 0.000000000000000000, 1.000000000000000000 ) ) ;
#1854 = CARTESIAN_POINT ( 'NONE',  ( -15.99856791459359329, 12.31025650762189549, -10.00000000000000000 ) ) ;
#1855 = EDGE_LOOP ( 'NONE', ( #4194, #1817, #5800, #1779 ) ) ;
#1856 = ADVANCED_FACE ( 'NONE', ( #3563 ), #780, .T. ) ;
#1857 = FACE_OUTER_BOUND ( 'NONE', #2316, .T. ) ;
#1858 = DIRECTION ( 'NONE',  ( -0.4154150130018974263, 0.9096319953545132231, 0.000000000000000000 ) ) ;
#1859 = DIRECTION ( 'NONE',  ( 0.8412535328311790961, 0.5406408174556007751, 0.000000000000000000 ) ) ;
#1860 = DIRECTION ( 'NONE',  ( 0.000000000000000000, 0.000000000000000000, 1.000000000000000000 ) ) ;
#1861 = CARTESIAN_POINT ( 'NONE',  ( 0.000000000000000000, 0.000000000000000000, -10.00000000000000000 ) ) ;
#1862 = DIRECTION ( 'NONE',  ( 1.000000000000000000, 0.000000000000000000, 0.000000000000000000 ) ) ;
#1863 = FACE_OUTER_BOUND ( 'NONE', #4974, .T. ) ;
#1864 = EDGE_LOOP ( 'NONE', ( #125, #4430, #1179, #2281 ) ) ;
#1865 = DIRECTION ( 'NONE',  ( 0.000000000000000000, 0.000000000000000000, 1.000000000000000000 ) ) ;
#1866 = CARTESIAN_POINT ( 'NONE',  ( -16.16508030912754279, 17.73950897289599027, -10.00000000000000000 ) ) ;
#1867 = CARTESIAN_POINT ( 'NONE',  ( -19.09177818327979637, -9.041915914340204807, -10.00000000000000000 ) ) ;
#1868 = ADVANCED_FACE ( 'NONE', ( #870 ), #2670, .F. ) ;
#1869 = ORIENTED_EDGE ( 'NONE', *, *, #932, .T. ) ;
#1870 = CARTESIAN_POINT ( 'NONE',  ( 0.2938047327527967267, -21.12263990084026588, -10.00000000000000000 ) ) ;
#1871 = EDGE_LOOP ( 'NONE', ( #405, #4522, #1693, #5358 ) ) ;
#1872 = CIRCLE ( 'NONE', #5096, 0.6249999999999996669 ) ;
#1873 = ORIENTED_EDGE ( 'NONE', *, *, #4154, .F. ) ;
#1874 = AXIS2_PLACEMENT_3D ( 'NONE', #5362, #756, #3477 ) ;
#1875 = ORIENTED_EDGE ( 'NONE', *, *, #5033, .F. ) ;
#1876 = ORIENTED_EDGE ( 'NONE', *, *, #95, .F. ) ;
#1877 = CARTESIAN_POINT ( 'NONE',  ( -14.84996499048279084, -13.59395184016451452, -10.00000000000000000 ) ) ;
#1878 = CARTESIAN_POINT ( 'NONE',  ( -14.84996499048279084, -13.59395184016451452, -10.00000000000000000 ) ) ;
#1879 = EDGE_CURVE ( 'NONE', #5264, #1616, #3981, .T. ) ;
#1880 = ORIENTED_EDGE ( 'NONE', *, *, #399, .T. ) ;
#1881 = CARTESIAN_POINT ( 'NONE',  ( 4.008228286185527622, 23.66292682670135150, -10.00000000000000000 ) ) ;
#1882 = DIRECTION ( 'NONE',  ( 0.000000000000000000, 0.000000000000000000, -1.000000000000000000 ) ) ;
#1883 = VECTOR ( 'NONE', #229, 1000.000000000000000 ) ;
#1884 = AXIS2_PLACEMENT_3D ( 'NONE', #3002, #4388, #316 ) ;
#1885 = CARTESIAN_POINT ( 'NONE',  ( 6.232838923195098246, 20.18425021047503520, 10.00000000000000000 ) ) ;
#1886 = LINE ( 'NONE', #1007, #5214 ) ;
#1887 = CARTESIAN_POINT ( 'NONE',  ( 0.000000000000000000, 0.000000000000000000, 10.00000000000000000 ) ) ;
#1888 = CIRCLE ( 'NONE', #2542, 10.00000000000000000 ) ;
#1889 = VECTOR ( 'NONE', #3773, 1000.000000000000000 ) ;
#1890 = CARTESIAN_POINT ( 'NONE',  ( -17.45329587629838741, 8.859582668517139936, 10.00000000000000000 ) ) ;
#1891 = EDGE_CURVE ( 'NONE', #1064, #2255, #315, .T. ) ;
#1892 = DIRECTION ( 'NONE',  ( -1.000000000000000000, 0.000000000000000000, 0.000000000000000000 ) ) ;
#1893 = ORIENTED_EDGE ( 'NONE', *, *, #4145, .T. ) ;
#1894 = DIRECTION ( 'NONE',  ( -0.6548607339452890974, 0.7557495743542548272, 0.000000000000000000 ) ) ;
#1895 = DIRECTION ( 'NONE',  ( -0.000000000000000000, -0.000000000000000000, 1.000000000000000000 ) ) ;
#1896 = EDGE_CURVE ( 'NONE', #4556, #1341, #2203, .T. ) ;
#1897 = DIRECTION ( 'NONE',  ( 1.000000000000000000, 0.000000000000000000, 0.000000000000000000 ) ) ;
#1898 = ORIENTED_EDGE ( 'NONE', *, *, #1138, .T. ) ;
#1899 = CARTESIAN_POINT ( 'NONE',  ( -17.96587193962444218, 7.601237221682515255, 10.00000000000000000 ) ) ;
#1900 = AXIS2_PLACEMENT_3D ( 'NONE', #4468, #1263, #2614 ) ;
#1901 = ORIENTED_EDGE ( 'NONE', *, *, #4624, .T. ) ;
#1902 = ADVANCED_FACE ( 'NONE', ( #5806 ), #1786, .T. ) ;
#1903 = CIRCLE ( 'NONE', #671, 4.499999999999998224 ) ;
#1904 = ORIENTED_EDGE ( 'NONE', *, *, #5428, .T. ) ;
#1905 = VERTEX_POINT ( 'NONE', #1723 ) ;
#1906 = DIRECTION ( 'NONE',  ( 0.1423148382732963568, -0.9898214418809310189, 0.000000000000000000 ) ) ;
#1907 = ORIENTED_EDGE ( 'NONE', *, *, #3892, .T. ) ;
#1908 = AXIS2_PLACEMENT_3D ( 'NONE', #1625, #2532, #3038 ) ;
#1909 = FACE_OUTER_BOUND ( 'NONE', #3973, .T. ) ;
#1910 = CARTESIAN_POINT ( 'NONE',  ( -19.99828228972596023, 2.320709441466054290, -10.00000000000000000 ) ) ;
#1911 = DIRECTION ( 'NONE',  ( -0.000000000000000000, -0.000000000000000000, 1.000000000000000000 ) ) ;
#1912 = DIRECTION ( 'NONE',  ( 1.000000000000000000, 0.000000000000000000, 0.000000000000000000 ) ) ;
#1913 = DIRECTION ( 'NONE',  ( -0.6548607339452783282, -0.7557495743542641531, 0.000000000000000000 ) ) ;
#1914 = LINE ( 'NONE', #5471, #4115 ) ;
#1915 = CARTESIAN_POINT ( 'NONE',  ( 0.000000000000000000, 0.000000000000000000, 5.000000000000000000 ) ) ;
#1916 = ORIENTED_EDGE ( 'NONE', *, *, #1652, .T. ) ;
#1917 = FACE_OUTER_BOUND ( 'NONE', #1691, .T. ) ;
#1918 = AXIS2_PLACEMENT_3D ( 'NONE', #3117, #564, #4944 ) ;
#1919 = CIRCLE ( 'NONE', #3904, 4.499999999999999112 ) ;
#1920 = EDGE_CURVE ( 'NONE', #1624, #2881, #985, .T. ) ;
#1921 = CARTESIAN_POINT ( 'NONE',  ( -4.967057427318659180, 18.86477411380786151, -10.00000000000000000 ) ) ;
#1922 = AXIS2_PLACEMENT_3D ( 'NONE', #1577, #3750, #4642 ) ;
#1923 = CARTESIAN_POINT ( 'NONE',  ( 15.25841555994369259, -18.52513845022672001, -10.00000000000000000 ) ) ;
#1924 = ORIENTED_EDGE ( 'NONE', *, *, #1594, .F. ) ;
#1925 = CIRCLE ( 'NONE', #5255, 0.6250000000000000000 ) ;
#1926 = FACE_OUTER_BOUND ( 'NONE', #4973, .T. ) ;
#1927 = ORIENTED_EDGE ( 'NONE', *, *, #584, .T. ) ;
#1928 = CIRCLE ( 'NONE', #2780, 24.00000000000000355 ) ;
#1929 = VERTEX_POINT ( 'NONE', #3082 ) ;
#1930 = ORIENTED_EDGE ( 'NONE', *, *, #1966, .T. ) ;
#1931 = CARTESIAN_POINT ( 'NONE',  ( -10.08067774637095049, -16.70123642204666581, 10.00000000000000000 ) ) ;
#1932 = FACE_OUTER_BOUND ( 'NONE', #2153, .T. ) ;
#1933 = EDGE_CURVE ( 'NONE', #128, #5318, #2578, .T. ) ;
#1934 = ORIENTED_EDGE ( 'NONE', *, *, #1205, .T. ) ;
#1935 = FACE_OUTER_BOUND ( 'NONE', #1855, .T. ) ;
#1936 = ORIENTED_EDGE ( 'NONE', *, *, #5309, .F. ) ;
#1937 = CARTESIAN_POINT ( 'NONE',  ( -18.81871354321301126, -7.304287178075758113, -10.00000000000000000 ) ) ;
#1938 = ADVANCED_FACE ( 'NONE', ( #840 ), #2635, .T. ) ;
#1939 = DIRECTION ( 'NONE',  ( 1.000000000000000000, 0.000000000000000000, 0.000000000000000000 ) ) ;
#1940 = CARTESIAN_POINT ( 'NONE',  ( -19.33587997703271455, -8.507407543743418898, -10.00000000000000000 ) ) ;
#1941 = DIRECTION ( 'NONE',  ( -1.000000000000000000, 0.000000000000000000, 0.000000000000000000 ) ) ;
#1942 = DIRECTION ( 'NONE',  ( -0.000000000000000000, -0.000000000000000000, 1.000000000000000000 ) ) ;
#1943 = CYLINDRICAL_SURFACE ( 'NONE', #4910, 4.500000000000000888 ) ;
#1944 = ORIENTED_EDGE ( 'NONE', *, *, #4186, .T. ) ;
#1945 = DIRECTION ( 'NONE',  ( 0.7557495743542548272, 0.6548607339452890974, 0.000000000000000000 ) ) ;
#1946 = EDGE_CURVE ( 'NONE', #5850, #4225, #3592, .T. ) ;
#1947 = EDGE_CURVE ( 'NONE', #2998, #2134, #3922, .T. ) ;
#1948 = CARTESIAN_POINT ( 'NONE',  ( 15.99856791459341387, 12.31025650762212642, -10.00000000000000000 ) ) ;
#1949 = CYLINDRICAL_SURFACE ( 'NONE', #4972, 4.499999999999999112 ) ;
#1950 = ORIENTED_EDGE ( 'NONE', *, *, #1131, .T. ) ;
#1951 = DIRECTION ( 'NONE',  ( -1.000000000000000000, 0.000000000000000000, 0.000000000000000000 ) ) ;
#1952 = ORIENTED_EDGE ( 'NONE', *, *, #1238, .T. ) ;
#1953 = EDGE_CURVE ( 'NONE', #1578, #3370, #4938, .T. ) ;
#1954 = VERTEX_POINT ( 'NONE', #3203 ) ;
#1955 = CARTESIAN_POINT ( 'NONE',  ( 4.967057427318381180, 18.86477411380793612, 10.00000000000000000 ) ) ;
#1956 = EDGE_CURVE ( 'NONE', #655, #5440, #4292, .T. ) ;
#1957 = ORIENTED_EDGE ( 'NONE', *, *, #465, .T. ) ;
#1958 = AXIS2_PLACEMENT_3D ( 'NONE', #1495, #5069, #607 ) ;
#1959 = DIRECTION ( 'NONE',  ( -0.000000000000000000, -0.000000000000000000, 1.000000000000000000 ) ) ;
#1960 = DIRECTION ( 'NONE',  ( 0.000000000000000000, 0.000000000000000000, 1.000000000000000000 ) ) ;
#1961 = VECTOR ( 'NONE', #3632, 1000.000000000000000 ) ;
#1962 = ORIENTED_EDGE ( 'NONE', *, *, #4077, .F. ) ;
#1963 = AXIS2_PLACEMENT_3D ( 'NONE', #1717, #4424, #3914 ) ;
#1964 = FACE_OUTER_BOUND ( 'NONE', #479, .T. ) ;
#1965 = ORIENTED_EDGE ( 'NONE', *, *, #166, .F. ) ;
#1966 = EDGE_CURVE ( 'NONE', #3990, #649, #3635, .T. ) ;
#1967 = DIRECTION ( 'NONE',  ( 0.8412535328311804284, 0.5406408174555986657, 0.000000000000000000 ) ) ;
#1968 = FACE_OUTER_BOUND ( 'NONE', #4200, .T. ) ;
#1969 = DIRECTION ( 'NONE',  ( 0.6548607339452947596, -0.7557495743542499422, 0.000000000000000000 ) ) ;
#1970 = ADVANCED_FACE ( 'NONE', ( #2287 ), #4165, .F. ) ;
#1971 = CYLINDRICAL_SURFACE ( 'NONE', #1988, 24.00000000000000355 ) ;
#1972 = FACE_OUTER_BOUND ( 'NONE', #1524, .T. ) ;
#1973 = DIRECTION ( 'NONE',  ( 0.000000000000000000, 0.000000000000000000, 1.000000000000000000 ) ) ;
#1974 = ORIENTED_EDGE ( 'NONE', *, *, #3000, .T. ) ;
#1975 = DIRECTION ( 'NONE',  ( 1.000000000000000000, 0.000000000000000000, 0.000000000000000000 ) ) ;
#1976 = CIRCLE ( 'NONE', #2637, 0.6249999999999993339 ) ;
#1977 = VECTOR ( 'NONE', #5465, 1000.000000000000000 ) ;
#1978 = CARTESIAN_POINT ( 'NONE',  ( -23.18963355092070699, 6.183922361577058879, -10.00000000000000000 ) ) ;
#1979 = CARTESIAN_POINT ( 'NONE',  ( 15.09661189330446618, 12.35490474241767700, 10.00000000000000000 ) ) ;
#1980 = VERTEX_POINT ( 'NONE', #2364 ) ;
#1981 = CARTESIAN_POINT ( 'NONE',  ( -1.173362810797226041, -20.15241450336780105, -10.00000000000000000 ) ) ;
#1982 = ORIENTED_EDGE ( 'NONE', *, *, #2079, .T. ) ;
#1983 = ORIENTED_EDGE ( 'NONE', *, *, #1353, .T. ) ;
#1984 = CARTESIAN_POINT ( 'NONE',  ( -10.08067774637107306, 16.70123642204659831, -10.00000000000000000 ) ) ;
#1985 = ORIENTED_EDGE ( 'NONE', *, *, #3488, .T. ) ;
#1986 = VECTOR ( 'NONE', #4739, 1000.000000000000000 ) ;
#1987 = CARTESIAN_POINT ( 'NONE',  ( 16.16692557220095239, 17.61065260841518310, 10.00000000000000000 ) ) ;
#1988 = AXIS2_PLACEMENT_3D ( 'NONE', #5640, #5218, #1941 ) ;
#1989 = FACE_OUTER_BOUND ( 'NONE', #5661, .T. ) ;
#1990 = ORIENTED_EDGE ( 'NONE', *, *, #770, .T. ) ;
#1991 = EDGE_CURVE ( 'NONE', #1835, #4943, #3152, .T. ) ;
#1992 = DIRECTION ( 'NONE',  ( -0.000000000000000000, -0.000000000000000000, 1.000000000000000000 ) ) ;
#1993 = VERTEX_POINT ( 'NONE', #3625 ) ;
#1994 = AXIS2_PLACEMENT_3D ( 'NONE', #2741, #4563, #498 ) ;
#1995 = DIRECTION ( 'NONE',  ( 1.000000000000000000, 0.000000000000000000, 0.000000000000000000 ) ) ;
#1996 = EDGE_CURVE ( 'NONE', #4434, #4697, #33, .T. ) ;
#1997 = CARTESIAN_POINT ( 'NONE',  ( -22.85164199041754785, 7.335015906034945132, -10.00000000000000000 ) ) ;
#1998 = LINE ( 'NONE', #3366, #1986 ) ;
#1999 = VECTOR ( 'NONE', #4633, 1000.000000000000000 ) ;
#2000 = ADVANCED_FACE ( 'NONE', ( #3292 ), #3657, .T. ) ;
#2001 = DIRECTION ( 'NONE',  ( 0.8412535328311790961, 0.5406408174556007751, 0.000000000000000000 ) ) ;
#2002 = DIRECTION ( 'NONE',  ( 0.000000000000000000, 0.000000000000000000, -1.000000000000000000 ) ) ;
#2003 = EDGE_CURVE ( 'NONE', #3557, #3802, #5054, .T. ) ;
#2004 = CIRCLE ( 'NONE', #4002, 24.00000000000000355 ) ;
#2005 = CYLINDRICAL_SURFACE ( 'NONE', #1489, 0.6250000000000005551 ) ;
#2006 = ORIENTED_EDGE ( 'NONE', *, *, #5563, .T. ) ;
#2007 = DIRECTION ( 'NONE',  ( 0.000000000000000000, -0.000000000000000000, 1.000000000000000000 ) ) ;
#2008 = DIRECTION ( 'NONE',  ( -0.000000000000000000, -0.000000000000000000, 1.000000000000000000 ) ) ;
#2009 = CARTESIAN_POINT ( 'NONE',  ( -18.07829587629832702, -8.859582668517271387, 10.00000000000000000 ) ) ;
#2010 = ORIENTED_EDGE ( 'NONE', *, *, #369, .T. ) ;
#2011 = ADVANCED_FACE ( 'NONE', ( #1403 ), #2729, .F. ) ;
#2012 = DIRECTION ( 'NONE',  ( 1.000000000000000000, 0.000000000000000000, 0.000000000000000000 ) ) ;
#2013 = VECTOR ( 'NONE', #3055, 1000.000000000000000 ) ;
#2014 = ORIENTED_EDGE ( 'NONE', *, *, #410, .F. ) ;
#2015 = CARTESIAN_POINT ( 'NONE',  ( -19.09177818327986387, 9.041915914340068028, -10.00000000000000000 ) ) ;
#2016 = AXIS2_PLACEMENT_3D ( 'NONE', #3849, #711, #3102 ) ;
#2017 = ORIENTED_EDGE ( 'NONE', *, *, #715, .T. ) ;
#2018 = CYLINDRICAL_SURFACE ( 'NONE', #271, 24.00000000000000355 ) ;
#2019 = DIRECTION ( 'NONE',  ( 1.000000000000000000, 0.000000000000000000, 0.000000000000000000 ) ) ;
#2020 = ORIENTED_EDGE ( 'NONE', *, *, #1684, .T. ) ;
#2021 = EDGE_CURVE ( 'NONE', #4833, #2587, #4579, .T. ) ;
#2022 = LINE ( 'NONE', #3779, #3633 ) ;
#2023 = ORIENTED_EDGE ( 'NONE', *, *, #1391, .F. ) ;
#2024 = DIRECTION ( 'NONE',  ( 0.000000000000000000, 0.000000000000000000, 1.000000000000000000 ) ) ;
#2025 = VECTOR ( 'NONE', #1057, 1000.000000000000000 ) ;
#2026 = CYLINDRICAL_SURFACE ( 'NONE', #4029, 17.50000000000000355 ) ;
#2027 = ADVANCED_FACE ( 'NONE', ( #4139 ), #5506, .T. ) ;
#2028 = DIRECTION ( 'NONE',  ( -0.000000000000000000, -0.000000000000000000, 1.000000000000000000 ) ) ;
#2029 = CARTESIAN_POINT ( 'NONE',  ( 11.88231346068083560, -16.31892206683498614, -10.00000000000000000 ) ) ;
#2030 = DIRECTION ( 'NONE',  ( -1.000000000000000000, 0.000000000000000000, 0.000000000000000000 ) ) ;
#2031 = DIRECTION ( 'NONE',  ( 1.000000000000000000, 0.000000000000000000, 0.000000000000000000 ) ) ;
#2032 = EDGE_CURVE ( 'NONE', #4719, #2278, #2765, .T. ) ;
#2033 = VERTEX_POINT ( 'NONE', #4523 ) ;
#2034 = CARTESIAN_POINT ( 'NONE',  ( -11.34221464530690504, -16.63343481638901267, -10.00000000000000000 ) ) ;
#2035 = CIRCLE ( 'NONE', #2408, 0.6249999999999993339 ) ;
#2036 = DIRECTION ( 'NONE',  ( 0.000000000000000000, -0.000000000000000000, 1.000000000000000000 ) ) ;
#2037 = CARTESIAN_POINT ( 'NONE',  ( -5.669031769813693167, 20.34979892761597142, -10.00000000000000000 ) ) ;
#2038 = ORIENTED_EDGE ( 'NONE', *, *, #331, .T. ) ;
#2039 = LINE ( 'NONE', #5144, #976 ) ;
#2040 = EDGE_LOOP ( 'NONE', ( #5122, #303, #3887, #2436 ) ) ;
#2041 = DIRECTION ( 'NONE',  ( -0.000000000000000000, -0.000000000000000000, 1.000000000000000000 ) ) ;
#2042 = ORIENTED_EDGE ( 'NONE', *, *, #4262, .T. ) ;
#2043 = DIRECTION ( 'NONE',  ( -1.000000000000000000, 0.000000000000000000, 0.000000000000000000 ) ) ;
#2044 = CYLINDRICAL_SURFACE ( 'NONE', #2953, 0.6250000000000005551 ) ;
#2045 = VERTEX_POINT ( 'NONE', #991 ) ;
#2046 = CYLINDRICAL_SURFACE ( 'NONE', #5247, 24.00000000000000355 ) ;
#2047 = ORIENTED_EDGE ( 'NONE', *, *, #5117, .T. ) ;
#2048 = CARTESIAN_POINT ( 'NONE',  ( -19.22339234480601888, 3.318516025112738799, 10.00000000000000000 ) ) ;
#2049 = CIRCLE ( 'NONE', #5290, 4.499999999999999112 ) ;
#2050 = EDGE_CURVE ( 'NONE', #3503, #3204, #2197, .T. ) ;
#2051 = DIRECTION ( 'NONE',  ( 0.4154150130018775533, 0.9096319953545225490, 0.000000000000000000 ) ) ;
#2052 = DIRECTION ( 'NONE',  ( -0.1423148382732886408, 0.9898214418809322401, 0.000000000000000000 ) ) ;
#2053 = EDGE_LOOP ( 'NONE', ( #5315, #329, #3331, #2345 ) ) ;
#2054 = CARTESIAN_POINT ( 'NONE',  ( -19.84203074598157812, -3.407462799033682099, -10.00000000000000000 ) ) ;
#2055 = CARTESIAN_POINT ( 'NONE',  ( -18.81871354321306455, 7.304287178075622222, -10.00000000000000000 ) ) ;
#2056 = DIRECTION ( 'NONE',  ( 1.000000000000000000, 0.000000000000000000, -0.000000000000000000 ) ) ;
#2057 = ORIENTED_EDGE ( 'NONE', *, *, #5486, .T. ) ;
#2058 = DIRECTION ( 'NONE',  ( 0.1423148382732943029, -0.9898214418809313520, 0.000000000000000000 ) ) ;
#2059 = LINE ( 'NONE', #1712, #2362 ) ;
#2060 = EDGE_CURVE ( 'NONE', #2255, #390, #4763, .T. ) ;
#2061 = DIRECTION ( 'NONE',  ( -0.000000000000000000, -0.000000000000000000, 1.000000000000000000 ) ) ;
#2062 = VERTEX_POINT ( 'NONE', #1899 ) ;
#2063 = FACE_OUTER_BOUND ( 'NONE', #3910, .T. ) ;
#2064 = VERTEX_POINT ( 'NONE', #2702 ) ;
#2065 = APPLICATION_CONTEXT ( 'automotive_design' ) ;
#2066 = CIRCLE ( 'NONE', #2919, 24.00000000000000355 ) ;
#2067 = VECTOR ( 'NONE', #2876, 1000.000000000000000 ) ;
#2068 = EDGE_CURVE ( 'NONE', #4901, #3540, #5448, .T. ) ;
#2069 = DIRECTION ( 'NONE',  ( -1.000000000000000000, 0.000000000000000000, 0.000000000000000000 ) ) ;
#2070 = ORIENTED_EDGE ( 'NONE', *, *, #1520, .T. ) ;
#2071 = AXIS2_PLACEMENT_3D ( 'NONE', #2399, #3829, #2926 ) ;
#2072 = ADVANCED_FACE ( 'NONE', ( #1926 ), #5112, .T. ) ;
#2073 = LINE ( 'NONE', #2929, #2067 ) ;
#2074 = CARTESIAN_POINT ( 'NONE',  ( -20.94945465600704182, -2.715250857188337807, -10.00000000000000000 ) ) ;
#2075 = VERTEX_POINT ( 'NONE', #2254 ) ;
#2076 = CARTESIAN_POINT ( 'NONE',  ( 6.020512289497252922, -18.55545185715748957, 10.00000000000000000 ) ) ;
#2077 = VERTEX_POINT ( 'NONE', #5706 ) ;
#2078 = DIRECTION ( 'NONE',  ( 1.000000000000000000, 0.000000000000000000, 0.000000000000000000 ) ) ;
#2079 = EDGE_CURVE ( 'NONE', #2731, #2237, #4856, .T. ) ;
#2080 = AXIS2_PLACEMENT_3D ( 'NONE', #1861, #1008, #415 ) ;
#2081 = CARTESIAN_POINT ( 'NONE',  ( 19.37964388855039388, -2.231762667545112766, -10.00000000000000000 ) ) ;
#2082 = CARTESIAN_POINT ( 'NONE',  ( 5.143140275344690870, -19.46445722231688791, 10.00000000000000000 ) ) ;
#2083 = ORIENTED_EDGE ( 'NONE', *, *, #909, .F. ) ;
#2084 = AXIS2_PLACEMENT_3D ( 'NONE', #2683, #2208, #5398 ) ;
#2085 = FACE_OUTER_BOUND ( 'NONE', #4006, .T. ) ;
#2086 = PLANE ( 'NONE',  #325 ) ;
#2087 = CYLINDRICAL_SURFACE ( 'NONE', #4080, 4.499999999999997335 ) ;
#2088 = CIRCLE ( 'NONE', #4956, 0.6249999999999998890 ) ;
#2089 = FACE_OUTER_BOUND ( 'NONE', #4906, .T. ) ;
#2090 = CARTESIAN_POINT ( 'NONE',  ( 6.803424637022346566, 19.00552561255984330, -10.00000000000000000 ) ) ;
#2091 = VERTEX_POINT ( 'NONE', #3434 ) ;
#2092 = DIRECTION ( 'NONE',  ( -0.000000000000000000, -0.000000000000000000, 1.000000000000000000 ) ) ;
#2093 = AXIS2_PLACEMENT_3D ( 'NONE', #2976, #5313, #3944 ) ;
#2094 = CARTESIAN_POINT ( 'NONE',  ( 11.17259703341957611, 17.92833827019061133, 10.00000000000000000 ) ) ;
#2095 = VERTEX_POINT ( 'NONE', #3376 ) ;
#2096 = CARTESIAN_POINT ( 'NONE',  ( 19.84203074598162786, -3.407462799033397438, -10.00000000000000000 ) ) ;
#2097 = ORIENTED_EDGE ( 'NONE', *, *, #4546, .T. ) ;
#2098 = DIRECTION ( 'NONE',  ( -1.000000000000000000, 0.000000000000000000, 0.000000000000000000 ) ) ;
#2099 = ORIENTED_EDGE ( 'NONE', *, *, #708, .T. ) ;
#2100 = DIRECTION ( 'NONE',  ( -0.000000000000000000, -0.000000000000000000, 1.000000000000000000 ) ) ;
#2101 = DIRECTION ( 'NONE',  ( 0.4154150130018905984, -0.9096319953545165538, 0.000000000000000000 ) ) ;
#2102 = DIRECTION ( 'NONE',  ( 1.000000000000000000, 0.000000000000000000, 0.000000000000000000 ) ) ;
#2103 = CIRCLE ( 'NONE', #1468, 4.499999999999999112 ) ;
#2104 = ORIENTED_EDGE ( 'NONE', *, *, #901, .T. ) ;
#2105 = CIRCLE ( 'NONE', #4678, 4.500000000000000000 ) ;
#2106 = ORIENTED_EDGE ( 'NONE', *, *, #1824, .T. ) ;
#2107 = DIRECTION ( 'NONE',  ( 0.000000000000000000, 0.000000000000000000, 1.000000000000000000 ) ) ;
#2108 = ORIENTED_EDGE ( 'NONE', *, *, #3447, .T. ) ;
#2109 = AXIS2_PLACEMENT_3D ( 'NONE', #4761, #5893, #3558 ) ;
#2110 = FACE_OUTER_BOUND ( 'NONE', #3342, .T. ) ;
#2111 = CIRCLE ( 'NONE', #2576, 4.499999999999999112 ) ;
#2112 = ADVANCED_FACE ( 'NONE', ( #651 ), #5620, .F. ) ;
#2113 = CYLINDRICAL_SURFACE ( 'NONE', #1737, 0.6250000000000005551 ) ;
#2114 = DIRECTION ( 'NONE',  ( 0.000000000000000000, -0.000000000000000000, -1.000000000000000000 ) ) ;
#2115 = VERTEX_POINT ( 'NONE', #1044 ) ;
#2116 = DIRECTION ( 'NONE',  ( 0.000000000000000000, 0.000000000000000000, -1.000000000000000000 ) ) ;
#2117 = DIRECTION ( 'NONE',  ( 1.000000000000000000, 0.000000000000000000, 0.000000000000000000 ) ) ;
#2118 = ADVANCED_FACE ( 'NONE', ( #2063 ), #4273, .T. ) ;
#2119 = DIRECTION ( 'NONE',  ( 0.000000000000000000, 0.000000000000000000, 1.000000000000000000 ) ) ;
#2120 = DIRECTION ( 'NONE',  ( 0.000000000000000000, -0.000000000000000000, 1.000000000000000000 ) ) ;
#2121 = DIRECTION ( 'NONE',  ( 0.1423148382732942474, -0.9898214418809313520, 0.000000000000000000 ) ) ;
#2122 = ORIENTED_EDGE ( 'NONE', *, *, #2918, .T. ) ;
#2123 = PLANE ( 'NONE',  #5519 ) ;
#2124 = DIRECTION ( 'NONE',  ( -0.000000000000000000, 0.000000000000000000, 1.000000000000000000 ) ) ;
#2125 = ORIENTED_EDGE ( 'NONE', *, *, #5375, .T. ) ;
#2126 = DIRECTION ( 'NONE',  ( -0.000000000000000000, -0.000000000000000000, -1.000000000000000000 ) ) ;
#2127 = EDGE_CURVE ( 'NONE', #172, #3538, #3808, .T. ) ;
#2128 = ORIENTED_EDGE ( 'NONE', *, *, #5107, .F. ) ;
#2129 = EDGE_CURVE ( 'NONE', #2992, #4833, #1125, .T. ) ;
#2130 = CIRCLE ( 'NONE', #5178, 4.499999999999999112 ) ;
#2131 = CARTESIAN_POINT ( 'NONE',  ( -11.34221464530690504, -16.63343481638901267, -10.00000000000000000 ) ) ;
#2132 = VERTEX_POINT ( 'NONE', #3350 ) ;
#2133 = DIRECTION ( 'NONE',  ( 1.000000000000000000, 0.000000000000000000, 0.000000000000000000 ) ) ;
#2134 = VERTEX_POINT ( 'NONE', #2478 ) ;
#2135 = ORIENTED_EDGE ( 'NONE', *, *, #5168, .F. ) ;
#2136 = DIRECTION ( 'NONE',  ( -0.000000000000000000, -0.000000000000000000, -1.000000000000000000 ) ) ;
#2137 = ORIENTED_EDGE ( 'NONE', *, *, #4916, .T. ) ;
#2138 = EDGE_CURVE ( 'NONE', #3802, #570, #2004, .T. ) ;
#2139 = CARTESIAN_POINT ( 'NONE',  ( -10.08067774637095049, -16.70123642204666581, -10.00000000000000000 ) ) ;
#2140 = AXIS2_PLACEMENT_3D ( 'NONE', #2736, #4088, #11 ) ;
#2141 = FILL_AREA_STYLE_COLOUR ( '', #5843 ) ;
#2142 = DIRECTION ( 'NONE',  ( 0.6548607339452835463, 0.7557495743542594901, 0.000000000000000000 ) ) ;
#2143 = ORIENTED_EDGE ( 'NONE', *, *, #1764, .F. ) ;
#2144 = EDGE_CURVE ( 'NONE', #3629, #4753, #1256, .T. ) ;
#2145 = DIRECTION ( 'NONE',  ( 0.4154150130018856579, 0.9096319953545187742, 0.000000000000000000 ) ) ;
#2146 = DIRECTION ( 'NONE',  ( -1.000000000000000000, 0.000000000000000000, 0.000000000000000000 ) ) ;
#2147 = AXIS2_PLACEMENT_3D ( 'NONE', #5473, #4575, #4992 ) ;
#2148 = CARTESIAN_POINT ( 'NONE',  ( 4.551757892101347736, 19.66667462213690953, -10.00000000000000000 ) ) ;
#2149 = ADVANCED_FACE ( 'NONE', ( #3403 ), #2394, .T. ) ;
#2150 = ORIENTED_EDGE ( 'NONE', *, *, #5106, .F. ) ;
#2151 = CARTESIAN_POINT ( 'NONE',  ( -15.99856791459359329, 12.31025650762189549, 10.00000000000000000 ) ) ;
#2152 = CIRCLE ( 'NONE', #73, 4.499999999999999112 ) ;
#2153 = EDGE_LOOP ( 'NONE', ( #1310, #4663, #2707, #1431 ) ) ;
#2154 = CIRCLE ( 'NONE', #2250, 4.499999999999999112 ) ;
#2155 = DIRECTION ( 'NONE',  ( 0.000000000000000000, -0.000000000000000000, -1.000000000000000000 ) ) ;
#2156 = LINE ( 'NONE', #4836, #4401 ) ;
#2157 = VERTEX_POINT ( 'NONE', #236 ) ;
#2158 = CARTESIAN_POINT ( 'NONE',  ( 10.51248375447613981, 21.57516362190274961, 10.00000000000000000 ) ) ;
#2159 = ORIENTED_EDGE ( 'NONE', *, *, #4619, .T. ) ;
#2160 = DIRECTION ( 'NONE',  ( 1.000000000000000000, 0.000000000000000000, 0.000000000000000000 ) ) ;
#2161 = ORIENTED_EDGE ( 'NONE', *, *, #708, .F. ) ;
#2162 = DIRECTION ( 'NONE',  ( -0.000000000000000000, -0.000000000000000000, -1.000000000000000000 ) ) ;
#2163 = AXIS2_PLACEMENT_3D ( 'NONE', #3296, #442, #3329 ) ;
#2164 = VERTEX_POINT ( 'NONE', #205 ) ;
#2165 = VERTEX_POINT ( 'NONE', #1981 ) ;
#2166 = VECTOR ( 'NONE', #4427, 1000.000000000000000 ) ;
#2167 = FACE_OUTER_BOUND ( 'NONE', #3427, .T. ) ;
#2168 = ORIENTED_EDGE ( 'NONE', *, *, #807, .T. ) ;
#2169 = DIRECTION ( 'NONE',  ( 1.000000000000000000, 0.000000000000000000, 0.000000000000000000 ) ) ;
#2170 = CARTESIAN_POINT ( 'NONE',  ( -5.143140275344553203, 19.46445722231692699, 10.00000000000000000 ) ) ;
#2171 = FACE_OUTER_BOUND ( 'NONE', #3048, .T. ) ;
#2172 = EDGE_CURVE ( 'NONE', #3086, #2845, #2039, .T. ) ;
#2173 = ORIENTED_EDGE ( 'NONE', *, *, #4238, .F. ) ;
#2174 = FACE_OUTER_BOUND ( 'NONE', #5762, .T. ) ;
#2175 = EDGE_CURVE ( 'NONE', #2841, #963, #1725, .T. ) ;
#2176 = DIRECTION ( 'NONE',  ( -0.000000000000000000, -0.000000000000000000, 1.000000000000000000 ) ) ;
#2177 = CIRCLE ( 'NONE', #484, 0.6249999999999996669 ) ;
#2178 = DIRECTION ( 'NONE',  ( -0.000000000000000000, -0.000000000000000000, 1.000000000000000000 ) ) ;
#2179 = DIRECTION ( 'NONE',  ( -0.4154150130018905984, 0.9096319953545165538, 0.000000000000000000 ) ) ;
#2180 = CARTESIAN_POINT ( 'NONE',  ( 18.53439193672090468, 7.860871604808963298, 10.00000000000000000 ) ) ;
#2181 = AXIS2_PLACEMENT_3D ( 'NONE', #4131, #78, #52 ) ;
#2182 = ORIENTED_EDGE ( 'NONE', *, *, #2865, .F. ) ;
#2183 = DIRECTION ( 'NONE',  ( 0.4154150130018905984, -0.9096319953545165538, 0.000000000000000000 ) ) ;
#2184 = ADVANCED_FACE ( 'NONE', ( #3797 ), #2419, .T. ) ;
#2185 = DIRECTION ( 'NONE',  ( -0.000000000000000000, 0.000000000000000000, -1.000000000000000000 ) ) ;
#2186 = ORIENTED_EDGE ( 'NONE', *, *, #5718, .T. ) ;
#2187 = CIRCLE ( 'NONE', #5523, 0.6249999999999996669 ) ;
#2188 = FACE_OUTER_BOUND ( 'NONE', #4009, .T. ) ;
#2189 = EDGE_CURVE ( 'NONE', #3148, #1201, #406, .T. ) ;
#2190 = ORIENTED_EDGE ( 'NONE', *, *, #3433, .F. ) ;
#2191 = VECTOR ( 'NONE', #2448, 1000.000000000000000 ) ;
#2192 = CARTESIAN_POINT ( 'NONE',  ( 15.09661189330473441, -12.35490474241735015, 10.00000000000000000 ) ) ;
#2193 = EDGE_CURVE ( 'NONE', #3243, #4086, #1102, .T. ) ;
#2194 = VERTEX_POINT ( 'NONE', #5201 ) ;
#2195 = DIRECTION ( 'NONE',  ( -0.000000000000000000, -0.000000000000000000, 1.000000000000000000 ) ) ;
#2196 = ORIENTED_EDGE ( 'NONE', *, *, #3701, .T. ) ;
#2197 = CIRCLE ( 'NONE', #5146, 10.00000000000000000 ) ;
#2198 = VERTEX_POINT ( 'NONE', #2924 ) ;
#2199 = FACE_OUTER_BOUND ( 'NONE', #4309, .T. ) ;
#2200 = ORIENTED_EDGE ( 'NONE', *, *, #3084, .F. ) ;
#2201 = ADVANCED_FACE ( 'NONE', ( #4332 ), #4752, .F. ) ;
#2202 = CARTESIAN_POINT ( 'NONE',  ( -11.88231346068072192, 16.31892206683507140, 10.00000000000000000 ) ) ;
#2203 = CIRCLE ( 'NONE', #1062, 24.00000000000000355 ) ;
#2204 = CYLINDRICAL_SURFACE ( 'NONE', #1455, 4.499999999999999112 ) ;
#2205 = ADVANCED_FACE ( 'NONE', ( #5229 ), #2535, .F. ) ;
#2206 = VERTEX_POINT ( 'NONE', #1748 ) ;
#2207 = AXIS2_PLACEMENT_3D ( 'NONE', #5713, #452, #4041 ) ;
#2208 = DIRECTION ( 'NONE',  ( -0.000000000000000000, -0.000000000000000000, 1.000000000000000000 ) ) ;
#2209 = CIRCLE ( 'NONE', #4869, 4.500000000000000000 ) ;
#2210 = LINE ( 'NONE', #2652, #1741 ) ;
#2211 = MECHANICAL_DESIGN_GEOMETRIC_PRESENTATION_REPRESENTATION (  '', ( #3267 ), #1176 ) ;
#2212 = LINE ( 'NONE', #1359, #2739 ) ;
#2213 = EDGE_CURVE ( 'NONE', #4556, #3659, #2154, .T. ) ;
#2214 = VERTEX_POINT ( 'NONE', #2569 ) ;
#2215 = CARTESIAN_POINT ( 'NONE',  ( 5.143140275344690870, -19.46445722231688791, -10.00000000000000000 ) ) ;
#2216 = VECTOR ( 'NONE', #5040, 1000.000000000000000 ) ;
#2217 = EDGE_CURVE ( 'NONE', #3985, #4398, #2995, .T. ) ;
#2218 = ORIENTED_EDGE ( 'NONE', *, *, #5357, .T. ) ;
#2219 = CARTESIAN_POINT ( 'NONE',  ( 15.99856791459368388, -12.31025650762178003, -10.00000000000000000 ) ) ;
#2220 = CARTESIAN_POINT ( 'NONE',  ( -18.07829587629832702, -8.859582668517271387, -10.00000000000000000 ) ) ;
#2221 = ORIENTED_EDGE ( 'NONE', *, *, #3201, .T. ) ;
#2222 = VECTOR ( 'NONE', #632, 1000.000000000000000 ) ;
#2223 = CARTESIAN_POINT ( 'NONE',  ( 0.000000000000000000, 0.000000000000000000, 10.00000000000000000 ) ) ;
#2224 = ORIENTED_EDGE ( 'NONE', *, *, #5203, .T. ) ;
#2225 = DIRECTION ( 'NONE',  ( -0.000000000000000000, -0.000000000000000000, 1.000000000000000000 ) ) ;
#2226 = CARTESIAN_POINT ( 'NONE',  ( -23.99250271103942467, -0.5998446972059479076, -10.00000000000000000 ) ) ;
#2227 = EDGE_CURVE ( 'NONE', #2313, #396, #641, .T. ) ;
#2228 = ORIENTED_EDGE ( 'NONE', *, *, #1601, .F. ) ;
#2229 = DIRECTION ( 'NONE',  ( -0.1423148382732720985, -0.9898214418809345716, 0.000000000000000000 ) ) ;
#2230 = ORIENTED_EDGE ( 'NONE', *, *, #526, .T. ) ;
#2231 = ORIENTED_EDGE ( 'NONE', *, *, #1440, .T. ) ;
#2232 = ORIENTED_EDGE ( 'NONE', *, *, #2799, .F. ) ;
#2233 = DIRECTION ( 'NONE',  ( 0.000000000000000000, -0.000000000000000000, 1.000000000000000000 ) ) ;
#2234 = EDGE_LOOP ( 'NONE', ( #2608, #7, #477, #921, #3999, #4404 ) ) ;
#2235 = DIRECTION ( 'NONE',  ( -1.000000000000000000, 0.000000000000000000, 0.000000000000000000 ) ) ;
#2236 = CARTESIAN_POINT ( 'NONE',  ( 10.08067774637082614, 16.70123642204674752, -10.00000000000000000 ) ) ;
#2237 = VERTEX_POINT ( 'NONE', #5378 ) ;
#2238 = CARTESIAN_POINT ( 'NONE',  ( -1.000000000000000222, 7.433034373659253013, 10.00000000000000000 ) ) ;
#2239 = CARTESIAN_POINT ( 'NONE',  ( 17.96587193962433560, 7.601237221682775491, -10.00000000000000000 ) ) ;
#2240 = CARTESIAN_POINT ( 'NONE',  ( -15.25841555994356291, 18.52513845022683014, 10.00000000000000000 ) ) ;
#2241 = DIRECTION ( 'NONE',  ( 0.000000000000000000, -0.000000000000000000, 1.000000000000000000 ) ) ;
#2242 = DIRECTION ( 'NONE',  ( 0.000000000000000000, 0.000000000000000000, -1.000000000000000000 ) ) ;
#2243 = DIRECTION ( 'NONE',  ( -0.000000000000000000, -0.000000000000000000, 1.000000000000000000 ) ) ;
#2244 = FACE_OUTER_BOUND ( 'NONE', #2292, .T. ) ;
#2245 = ORIENTED_EDGE ( 'NONE', *, *, #2227, .T. ) ;
#2246 = CARTESIAN_POINT ( 'NONE',  ( -16.15582729722532918, 13.61034466660510844, -10.00000000000000000 ) ) ;
#2247 = ORIENTED_EDGE ( 'NONE', *, *, #4092, .T. ) ;
#2248 = AXIS2_PLACEMENT_3D ( 'NONE', #1290, #5242, #1174 ) ;
#2249 = DIRECTION ( 'NONE',  ( 1.000000000000000000, 0.000000000000000000, 0.000000000000000000 ) ) ;
#2250 = AXIS2_PLACEMENT_3D ( 'NONE', #4931, #421, #1685 ) ;
#2251 = EDGE_CURVE ( 'NONE', #4460, #4031, #389, .T. ) ;
#2252 = CARTESIAN_POINT ( 'NONE',  ( 11.66692557220133963, -17.61065260841493085, -10.00000000000000000 ) ) ;
#2253 = ORIENTED_EDGE ( 'NONE', *, *, #4442, .T. ) ;
#2254 = CARTESIAN_POINT ( 'NONE',  ( 2.820749999999999424, 23.83366042884517100, -10.00000000000000000 ) ) ;
#2255 = VERTEX_POINT ( 'NONE', #834 ) ;
#2256 = EDGE_CURVE ( 'NONE', #4066, #4965, #1658, .T. ) ;
#2257 = EDGE_CURVE ( 'NONE', #1070, #953, #326, .T. ) ;
#2258 = ORIENTED_EDGE ( 'NONE', *, *, #3862, .F. ) ;
#2259 = VERTEX_POINT ( 'NONE', #3947 ) ;
#2260 = VERTEX_POINT ( 'NONE', #5766 ) ;
#2261 = DIRECTION ( 'NONE',  ( 0.8412535328311846472, -0.5406408174555922264, 0.000000000000000000 ) ) ;
#2262 = EDGE_CURVE ( 'NONE', #2267, #4144, #1781, .T. ) ;
#2263 = CARTESIAN_POINT ( 'NONE',  ( -5.143140275344553203, 19.46445722231692699, 10.00000000000000000 ) ) ;
#2264 = DIRECTION ( 'NONE',  ( 0.9594929736145006993, -0.2817325568414185688, 0.000000000000000000 ) ) ;
#2265 = VECTOR ( 'NONE', #5729, 1000.000000000000000 ) ;
#2266 = CIRCLE ( 'NONE', #849, 4.499999999999999112 ) ;
#2267 = VERTEX_POINT ( 'NONE', #5317 ) ;
#2268 = DIRECTION ( 'NONE',  ( 0.000000000000000000, -0.000000000000000000, 1.000000000000000000 ) ) ;
#2269 = EDGE_CURVE ( 'NONE', #2392, #3432, #461, .T. ) ;
#2270 = CARTESIAN_POINT ( 'NONE',  ( 20.86582910995577578, 3.296879305597826715, -10.00000000000000000 ) ) ;
#2271 = AXIS2_PLACEMENT_3D ( 'NONE', #3671, #109, #5886 ) ;
#2272 = CARTESIAN_POINT ( 'NONE',  ( 14.37762150651157000, -13.18466388144850043, -10.00000000000000000 ) ) ;
#2273 = DIRECTION ( 'NONE',  ( -0.9594929736144973687, -0.2817325568414301151, 0.000000000000000000 ) ) ;
#2274 = CARTESIAN_POINT ( 'NONE',  ( 9.421207896831736761, 22.07353260728050159, -10.00000000000000000 ) ) ;
#2275 = LINE ( 'NONE', #4065, #4751 ) ;
#2276 = AXIS2_PLACEMENT_3D ( 'NONE', #2648, #5752, #5719 ) ;
#2277 = CYLINDRICAL_SURFACE ( 'NONE', #2584, 0.6250000000000005551 ) ;
#2278 = VERTEX_POINT ( 'NONE', #4454 ) ;
#2279 = CYLINDRICAL_SURFACE ( 'NONE', #5768, 17.50000000000000355 ) ;
#2280 = CIRCLE ( 'NONE', #3709, 24.00000000000000355 ) ;
#2281 = ORIENTED_EDGE ( 'NONE', *, *, #5619, .T. ) ;
#2282 = CARTESIAN_POINT ( 'NONE',  ( -10.51248375447629790, -21.57516362190266790, 10.00000000000000000 ) ) ;
#2283 = DIRECTION ( 'NONE',  ( -0.000000000000000000, -0.000000000000000000, 1.000000000000000000 ) ) ;
#2284 = CIRCLE ( 'NONE', #3893, 4.499999999999999112 ) ;
#2285 = VERTEX_POINT ( 'NONE', #4868 ) ;
#2286 = EDGE_CURVE ( 'NONE', #2064, #4614, #5580, .T. ) ;
#2287 = FACE_OUTER_BOUND ( 'NONE', #5002, .T. ) ;
#2288 = EDGE_LOOP ( 'NONE', ( #534, #3927, #3381, #3042 ) ) ;
#2289 = AXIS2_PLACEMENT_3D ( 'NONE', #1066, #2864, #620 ) ;
#2290 = ORIENTED_EDGE ( 'NONE', *, *, #2227, .F. ) ;
#2291 = EDGE_LOOP ( 'NONE', ( #204, #4167, #2721, #1808 ) ) ;
#2292 = EDGE_LOOP ( 'NONE', ( #5738, #1812, #153, #1140 ) ) ;
#2293 = LINE ( 'NONE', #5004, #1309 ) ;
#2294 = DIRECTION ( 'NONE',  ( 1.000000000000000000, 0.000000000000000000, 0.000000000000000000 ) ) ;
#2295 = DIRECTION ( 'NONE',  ( 0.000000000000000000, 0.000000000000000000, 1.000000000000000000 ) ) ;
#2296 = ORIENTED_EDGE ( 'NONE', *, *, #4238, .T. ) ;
#2297 = CARTESIAN_POINT ( 'NONE',  ( -23.18963355092066791, -6.183922361577225857, -10.00000000000000000 ) ) ;
#2298 = DIRECTION ( 'NONE',  ( -1.000000000000000000, 0.000000000000000000, 0.000000000000000000 ) ) ;
#2299 = DIRECTION ( 'NONE',  ( -0.000000000000000000, -0.000000000000000000, 1.000000000000000000 ) ) ;
#2300 = DIRECTION ( 'NONE',  ( 0.000000000000000000, 0.000000000000000000, -1.000000000000000000 ) ) ;
#2301 = CARTESIAN_POINT ( 'NONE',  ( -15.56895537727606005, 12.76419270113326121, -10.00000000000000000 ) ) ;
#2302 = ADVANCED_FACE ( 'NONE', ( #2188 ), #355, .T. ) ;
#2303 = AXIS2_PLACEMENT_3D ( 'NONE', #4962, #5439, #1862 ) ;
#2304 = CYLINDRICAL_SURFACE ( 'NONE', #2181, 4.499999999999999112 ) ;
#2305 = CARTESIAN_POINT ( 'NONE',  ( -10.41857825728082254, 17.22701988006608431, -10.00000000000000000 ) ) ;
#2306 = AXIS2_PLACEMENT_3D ( 'NONE', #1491, #2430, #1906 ) ;
#2307 = DIRECTION ( 'NONE',  ( 0.4154150130018856579, 0.9096319953545187742, 0.000000000000000000 ) ) ;
#2308 = VECTOR ( 'NONE', #5579, 1000.000000000000000 ) ;
#2309 = ORIENTED_EDGE ( 'NONE', *, *, #3974, .T. ) ;
#2310 = DIRECTION ( 'NONE',  ( 0.000000000000000000, 0.000000000000000000, 1.000000000000000000 ) ) ;
#2311 = LINE ( 'NONE', #1429, #580 ) ;
#2312 = AXIS2_PLACEMENT_3D ( 'NONE', #2381, #2858, #3283 ) ;
#2313 = VERTEX_POINT ( 'NONE', #5736 ) ;
#2314 = DIRECTION ( 'NONE',  ( -0.6548607339452783282, -0.7557495743542641531, 0.000000000000000000 ) ) ;
#2315 = ADVANCED_FACE ( 'NONE', ( #3104 ), #5799, .T. ) ;
#2316 = EDGE_LOOP ( 'NONE', ( #624, #5025, #3207, #4706 ) ) ;
#2317 = EDGE_LOOP ( 'NONE', ( #344, #1185, #3864, #5053 ) ) ;
#2318 = ORIENTED_EDGE ( 'NONE', *, *, #5412, .F. ) ;
#2319 = VERTEX_POINT ( 'NONE', #2158 ) ;
#2320 = CARTESIAN_POINT ( 'NONE',  ( 0.000000000000000000, 0.000000000000000000, -10.00000000000000000 ) ) ;
#2321 = DIRECTION ( 'NONE',  ( 0.000000000000000000, 0.000000000000000000, -1.000000000000000000 ) ) ;
#2322 = CIRCLE ( 'NONE', #1566, 4.499999999999999112 ) ;
#2323 = EDGE_LOOP ( 'NONE', ( #2843, #760 ) ) ;
#2324 = EDGE_CURVE ( 'NONE', #1847, #5104, #1409, .T. ) ;
#2325 = DIRECTION ( 'NONE',  ( -0.000000000000000000, 0.000000000000000000, 1.000000000000000000 ) ) ;
#2326 = DIRECTION ( 'NONE',  ( -0.000000000000000000, -0.000000000000000000, 1.000000000000000000 ) ) ;
#2327 = LINE ( 'NONE', #4957, #4042 ) ;
#2328 = EDGE_CURVE ( 'NONE', #4870, #2625, #170, .T. ) ;
#2329 = FACE_OUTER_BOUND ( 'NONE', #3876, .T. ) ;
#2330 = LINE ( 'NONE', #5858, #3796 ) ;
#2331 = LINE ( 'NONE', #3191, #4778 ) ;
#2332 = EDGE_CURVE ( 'NONE', #2091, #4221, #5012, .T. ) ;
#2333 = LINE ( 'NONE', #3257, #5195 ) ;
#2334 = ORIENTED_EDGE ( 'NONE', *, *, #2144, .T. ) ;
#2335 = CARTESIAN_POINT ( 'NONE',  ( -18.81871354321301126, -7.304287178075758113, 10.00000000000000000 ) ) ;
#2336 = CARTESIAN_POINT ( 'NONE',  ( 0.000000000000000000, 0.000000000000000000, -10.00000000000000000 ) ) ;
#2337 = LINE ( 'NONE', #1727, #4771 ) ;
#2338 = ORIENTED_EDGE ( 'NONE', *, *, #1165, .T. ) ;
#2339 = VECTOR ( 'NONE', #3755, 1000.000000000000000 ) ;
#2340 = DIRECTION ( 'NONE',  ( 0.000000000000000000, 0.000000000000000000, 1.000000000000000000 ) ) ;
#2341 = ORIENTED_EDGE ( 'NONE', *, *, #3886, .F. ) ;
#2342 = ORIENTED_EDGE ( 'NONE', *, *, #744, .T. ) ;
#2343 = EDGE_LOOP ( 'NONE', ( #5256, #1408, #3054, #5084 ) ) ;
#2344 = DIRECTION ( 'NONE',  ( -0.000000000000000000, 0.000000000000000000, 1.000000000000000000 ) ) ;
#2345 = ORIENTED_EDGE ( 'NONE', *, *, #5606, .T. ) ;
#2346 = CARTESIAN_POINT ( 'NONE',  ( 20.94945465600708445, -2.715250857188031386, -10.00000000000000000 ) ) ;
#2347 = CARTESIAN_POINT ( 'NONE',  ( -15.99856791459350269, -12.31025650762201096, 10.00000000000000000 ) ) ;
#2348 = AXIS2_PLACEMENT_3D ( 'NONE', #5760, #5856, #4511 ) ;
#2349 = ADVANCED_FACE ( 'NONE', ( #292 ), #1220, .F. ) ;
#2350 = VECTOR ( 'NONE', #5294, 1000.000000000000000 ) ;
#2351 = DIRECTION ( 'NONE',  ( -0.000000000000000000, -0.000000000000000000, -1.000000000000000000 ) ) ;
#2352 = PLANE ( 'NONE',  #1513 ) ;
#2353 = DIRECTION ( 'NONE',  ( 0.000000000000000000, 0.000000000000000000, 1.000000000000000000 ) ) ;
#2354 = AXIS2_PLACEMENT_3D ( 'NONE', #3730, #1031, #1969 ) ;
#2355 = DIRECTION ( 'NONE',  ( 0.000000000000000000, -0.000000000000000000, 1.000000000000000000 ) ) ;
#2356 = DIRECTION ( 'NONE',  ( -0.4154150130018844367, -0.9096319953545193293, 0.000000000000000000 ) ) ;
#2357 = ORIENTED_EDGE ( 'NONE', *, *, #2583, .T. ) ;
#2358 = CARTESIAN_POINT ( 'NONE',  ( 0.000000000000000000, 0.000000000000000000, 10.00000000000000000 ) ) ;
#2359 = CARTESIAN_POINT ( 'NONE',  ( 0.000000000000000000, 0.000000000000000000, 10.00000000000000000 ) ) ;
#2360 = CARTESIAN_POINT ( 'NONE',  ( 19.84203074598155325, 3.407462799033829093, 10.00000000000000000 ) ) ;
#2361 = ORIENTED_EDGE ( 'NONE', *, *, #3518, .T. ) ;
#2362 = VECTOR ( 'NONE', #3524, 1000.000000000000000 ) ;
#2363 = ADVANCED_FACE ( 'NONE', ( #1863 ), #4181, .T. ) ;
#2364 = CARTESIAN_POINT ( 'NONE',  ( -19.78030504245125698, 4.029407280095702149, 10.00000000000000000 ) ) ;
#2365 = ORIENTED_EDGE ( 'NONE', *, *, #2974, .F. ) ;
#2366 = VERTEX_POINT ( 'NONE', #56 ) ;
#2367 = ORIENTED_EDGE ( 'NONE', *, *, #5434, .T. ) ;
#2368 = EDGE_CURVE ( 'NONE', #3132, #3562, #4338, .T. ) ;
#2369 = EDGE_CURVE ( 'NONE', #3132, #1226, #2523, .T. ) ;
#2370 = VECTOR ( 'NONE', #3080, 1000.000000000000000 ) ;
#2371 = DIRECTION ( 'NONE',  ( -0.000000000000000000, -0.000000000000000000, 1.000000000000000000 ) ) ;
#2372 = VERTEX_POINT ( 'NONE', #3617 ) ;
#2373 = AXIS2_PLACEMENT_3D ( 'NONE', #1878, #3694, #4950 ) ;
#2374 = LINE ( 'NONE', #2821, #4755 ) ;
#2375 = EDGE_CURVE ( 'NONE', #3245, #337, #5441, .T. ) ;
#2376 = CARTESIAN_POINT ( 'NONE',  ( -15.99856791459359329, 12.31025650762189549, -10.00000000000000000 ) ) ;
#2377 = ADVANCED_FACE ( 'NONE', ( #1011 ), #952, .T. ) ;
#2378 = DIRECTION ( 'NONE',  ( 1.000000000000000000, 0.000000000000000000, 0.000000000000000000 ) ) ;
#2379 = DIRECTION ( 'NONE',  ( -0.000000000000000000, 0.000000000000000000, 1.000000000000000000 ) ) ;
#2380 = DIRECTION ( 'NONE',  ( 0.000000000000000000, 0.000000000000000000, 1.000000000000000000 ) ) ;
#2381 = CARTESIAN_POINT ( 'NONE',  ( 0.000000000000000000, 0.000000000000000000, 10.00000000000000000 ) ) ;
#2382 = EDGE_CURVE ( 'NONE', #1514, #1628, #2990, .T. ) ;
#2383 = DIRECTION ( 'NONE',  ( 1.000000000000000000, 0.000000000000000000, 0.000000000000000000 ) ) ;
#2384 = ORIENTED_EDGE ( 'NONE', *, *, #645, .F. ) ;
#2385 = LINE ( 'NONE', #2725, #4351 ) ;
#2386 = CIRCLE ( 'NONE', #5722, 0.6249999999999996669 ) ;
#2387 = EDGE_CURVE ( 'NONE', #147, #4714, #3287, .T. ) ;
#2388 = AXIS2_PLACEMENT_3D ( 'NONE', #1254, #1225, #5867 ) ;
#2389 = CARTESIAN_POINT ( 'NONE',  ( -20.50807819456742109, 12.46670480782746715, 10.00000000000000000 ) ) ;
#2390 = AXIS2_PLACEMENT_3D ( 'NONE', #5542, #1960, #546 ) ;
#2391 = FACE_OUTER_BOUND ( 'NONE', #2525, .T. ) ;
#2392 = VERTEX_POINT ( 'NONE', #115 ) ;
#2393 = CIRCLE ( 'NONE', #793, 24.00000000000000355 ) ;
#2394 = CYLINDRICAL_SURFACE ( 'NONE', #4283, 24.00000000000000355 ) ;
#2395 = ORIENTED_EDGE ( 'NONE', *, *, #1896, .T. ) ;
#2396 = EDGE_CURVE ( 'NONE', #2033, #2165, #4239, .T. ) ;
#2397 = AXIS2_PLACEMENT_3D ( 'NONE', #3548, #5368, #1295 ) ;
#2398 = ORIENTED_EDGE ( 'NONE', *, *, #4054, .T. ) ;
#2399 = CARTESIAN_POINT ( 'NONE',  ( 20.86582910995585038, -3.296879305597371967, 10.00000000000000000 ) ) ;
#2400 = ORIENTED_EDGE ( 'NONE', *, *, #5737, .F. ) ;
#2401 = EDGE_CURVE ( 'NONE', #243, #3266, #1405, .T. ) ;
#2402 = LINE ( 'NONE', #1387, #3692 ) ;
#2403 = CARTESIAN_POINT ( 'NONE',  ( 0.000000000000000000, 0.000000000000000000, 10.00000000000000000 ) ) ;
#2404 = VERTEX_POINT ( 'NONE', #557 ) ;
#2405 = CARTESIAN_POINT ( 'NONE',  ( -14.22496499048289031, 13.59395184016440616, 10.00000000000000000 ) ) ;
#2406 = ORIENTED_EDGE ( 'NONE', *, *, #4525, .F. ) ;
#2407 = LINE ( 'NONE', #1937, #1678 ) ;
#2408 = AXIS2_PLACEMENT_3D ( 'NONE', #4568, #469, #2715 ) ;
#2409 = DIRECTION ( 'NONE',  ( 0.000000000000000000, 0.000000000000000000, -1.000000000000000000 ) ) ;
#2410 = DIRECTION ( 'NONE',  ( 0.000000000000000000, 0.000000000000000000, -1.000000000000000000 ) ) ;
#2411 = DIRECTION ( 'NONE',  ( -0.000000000000000000, -0.000000000000000000, 1.000000000000000000 ) ) ;
#2412 = LINE ( 'NONE', #703, #5356 ) ;
#2413 = DIRECTION ( 'NONE',  ( 1.000000000000000000, 0.000000000000000000, 0.000000000000000000 ) ) ;
#2414 = EDGE_LOOP ( 'NONE', ( #839, #5202, #1632, #1765 ) ) ;
#2415 = DIRECTION ( 'NONE',  ( -0.000000000000000000, 0.000000000000000000, 1.000000000000000000 ) ) ;
#2416 = CARTESIAN_POINT ( 'NONE',  ( -14.84996499048279084, -13.59395184016451452, 10.00000000000000000 ) ) ;
#2417 = CARTESIAN_POINT ( 'NONE',  ( 17.84384848860661776, -9.438943887796030552, -10.00000000000000000 ) ) ;
#2418 = ORIENTED_EDGE ( 'NONE', *, *, #1076, .T. ) ;
#2419 = CYLINDRICAL_SURFACE ( 'NONE', #1820, 4.499999999999999112 ) ;
#2420 = ORIENTED_EDGE ( 'NONE', *, *, #918, .F. ) ;
#2421 = EDGE_CURVE ( 'NONE', #2644, #4552, #3192, .T. ) ;
#2422 = ORIENTED_EDGE ( 'NONE', *, *, #3752, .F. ) ;
#2423 = DIRECTION ( 'NONE',  ( 1.000000000000000000, 0.000000000000000000, 0.000000000000000000 ) ) ;
#2424 = ADVANCED_FACE ( 'NONE', ( #4133 ), #478, .F. ) ;
#2425 = EDGE_LOOP ( 'NONE', ( #2669, #3293 ) ) ;
#2426 = AXIS2_PLACEMENT_3D ( 'NONE', #3652, #980, #5527 ) ;
#2427 = ADVANCED_FACE ( 'NONE', ( #1426 ), #2279, .F. ) ;
#2428 = EDGE_CURVE ( 'NONE', #538, #1980, #70, .T. ) ;
#2429 = DIRECTION ( 'NONE',  ( -0.4154150130018974263, 0.9096319953545132231, 0.000000000000000000 ) ) ;
#2430 = DIRECTION ( 'NONE',  ( -0.000000000000000000, 0.000000000000000000, -1.000000000000000000 ) ) ;
#2431 = CIRCLE ( 'NONE', #4535, 4.500000000000000000 ) ;
#2432 = EDGE_LOOP ( 'NONE', ( #1132, #5262, #3604, #3897 ) ) ;
#2433 = VECTOR ( 'NONE', #2126, 1000.000000000000000 ) ;
#2434 = EDGE_CURVE ( 'NONE', #5783, #804, #2901, .T. ) ;
#2435 = CYLINDRICAL_SURFACE ( 'NONE', #999, 4.499999999999997335 ) ;
#2436 = ORIENTED_EDGE ( 'NONE', *, *, #2872, .T. ) ;
#2437 = CARTESIAN_POINT ( 'NONE',  ( -17.96587193962438533, -7.601237221682644929, 10.00000000000000000 ) ) ;
#2438 = CARTESIAN_POINT ( 'NONE',  ( -0.5489643442671608975, 20.12500000000000000, -10.00000000000000000 ) ) ;
#2439 = CARTESIAN_POINT ( 'NONE',  ( 18.81871354321311784, -7.304287178075487219, -10.00000000000000000 ) ) ;
#2440 = EDGE_CURVE ( 'NONE', #1465, #4714, #3857, .T. ) ;
#2441 = LINE ( 'NONE', #1060, #767 ) ;
#2442 = DIRECTION ( 'NONE',  ( 1.000000000000000000, 0.000000000000000000, 0.000000000000000000 ) ) ;
#2443 = CIRCLE ( 'NONE', #1129, 4.499999999999999112 ) ;
#2444 = DIRECTION ( 'NONE',  ( 1.000000000000000000, 0.000000000000000000, 0.000000000000000000 ) ) ;
#2445 = VERTEX_POINT ( 'NONE', #4517 ) ;
#2446 = CARTESIAN_POINT ( 'NONE',  ( 9.421207896832219930, -22.07353260728029554, 10.00000000000000000 ) ) ;
#2447 = AXIS2_PLACEMENT_3D ( 'NONE', #4811, #1661, #2160 ) ;
#2448 = DIRECTION ( 'NONE',  ( -0.000000000000000000, 0.000000000000000000, 1.000000000000000000 ) ) ;
#2449 = CARTESIAN_POINT ( 'NONE',  ( 0.9999999999999997780, 7.433034373659253013, -10.00000000000000000 ) ) ;
#2450 = ORIENTED_EDGE ( 'NONE', *, *, #5803, .T. ) ;
#2451 = DIRECTION ( 'NONE',  ( 1.000000000000000000, 0.000000000000000000, 0.000000000000000000 ) ) ;
#2452 = ORIENTED_EDGE ( 'NONE', *, *, #3306, .T. ) ;
#2453 = EDGE_CURVE ( 'NONE', #3103, #2761, #2333, .T. ) ;
#2454 = CARTESIAN_POINT ( 'NONE',  ( -15.25841555994342436, -18.52513845022694028, -10.00000000000000000 ) ) ;
#2455 = EDGE_CURVE ( 'NONE', #2134, #705, #3675, .T. ) ;
#2456 = ORIENTED_EDGE ( 'NONE', *, *, #3443, .T. ) ;
#2457 = EDGE_CURVE ( 'NONE', #930, #3535, #4432, .T. ) ;
#2458 = CARTESIAN_POINT ( 'NONE',  ( -14.84996499048289031, 13.59395184016440616, -10.00000000000000000 ) ) ;
#2459 = CIRCLE ( 'NONE', #3125, 0.6250000000000000000 ) ;
#2460 = DIRECTION ( 'NONE',  ( 0.000000000000000000, 0.000000000000000000, -1.000000000000000000 ) ) ;
#2461 = ORIENTED_EDGE ( 'NONE', *, *, #3774, .F. ) ;
#2462 = DIRECTION ( 'NONE',  ( -0.000000000000000000, 0.000000000000000000, 1.000000000000000000 ) ) ;
#2463 = ORIENTED_EDGE ( 'NONE', *, *, #1332, .F. ) ;
#2464 = VECTOR ( 'NONE', #1003, 1000.000000000000000 ) ;
#2465 = FACE_OUTER_BOUND ( 'NONE', #4518, .T. ) ;
#2466 = CARTESIAN_POINT ( 'NONE',  ( 19.22339234480596915, 3.318516025113019019, -10.00000000000000000 ) ) ;
#2467 = DIRECTION ( 'NONE',  ( -0.000000000000000000, -0.000000000000000000, 1.000000000000000000 ) ) ;
#2468 = CARTESIAN_POINT ( 'NONE',  ( -4.008228286185704370, -23.66292682670132663, 10.00000000000000000 ) ) ;
#2469 = CYLINDRICAL_SURFACE ( 'NONE', #4022, 0.6249999999999987788 ) ;
#2470 = AXIS2_PLACEMENT_3D ( 'NONE', #1870, #1485, #1375 ) ;
#2471 = CARTESIAN_POINT ( 'NONE',  ( 0.000000000000000000, 0.000000000000000000, 10.00000000000000000 ) ) ;
#2472 = ORIENTED_EDGE ( 'NONE', *, *, #3320, .F. ) ;
#2473 = EDGE_CURVE ( 'NONE', #3086, #2634, #5575, .T. ) ;
#2474 = CARTESIAN_POINT ( 'NONE',  ( 15.56895537727615064, -12.76419270113314930, -10.00000000000000000 ) ) ;
#2475 = DIRECTION ( 'NONE',  ( -0.6548607339452887643, 0.7557495743542550493, 0.000000000000000000 ) ) ;
#2476 = CARTESIAN_POINT ( 'NONE',  ( 16.15582729722542510, -13.61034466660498943, 10.00000000000000000 ) ) ;
#2477 = EDGE_LOOP ( 'NONE', ( #4818, #2898, #4505, #1313 ) ) ;
#2478 = CARTESIAN_POINT ( 'NONE',  ( -7.500000000000000000, 9.184850993605147944E-16, 10.00000000000000000 ) ) ;
#2479 = CIRCLE ( 'NONE', #1454, 0.6249999999999996669 ) ;
#2480 = ORIENTED_EDGE ( 'NONE', *, *, #3119, .T. ) ;
#2481 = VECTOR ( 'NONE', #430, 1000.000000000000000 ) ;
#2482 = CIRCLE ( 'NONE', #2109, 4.499999999999998224 ) ;
#2483 = CARTESIAN_POINT ( 'NONE',  ( -14.46178945166805008, 14.08379339726813662, -10.00000000000000000 ) ) ;
#2484 = AXIS2_PLACEMENT_3D ( 'NONE', #2037, #3431, #4692 ) ;
#2485 = CIRCLE ( 'NONE', #4299, 0.6249999999999995559 ) ;
#2486 = EDGE_LOOP ( 'NONE', ( #1215, #3325, #283, #5759 ) ) ;
#2487 = CARTESIAN_POINT ( 'NONE',  ( 5.669031769813693167, 20.34979892761597142, 10.00000000000000000 ) ) ;
#2488 = DIRECTION ( 'NONE',  ( -0.000000000000000000, -0.000000000000000000, 1.000000000000000000 ) ) ;
#2489 = AXIS2_PLACEMENT_3D ( 'NONE', #1324, #1798, #16 ) ;
#2490 = ORIENTED_EDGE ( 'NONE', *, *, #4564, .F. ) ;
#2491 = LINE ( 'NONE', #1259, #4202 ) ;
#2492 = ORIENTED_EDGE ( 'NONE', *, *, #349, .F. ) ;
#2493 = DIRECTION ( 'NONE',  ( 0.000000000000000000, 0.000000000000000000, 1.000000000000000000 ) ) ;
#2494 = AXIS2_PLACEMENT_3D ( 'NONE', #1139, #2518, #336 ) ;
#2495 = AXIS2_PLACEMENT_3D ( 'NONE', #2466, #3305, #1529 ) ;
#2496 = DIRECTION ( 'NONE',  ( 1.000000000000000000, 0.000000000000000000, 0.000000000000000000 ) ) ;
#2497 = DIRECTION ( 'NONE',  ( 1.000000000000000000, 0.000000000000000000, 0.000000000000000000 ) ) ;
#2498 = EDGE_CURVE ( 'NONE', #649, #396, #674, .T. ) ;
#2499 = DIRECTION ( 'NONE',  ( -0.8412535328311857574, 0.5406408174555905610, 0.000000000000000000 ) ) ;
#2500 = LINE ( 'NONE', #3760, #2308 ) ;
#2501 = DIRECTION ( 'NONE',  ( 0.8412535328311884220, -0.5406408174555862312, 0.000000000000000000 ) ) ;
#2502 = ADVANCED_FACE ( 'NONE', ( #4210 ), #1063, .T. ) ;
#2503 = EDGE_LOOP ( 'NONE', ( #1957, #5410, #394, #3091 ) ) ;
#2504 = CARTESIAN_POINT ( 'NONE',  ( -6.803424637022489563, -19.00552561255979711, 10.00000000000000000 ) ) ;
#2505 = AXIS2_PLACEMENT_3D ( 'NONE', #443, #552, #1418 ) ;
#2506 = CYLINDRICAL_SURFACE ( 'NONE', #679, 4.500000000000000888 ) ;
#2507 = ADVANCED_FACE ( 'NONE', ( #3817 ), #2860, .T. ) ;
#2508 = CARTESIAN_POINT ( 'NONE',  ( -0.2938047327524923036, -21.12263990084027299, -10.00000000000000000 ) ) ;
#2509 = ORIENTED_EDGE ( 'NONE', *, *, #3278, .T. ) ;
#2510 = DIRECTION ( 'NONE',  ( -0.4154150130018789966, -0.9096319953545218828, 0.000000000000000000 ) ) ;
#2511 = VERTEX_POINT ( 'NONE', #5611 ) ;
#2512 = LINE ( 'NONE', #4248, #1423 ) ;
#2513 = ORIENTED_EDGE ( 'NONE', *, *, #4907, .F. ) ;
#2514 = LINE ( 'NONE', #3356, #5782 ) ;
#2515 = DIRECTION ( 'NONE',  ( -0.000000000000000000, -0.000000000000000000, 1.000000000000000000 ) ) ;
#2516 = ORIENTED_EDGE ( 'NONE', *, *, #2986, .T. ) ;
#2517 = CIRCLE ( 'NONE', #2720, 24.00000000000000355 ) ;
#2518 = DIRECTION ( 'NONE',  ( -0.000000000000000000, -0.000000000000000000, 1.000000000000000000 ) ) ;
#2519 = ORIENTED_EDGE ( 'NONE', *, *, #104, .T. ) ;
#2520 = CYLINDRICAL_SURFACE ( 'NONE', #4626, 0.6249999999999996669 ) ;
#2521 = AXIS2_PLACEMENT_3D ( 'NONE', #3781, #4228, #163 ) ;
#2522 = CARTESIAN_POINT ( 'NONE',  ( -18.53439193672096152, -7.860871604808826518, -10.00000000000000000 ) ) ;
#2523 = CIRCLE ( 'NONE', #637, 4.499999999999999112 ) ;
#2524 = DIRECTION ( 'NONE',  ( 0.4154150130018840481, 0.9096319953545194403, 0.000000000000000000 ) ) ;
#2525 = EDGE_LOOP ( 'NONE', ( #4722, #3135, #4666, #5443 ) ) ;
#2526 = CARTESIAN_POINT ( 'NONE',  ( -9.793578257280696420, -17.22701988006615892, -10.00000000000000000 ) ) ;
#2527 = CARTESIAN_POINT ( 'NONE',  ( 0.000000000000000000, 0.000000000000000000, -10.00000000000000000 ) ) ;
#2528 = CARTESIAN_POINT ( 'NONE',  ( 4.793804732752795950, -21.12263990084026588, -10.00000000000000000 ) ) ;
#2529 = ORIENTED_EDGE ( 'NONE', *, *, #3672, .F. ) ;
#2530 = PLANE ( 'NONE',  #2537 ) ;
#2531 = ORIENTED_EDGE ( 'NONE', *, *, #692, .F. ) ;
#2532 = DIRECTION ( 'NONE',  ( -0.000000000000000000, -0.000000000000000000, 1.000000000000000000 ) ) ;
#2533 = CARTESIAN_POINT ( 'NONE',  ( 16.16692557220133963, -17.61065260841493085, 10.00000000000000000 ) ) ;
#2534 = ORIENTED_EDGE ( 'NONE', *, *, #3438, .F. ) ;
#2535 = CYLINDRICAL_SURFACE ( 'NONE', #4536, 0.6250000000000005551 ) ;
#2536 = ORIENTED_EDGE ( 'NONE', *, *, #3383, .T. ) ;
#2537 = AXIS2_PLACEMENT_3D ( 'NONE', #1065, #4690, #4236 ) ;
#2538 = AXIS2_PLACEMENT_3D ( 'NONE', #5884, #409, #3609 ) ;
#2539 = CYLINDRICAL_SURFACE ( 'NONE', #496, 24.00000000000000355 ) ;
#2540 = EDGE_CURVE ( 'NONE', #5028, #2115, #4157, .T. ) ;
#2541 = ORIENTED_EDGE ( 'NONE', *, *, #2172, .F. ) ;
#2542 = AXIS2_PLACEMENT_3D ( 'NONE', #503, #2774, #5467 ) ;
#2543 = DIRECTION ( 'NONE',  ( 1.000000000000000000, 0.000000000000000000, 0.000000000000000000 ) ) ;
#2544 = CARTESIAN_POINT ( 'NONE',  ( -11.66692557220108739, -17.61065260841510138, -10.00000000000000000 ) ) ;
#2545 = VERTEX_POINT ( 'NONE', #142 ) ;
#2546 = CIRCLE ( 'NONE', #4268, 4.499999999999999112 ) ;
#2547 = EDGE_CURVE ( 'NONE', #4587, #4809, #1872, .T. ) ;
#2548 = CARTESIAN_POINT ( 'NONE',  ( 23.99250271103943177, -0.5998446972056022952, -10.00000000000000000 ) ) ;
#2549 = ORIENTED_EDGE ( 'NONE', *, *, #1565, .F. ) ;
#2550 = DIRECTION ( 'NONE',  ( 1.000000000000000000, 0.000000000000000000, 0.000000000000000000 ) ) ;
#2551 = CIRCLE ( 'NONE', #6, 0.6249999999999994449 ) ;
#2552 = DIRECTION ( 'NONE',  ( 0.9594929736145013655, -0.2817325568414161263, 0.000000000000000000 ) ) ;
#2553 = DIRECTION ( 'NONE',  ( -0.000000000000000000, 0.000000000000000000, 1.000000000000000000 ) ) ;
#2554 = EDGE_LOOP ( 'NONE', ( #4496, #4615, #5774, #2706 ) ) ;
#2555 = CIRCLE ( 'NONE', #1248, 4.500000000000000000 ) ;
#2556 = CYLINDRICAL_SURFACE ( 'NONE', #4099, 4.499999999999999112 ) ;
#2557 = DIRECTION ( 'NONE',  ( 0.000000000000000000, 0.000000000000000000, 1.000000000000000000 ) ) ;
#2558 = ADVANCED_FACE ( 'NONE', ( #3761 ), #4294, .T. ) ;
#2559 = EDGE_CURVE ( 'NONE', #804, #5783, #1021, .T. ) ;
#2560 = LINE ( 'NONE', #5697, #3474 ) ;
#2561 = CIRCLE ( 'NONE', #5429, 24.00000000000000355 ) ;
#2562 = LINE ( 'NONE', #5790, #5086 ) ;
#2563 = LINE ( 'NONE', #3942, #1507 ) ;
#2564 = VERTEX_POINT ( 'NONE', #5192 ) ;
#2565 = DIRECTION ( 'NONE',  ( 0.000000000000000000, 0.000000000000000000, 1.000000000000000000 ) ) ;
#2566 = FACE_OUTER_BOUND ( 'NONE', #3233, .T. ) ;
#2567 = AXIS2_PLACEMENT_3D ( 'NONE', #455, #3743, #5561 ) ;
#2568 = VERTEX_POINT ( 'NONE', #1151 ) ;
#2569 = CARTESIAN_POINT ( 'NONE',  ( -19.37964388855036191, -2.231762667545391210, 10.00000000000000000 ) ) ;
#2570 = ORIENTED_EDGE ( 'NONE', *, *, #4193, .T. ) ;
#2571 = CYLINDRICAL_SURFACE ( 'NONE', #4380, 0.6250000000000005551 ) ;
#2572 = EDGE_LOOP ( 'NONE', ( #3236, #4555, #5597, #1849 ) ) ;
#2573 = CARTESIAN_POINT ( 'NONE',  ( -16.15582729722532918, 13.61034466660510844, -10.00000000000000000 ) ) ;
#2574 = EDGE_LOOP ( 'NONE', ( #3387, #3114, #5416, #2853 ) ) ;
#2575 = ADVANCED_FACE ( 'NONE', ( #5553 ), #1943, .T. ) ;
#2576 = AXIS2_PLACEMENT_3D ( 'NONE', #1157, #2947, #3401 ) ;
#2577 = ORIENTED_EDGE ( 'NONE', *, *, #2434, .T. ) ;
#2578 = CIRCLE ( 'NONE', #4118, 0.6249999999999993339 ) ;
#2579 = DIRECTION ( 'NONE',  ( 0.000000000000000000, -0.000000000000000000, 1.000000000000000000 ) ) ;
#2580 = ORIENTED_EDGE ( 'NONE', *, *, #1159, .T. ) ;
#2581 = CIRCLE ( 'NONE', #2306, 4.499999999999999112 ) ;
#2582 = DIRECTION ( 'NONE',  ( 0.000000000000000000, 0.000000000000000000, -1.000000000000000000 ) ) ;
#2583 = EDGE_CURVE ( 'NONE', #5480, #1504, #1093, .T. ) ;
#2584 = AXIS2_PLACEMENT_3D ( 'NONE', #2305, #448, #5525 ) ;
#2585 = DIRECTION ( 'NONE',  ( 0.000000000000000000, 0.000000000000000000, -1.000000000000000000 ) ) ;
#2586 = DIRECTION ( 'NONE',  ( 0.6548607339452842124, 0.7557495743542590461, 0.000000000000000000 ) ) ;
#2587 = VERTEX_POINT ( 'NONE', #196 ) ;
#2588 = AXIS2_PLACEMENT_3D ( 'NONE', #72, #2326, #3607 ) ;
#2589 = DIRECTION ( 'NONE',  ( 0.000000000000000000, -0.000000000000000000, -1.000000000000000000 ) ) ;
#2590 = CARTESIAN_POINT ( 'NONE',  ( -17.84384848860648276, -9.438943887796286347, -10.00000000000000000 ) ) ;
#2591 = CIRCLE ( 'NONE', #1750, 0.6249999999999988898 ) ;
#2592 = CARTESIAN_POINT ( 'NONE',  ( 16.15582729722513022, 13.61034466660534292, -10.00000000000000000 ) ) ;
#2593 = CARTESIAN_POINT ( 'NONE',  ( -19.22339234480599401, -3.318516025112876466, -10.00000000000000000 ) ) ;
#2594 = DIRECTION ( 'NONE',  ( 0.000000000000000000, 0.000000000000000000, 1.000000000000000000 ) ) ;
#2595 = ORIENTED_EDGE ( 'NONE', *, *, #4946, .T. ) ;
#2596 = DIRECTION ( 'NONE',  ( 0.000000000000000000, 0.000000000000000000, -1.000000000000000000 ) ) ;
#2597 = CARTESIAN_POINT ( 'NONE',  ( 19.37964388855039388, -2.231762667545112766, -10.00000000000000000 ) ) ;
#2598 = ORIENTED_EDGE ( 'NONE', *, *, #5458, .T. ) ;
#2599 = CARTESIAN_POINT ( 'NONE',  ( 17.50000000000000355, 2.143131898507868643E-15, -5.000000000000000000 ) ) ;
#2600 = ORIENTED_EDGE ( 'NONE', *, *, #1572, .F. ) ;
#2601 = CIRCLE ( 'NONE', #817, 4.499999999999998224 ) ;
#2602 = DIRECTION ( 'NONE',  ( -0.000000000000000000, -0.000000000000000000, 1.000000000000000000 ) ) ;
#2603 = EDGE_LOOP ( 'NONE', ( #4660, #5472, #652, #5589 ) ) ;
#2604 = DIRECTION ( 'NONE',  ( 0.000000000000000000, 0.000000000000000000, 1.000000000000000000 ) ) ;
#2605 = ADVANCED_FACE ( 'NONE', ( #5134 ), #3736, .T. ) ;
#2606 = ORIENTED_EDGE ( 'NONE', *, *, #5044, .T. ) ;
#2607 = ADVANCED_FACE ( 'NONE', ( #4234 ), #2005, .F. ) ;
#2608 = ORIENTED_EDGE ( 'NONE', *, *, #3383, .F. ) ;
#2609 = DIRECTION ( 'NONE',  ( -0.000000000000000000, 0.000000000000000000, 1.000000000000000000 ) ) ;
#2610 = ORIENTED_EDGE ( 'NONE', *, *, #2650, .T. ) ;
#2611 = FACE_OUTER_BOUND ( 'NONE', #5698, .T. ) ;
#2612 = AXIS2_PLACEMENT_3D ( 'NONE', #3572, #4559, #493 ) ;
#2613 = DIRECTION ( 'NONE',  ( 0.000000000000000000, 0.000000000000000000, 1.000000000000000000 ) ) ;
#2614 = DIRECTION ( 'NONE',  ( 0.8412535328311886440, -0.5406408174555860091, 0.000000000000000000 ) ) ;
#2615 = EDGE_CURVE ( 'NONE', #4072, #1714, #2517, .T. ) ;
#2616 = EDGE_LOOP ( 'NONE', ( #4253, #1536, #1796, #5172 ) ) ;
#2617 = CARTESIAN_POINT ( 'NONE',  ( -1.169031769813694721, 20.34979892761597142, 10.00000000000000000 ) ) ;
#2618 = CYLINDRICAL_SURFACE ( 'NONE', #4405, 10.00000000000000000 ) ;
#2619 = AXIS2_PLACEMENT_3D ( 'NONE', #1368, #5409, #1806 ) ;
#2620 = CARTESIAN_POINT ( 'NONE',  ( 9.908122240929063906, -17.58765772523782545, -10.00000000000000000 ) ) ;
#2621 = DIRECTION ( 'NONE',  ( -0.7557495743542499422, -0.6548607339452946485, 0.000000000000000000 ) ) ;
#2622 = ADVANCED_FACE ( 'NONE', ( #1035 ), #2831, .F. ) ;
#2623 = CARTESIAN_POINT ( 'NONE',  ( 4.967057427318791518, -18.86477411380782954, 10.00000000000000000 ) ) ;
#2624 = AXIS2_PLACEMENT_3D ( 'NONE', #4647, #4201, #2822 ) ;
#2625 = VERTEX_POINT ( 'NONE', #2620 ) ;
#2626 = CARTESIAN_POINT ( 'NONE',  ( -9.421207896832063611, 22.07353260728036304, -10.00000000000000000 ) ) ;
#2627 = DIRECTION ( 'NONE',  ( 1.000000000000000000, 0.000000000000000000, 0.000000000000000000 ) ) ;
#2628 = ORIENTED_EDGE ( 'NONE', *, *, #4114, .T. ) ;
#2629 = DIRECTION ( 'NONE',  ( -0.8412535328311756544, -0.5406408174556059931, 0.000000000000000000 ) ) ;
#2630 = ORIENTED_EDGE ( 'NONE', *, *, #301, .F. ) ;
#2631 = CARTESIAN_POINT ( 'NONE',  ( -10.41857825728082254, 17.22701988006608431, -10.00000000000000000 ) ) ;
#2632 = ADVANCED_FACE ( 'NONE', ( #4861, #3907 ), #3485, .T. ) ;
#2633 = VECTOR ( 'NONE', #5484, 1000.000000000000000 ) ;
#2634 = VERTEX_POINT ( 'NONE', #5250 ) ;
#2635 = CYLINDRICAL_SURFACE ( 'NONE', #3728, 4.500000000000000888 ) ;
#2636 = EDGE_CURVE ( 'NONE', #731, #128, #3875, .T. ) ;
#2637 = AXIS2_PLACEMENT_3D ( 'NONE', #2034, #3371, #5222 ) ;
#2638 = CIRCLE ( 'NONE', #4451, 0.6249999999999995559 ) ;
#2639 = ORIENTED_EDGE ( 'NONE', *, *, #5141, .T. ) ;
#2640 = ORIENTED_EDGE ( 'NONE', *, *, #4601, .T. ) ;
#2641 = CIRCLE ( 'NONE', #92, 7.500000000000000000 ) ;
#2642 = CIRCLE ( 'NONE', #5788, 10.00000000000000000 ) ;
#2643 = DIRECTION ( 'NONE',  ( -0.000000000000000000, 1.000000000000000000, 0.000000000000000000 ) ) ;
#2644 = VERTEX_POINT ( 'NONE', #5820 ) ;
#2645 = ADVANCED_FACE ( 'NONE', ( #795, #1738 ), #854, .T. ) ;
#2646 = DIRECTION ( 'NONE',  ( -0.000000000000000000, -0.000000000000000000, 1.000000000000000000 ) ) ;
#2647 = CARTESIAN_POINT ( 'NONE',  ( 11.00431413439739003, -16.10765135836936679, 10.00000000000000000 ) ) ;
#2648 = CARTESIAN_POINT ( 'NONE',  ( 0.000000000000000000, 0.000000000000000000, 5.000000000000000000 ) ) ;
#2649 = ORIENTED_EDGE ( 'NONE', *, *, #1343, .T. ) ;
#2650 = EDGE_CURVE ( 'NONE', #1929, #1514, #4830, .T. ) ;
#2651 = DIRECTION ( 'NONE',  ( 0.000000000000000000, 0.000000000000000000, -1.000000000000000000 ) ) ;
#2652 = CARTESIAN_POINT ( 'NONE',  ( -6.020512289497122360, 18.55545185715752865, -10.00000000000000000 ) ) ;
#2653 = AXIS2_PLACEMENT_3D ( 'NONE', #372, #5365, #1292 ) ;
#2654 = DIRECTION ( 'NONE',  ( 1.000000000000000000, 0.000000000000000000, 0.000000000000000000 ) ) ;
#2655 = ORIENTED_EDGE ( 'NONE', *, *, #4701, .F. ) ;
#2656 = ADVANCED_FACE ( 'NONE', ( #764 ), #1184, .F. ) ;
#2657 = FACE_OUTER_BOUND ( 'NONE', #1438, .T. ) ;
#2658 = AXIS2_PLACEMENT_3D ( 'NONE', #5043, #1392, #3190 ) ;
#2659 = EDGE_LOOP ( 'NONE', ( #5137, #3334, #2794, #1683 ) ) ;
#2660 = CARTESIAN_POINT ( 'NONE',  ( 0.9999999999999997780, 7.433034373659253013, -10.00000000000000000 ) ) ;
#2661 = CARTESIAN_POINT ( 'NONE',  ( -15.09661189330464737, 12.35490474241745851, -10.00000000000000000 ) ) ;
#2662 = ORIENTED_EDGE ( 'NONE', *, *, #894, .T. ) ;
#2663 = AXIS2_PLACEMENT_3D ( 'NONE', #4953, #3639, #3185 ) ;
#2664 = CARTESIAN_POINT ( 'NONE',  ( 0.000000000000000000, 0.000000000000000000, 10.00000000000000000 ) ) ;
#2665 = EDGE_LOOP ( 'NONE', ( #4049, #5154, #1470, #4420 ) ) ;
#2666 = CARTESIAN_POINT ( 'NONE',  ( 4.967057427318381180, 18.86477411380793612, -10.00000000000000000 ) ) ;
#2667 = VECTOR ( 'NONE', #2602, 1000.000000000000000 ) ;
#2668 = CARTESIAN_POINT ( 'NONE',  ( -1.169031769813694721, -20.34979892761597142, -10.00000000000000000 ) ) ;
#2669 = ORIENTED_EDGE ( 'NONE', *, *, #2559, .F. ) ;
#2670 = CYLINDRICAL_SURFACE ( 'NONE', #4665, 0.6249999999999996669 ) ;
#2671 = ORIENTED_EDGE ( 'NONE', *, *, #4004, .T. ) ;
#2672 = VERTEX_POINT ( 'NONE', #2528 ) ;
#2673 = PRODUCT_RELATED_PRODUCT_CATEGORY ( 'part', '', ( #4982 ) ) ;
#2674 = ORIENTED_EDGE ( 'NONE', *, *, #5347, .T. ) ;
#2675 = LINE ( 'NONE', #60, #212 ) ;
#2676 = EDGE_LOOP ( 'NONE', ( #2788, #5720, #434, #2509 ) ) ;
#2677 = VECTOR ( 'NONE', #4819, 1000.000000000000000 ) ;
#2678 = DIRECTION ( 'NONE',  ( 0.000000000000000000, 0.000000000000000000, 1.000000000000000000 ) ) ;
#2679 = AXIS2_PLACEMENT_3D ( 'NONE', #2757, #4078, #4109 ) ;
#2680 = CARTESIAN_POINT ( 'NONE',  ( -4.967057427318522400, -18.86477411380790414, 10.00000000000000000 ) ) ;
#2681 = ORIENTED_EDGE ( 'NONE', *, *, #2382, .F. ) ;
#2682 = VECTOR ( 'NONE', #3411, 1000.000000000000000 ) ;
#2683 = CARTESIAN_POINT ( 'NONE',  ( -0.5489643442671623408, -20.12500000000000000, -10.00000000000000000 ) ) ;
#2684 = CYLINDRICAL_SURFACE ( 'NONE', #2588, 4.499999999999999112 ) ;
#2685 = FACE_OUTER_BOUND ( 'NONE', #1580, .T. ) ;
#2686 = EDGE_CURVE ( 'NONE', #4587, #4406, #2560, .T. ) ;
#2687 = CYLINDRICAL_SURFACE ( 'NONE', #3559, 24.00000000000000355 ) ;
#2688 = PLANE ( 'NONE',  #5888 ) ;
#2689 = AXIS2_PLACEMENT_3D ( 'NONE', #4858, #3456, #4473 ) ;
#2690 = ORIENTED_EDGE ( 'NONE', *, *, #4186, .F. ) ;
#2691 = DIRECTION ( 'NONE',  ( 0.000000000000000000, 0.000000000000000000, -1.000000000000000000 ) ) ;
#2692 = ORIENTED_EDGE ( 'NONE', *, *, #4554, .F. ) ;
#2693 = CARTESIAN_POINT ( 'NONE',  ( -18.07829587629832702, -8.859582668517271387, -10.00000000000000000 ) ) ;
#2694 = EDGE_LOOP ( 'NONE', ( #5238, #4245, #5092, #4945 ) ) ;
#2695 = ADVANCED_FACE ( 'NONE', ( #3549 ), #2087, .T. ) ;
#2696 = DIRECTION ( 'NONE',  ( 0.1423148382732830619, 0.9898214418809330173, 0.000000000000000000 ) ) ;
#2697 = ORIENTED_EDGE ( 'NONE', *, *, #1464, .F. ) ;
#2698 = LINE ( 'NONE', #722, #3155 ) ;
#2699 = EDGE_CURVE ( 'NONE', #1666, #4189, #5308, .T. ) ;
#2700 = CYLINDRICAL_SURFACE ( 'NONE', #4574, 4.500000000000000888 ) ;
#2701 = ORIENTED_EDGE ( 'NONE', *, *, #4878, .F. ) ;
#2702 = CARTESIAN_POINT ( 'NONE',  ( 23.18963355092061818, 6.183922361577398163, -10.00000000000000000 ) ) ;
#2703 = ORIENTED_EDGE ( 'NONE', *, *, #5652, .T. ) ;
#2704 = ADVANCED_FACE ( 'NONE', ( #4417 ), #4799, .F. ) ;
#2705 = ORIENTED_EDGE ( 'NONE', *, *, #3720, .T. ) ;
#2706 = ORIENTED_EDGE ( 'NONE', *, *, #1819, .T. ) ;
#2707 = ORIENTED_EDGE ( 'NONE', *, *, #369, .F. ) ;
#2708 = DIRECTION ( 'NONE',  ( -0.1423148382732886130, 0.9898214418809322401, 0.000000000000000000 ) ) ;
#2709 = CARTESIAN_POINT ( 'NONE',  ( -5.143140275344411094, -19.46445722231696607, 10.00000000000000000 ) ) ;
#2710 = VERTEX_POINT ( 'NONE', #2148 ) ;
#2711 = CYLINDRICAL_SURFACE ( 'NONE', #110, 0.6250000000000005551 ) ;
#2712 = DIRECTION ( 'NONE',  ( 0.9594929736145013655, -0.2817325568414162373, 0.000000000000000000 ) ) ;
#2713 = CIRCLE ( 'NONE', #2140, 4.499999999999998224 ) ;
#2714 = CARTESIAN_POINT ( 'NONE',  ( -5.143140275344553203, 19.46445722231692699, -10.00000000000000000 ) ) ;
#2715 = DIRECTION ( 'NONE',  ( -0.8412535328311857574, 0.5406408174555905610, 0.000000000000000000 ) ) ;
#2716 = LINE ( 'NONE', #3189, #4357 ) ;
#2717 = EDGE_CURVE ( 'NONE', #4066, #4464, #374, .T. ) ;
#2718 = CARTESIAN_POINT ( 'NONE',  ( -6.232838923195249237, -20.18425021047498547, -10.00000000000000000 ) ) ;
#2719 = DIRECTION ( 'NONE',  ( 0.000000000000000000, 0.000000000000000000, 1.000000000000000000 ) ) ;
#2720 = AXIS2_PLACEMENT_3D ( 'NONE', #3369, #225, #5103 ) ;
#2721 = ORIENTED_EDGE ( 'NONE', *, *, #810, .F. ) ;
#2722 = DIRECTION ( 'NONE',  ( 0.1423148382732747630, 0.9898214418809341275, 0.000000000000000000 ) ) ;
#2723 = ORIENTED_EDGE ( 'NONE', *, *, #3278, .F. ) ;
#2724 = AXIS2_PLACEMENT_3D ( 'NONE', #3416, #370, #2169 ) ;
#2725 = CARTESIAN_POINT ( 'NONE',  ( 16.16508030912766714, -17.73950897289587303, -10.00000000000000000 ) ) ;
#2726 = AXIS2_PLACEMENT_3D ( 'NONE', #3556, #3010, #2629 ) ;
#2727 = CARTESIAN_POINT ( 'NONE',  ( 0.000000000000000000, 0.000000000000000000, 10.00000000000000000 ) ) ;
#2728 = ORIENTED_EDGE ( 'NONE', *, *, #1257, .T. ) ;
#2729 = CYLINDRICAL_SURFACE ( 'NONE', #5622, 0.6250000000000005551 ) ;
#2730 = ORIENTED_EDGE ( 'NONE', *, *, #2583, .F. ) ;
#2731 = VERTEX_POINT ( 'NONE', #5789 ) ;
#2732 = VERTEX_POINT ( 'NONE', #3517 ) ;
#2733 = EDGE_LOOP ( 'NONE', ( #4963, #774, #2456, #5328 ) ) ;
#2734 = DIRECTION ( 'NONE',  ( -0.000000000000000000, -0.000000000000000000, 1.000000000000000000 ) ) ;
#2735 = ADVANCED_FACE ( 'NONE', ( #1269 ), #3067, .T. ) ;
#2736 = CARTESIAN_POINT ( 'NONE',  ( -11.17259703341984256, 17.92833827019044435, 10.00000000000000000 ) ) ;
#2737 = DIRECTION ( 'NONE',  ( -0.8412535328311767646, -0.5406408174556045498, 0.000000000000000000 ) ) ;
#2738 = AXIS2_PLACEMENT_3D ( 'NONE', #983, #1428, #4184 ) ;
#2739 = VECTOR ( 'NONE', #4981, 1000.000000000000000 ) ;
#2740 = ORIENTED_EDGE ( 'NONE', *, *, #5598, .F. ) ;
#2741 = CARTESIAN_POINT ( 'NONE',  ( 0.000000000000000000, 0.000000000000000000, -10.00000000000000000 ) ) ;
#2742 = CARTESIAN_POINT ( 'NONE',  ( 7.500000000000000000, 0.000000000000000000, -10.00000000000000000 ) ) ;
#2743 = DIRECTION ( 'NONE',  ( 0.1423148382732963568, -0.9898214418809310189, 0.000000000000000000 ) ) ;
#2744 = DIRECTION ( 'NONE',  ( -1.000000000000000000, 0.000000000000000000, 0.000000000000000000 ) ) ;
#2745 = DIRECTION ( 'NONE',  ( 1.000000000000000000, 0.000000000000000000, 0.000000000000000000 ) ) ;
#2746 = EDGE_CURVE ( 'NONE', #2992, #4046, #4352, .T. ) ;
#2747 = CARTESIAN_POINT ( 'NONE',  ( -24.00000000000000355, 0.000000000000000000, -10.00000000000000000 ) ) ;
#2748 = ADVANCED_FACE ( 'NONE', ( #1296 ), #3096, .F. ) ;
#2749 = DIRECTION ( 'NONE',  ( 0.000000000000000000, 0.000000000000000000, 1.000000000000000000 ) ) ;
#2750 = VERTEX_POINT ( 'NONE', #1768 ) ;
#2751 = DIRECTION ( 'NONE',  ( 1.000000000000000000, 0.000000000000000000, 0.000000000000000000 ) ) ;
#2752 = AXIS2_PLACEMENT_3D ( 'NONE', #5100, #5666, #1913 ) ;
#2753 = ORIENTED_EDGE ( 'NONE', *, *, #733, .T. ) ;
#2754 = CYLINDRICAL_SURFACE ( 'NONE', #378, 0.6250000000000005551 ) ;
#2755 = DIRECTION ( 'NONE',  ( 1.000000000000000000, 0.000000000000000000, 0.000000000000000000 ) ) ;
#2756 = ORIENTED_EDGE ( 'NONE', *, *, #420, .T. ) ;
#2757 = CARTESIAN_POINT ( 'NONE',  ( 15.56895537727615064, -12.76419270113314930, -10.00000000000000000 ) ) ;
#2758 = EDGE_LOOP ( 'NONE', ( #4527, #5057, #61, #2042 ) ) ;
#2759 = VECTOR ( 'NONE', #201, 1000.000000000000000 ) ;
#2760 = EDGE_CURVE ( 'NONE', #2064, #1671, #1321, .T. ) ;
#2761 = VERTEX_POINT ( 'NONE', #2272 ) ;
#2762 = ORIENTED_EDGE ( 'NONE', *, *, #293, .T. ) ;
#2763 = ORIENTED_EDGE ( 'NONE', *, *, #4905, .T. ) ;
#2764 = DIRECTION ( 'NONE',  ( 0.000000000000000000, 0.000000000000000000, 1.000000000000000000 ) ) ;
#2765 = CIRCLE ( 'NONE', #5050, 24.00000000000000355 ) ;
#2766 = EDGE_CURVE ( 'NONE', #4135, #5383, #3111, .T. ) ;
#2767 = DIRECTION ( 'NONE',  ( 0.000000000000000000, 0.000000000000000000, 1.000000000000000000 ) ) ;
#2768 = FACE_OUTER_BOUND ( 'NONE', #5193, .T. ) ;
#2769 = ORIENTED_EDGE ( 'NONE', *, *, #595, .F. ) ;
#2770 = ADVANCED_FACE ( 'NONE', ( #5567 ), #3580, .T. ) ;
#2771 = CARTESIAN_POINT ( 'NONE',  ( 10.08067774637082614, 16.70123642204674752, -10.00000000000000000 ) ) ;
#2772 = DIRECTION ( 'NONE',  ( 0.000000000000000000, 0.000000000000000000, 1.000000000000000000 ) ) ;
#2773 = CARTESIAN_POINT ( 'NONE',  ( -1.173362810797226041, 20.15241450336780105, 10.00000000000000000 ) ) ;
#2774 = DIRECTION ( 'NONE',  ( -0.000000000000000000, -0.000000000000000000, 1.000000000000000000 ) ) ;
#2775 = AXIS2_PLACEMENT_3D ( 'NONE', #3945, #2185, #5343 ) ;
#2776 = CARTESIAN_POINT ( 'NONE',  ( 17.50977587920169398, 8.599948285391217695, -10.00000000000000000 ) ) ;
#2777 = LINE ( 'NONE', #4101, #1839 ) ;
#2778 = DIRECTION ( 'NONE',  ( -0.1423148382732746797, -0.9898214418809342385, 0.000000000000000000 ) ) ;
#2779 = VERTEX_POINT ( 'NONE', #3127 ) ;
#2780 = AXIS2_PLACEMENT_3D ( 'NONE', #3126, #2772, #4028 ) ;
#2781 = CARTESIAN_POINT ( 'NONE',  ( 4.793804732752795950, -21.12263990084026588, -10.00000000000000000 ) ) ;
#2782 = DIRECTION ( 'NONE',  ( -0.000000000000000000, -0.000000000000000000, 1.000000000000000000 ) ) ;
#2783 = DIRECTION ( 'NONE',  ( -0.000000000000000000, 0.000000000000000000, 1.000000000000000000 ) ) ;
#2784 = AXIS2_PLACEMENT_3D ( 'NONE', #3093, #1239, #826 ) ;
#2785 = ORIENTED_EDGE ( 'NONE', *, *, #492, .T. ) ;
#2786 = AXIS2_PLACEMENT_3D ( 'NONE', #4467, #1614, #2552 ) ;
#2787 = CARTESIAN_POINT ( 'NONE',  ( -5.143140275344411094, -19.46445722231696607, -10.00000000000000000 ) ) ;
#2788 = ORIENTED_EDGE ( 'NONE', *, *, #5530, .T. ) ;
#2789 = ORIENTED_EDGE ( 'NONE', *, *, #3308, .T. ) ;
#2790 = ORIENTED_EDGE ( 'NONE', *, *, #5428, .F. ) ;
#2791 = ORIENTED_EDGE ( 'NONE', *, *, #4250, .T. ) ;
#2792 = ADVANCED_FACE ( 'NONE', ( #2685 ), #3776, .T. ) ;
#2793 = CARTESIAN_POINT ( 'NONE',  ( -0.5489643442671610085, 19.50000000000000000, -10.00000000000000000 ) ) ;
#2794 = ORIENTED_EDGE ( 'NONE', *, *, #5381, .F. ) ;
#2795 = LINE ( 'NONE', #134, #2222 ) ;
#2796 = CARTESIAN_POINT ( 'NONE',  ( -4.008228286185877565, 23.66292682670129111, -10.00000000000000000 ) ) ;
#2797 = CARTESIAN_POINT ( 'NONE',  ( 0.2938047327527967267, -21.12263990084026588, -10.00000000000000000 ) ) ;
#2798 = CARTESIAN_POINT ( 'NONE',  ( -17.96587193962438533, -7.601237221682644929, -10.00000000000000000 ) ) ;
#2799 = EDGE_CURVE ( 'NONE', #1980, #4113, #3971, .T. ) ;
#2800 = DIRECTION ( 'NONE',  ( 0.000000000000000000, 0.000000000000000000, -1.000000000000000000 ) ) ;
#2801 = CYLINDRICAL_SURFACE ( 'NONE', #1550, 0.6250000000000005551 ) ;
#2802 = CARTESIAN_POINT ( 'NONE',  ( 0.000000000000000000, 0.000000000000000000, 10.00000000000000000 ) ) ;
#2803 = ORIENTED_EDGE ( 'NONE', *, *, #5347, .F. ) ;
#2804 = DIRECTION ( 'NONE',  ( 1.000000000000000000, 0.000000000000000000, 0.000000000000000000 ) ) ;
#2805 = EDGE_CURVE ( 'NONE', #4481, #368, #2443, .T. ) ;
#2806 = VECTOR ( 'NONE', #1241, 1000.000000000000000 ) ;
#2807 = DIRECTION ( 'NONE',  ( 1.000000000000000000, 0.000000000000000000, 0.000000000000000000 ) ) ;
#2808 = CARTESIAN_POINT ( 'NONE',  ( -20.50807819456742109, 12.46670480782746715, -10.00000000000000000 ) ) ;
#2809 = ORIENTED_EDGE ( 'NONE', *, *, #4483, .T. ) ;
#2810 = AXIS2_PLACEMENT_3D ( 'NONE', #1581, #4175, #3837 ) ;
#2811 = DIRECTION ( 'NONE',  ( -0.000000000000000000, 0.000000000000000000, 1.000000000000000000 ) ) ;
#2812 = EDGE_LOOP ( 'NONE', ( #4033, #4845, #923, #5143 ) ) ;
#2813 = AXIS2_PLACEMENT_3D ( 'NONE', #704, #586, #2383 ) ;
#2814 = EDGE_CURVE ( 'NONE', #4481, #3802, #1417, .T. ) ;
#2815 = ORIENTED_EDGE ( 'NONE', *, *, #4920, .T. ) ;
#2816 = EDGE_LOOP ( 'NONE', ( #4055, #5586, #814, #383 ) ) ;
#2817 = EDGE_CURVE ( 'NONE', #2366, #5731, #883, .T. ) ;
#2818 = CARTESIAN_POINT ( 'NONE',  ( -17.50000000000000355, 2.143131898507868643E-15, 10.00000000000000000 ) ) ;
#2819 = EDGE_LOOP ( 'NONE', ( #485, #1161, #4112, #3834 ) ) ;
#2820 = EDGE_CURVE ( 'NONE', #3469, #2194, #1799, .T. ) ;
#2821 = CARTESIAN_POINT ( 'NONE',  ( -19.37964388855037612, 2.231762667545253098, 10.00000000000000000 ) ) ;
#2822 = DIRECTION ( 'NONE',  ( 0.4154150130018974263, -0.9096319953545132231, 0.000000000000000000 ) ) ;
#2823 = EDGE_CURVE ( 'NONE', #2845, #5659, #5210, .T. ) ;
#2824 = CIRCLE ( 'NONE', #3873, 0.6249999999999994449 ) ;
#2825 = AXIS2_PLACEMENT_3D ( 'NONE', #4728, #4310, #2101 ) ;
#2826 = DIRECTION ( 'NONE',  ( 0.000000000000000000, 0.000000000000000000, 1.000000000000000000 ) ) ;
#2827 = CARTESIAN_POINT ( 'NONE',  ( 6.020512289497252922, -18.55545185715748957, -10.00000000000000000 ) ) ;
#2828 = CARTESIAN_POINT ( 'NONE',  ( -20.86582910995582907, 3.296879305597522070, -10.00000000000000000 ) ) ;
#2829 = AXIS2_PLACEMENT_3D ( 'NONE', #2844, #1105, #1130 ) ;
#2830 = LINE ( 'NONE', #3394, #5260 ) ;
#2831 = CYLINDRICAL_SURFACE ( 'NONE', #5390, 7.500000000000000000 ) ;
#2832 = EDGE_CURVE ( 'NONE', #1322, #5600, #1078, .T. ) ;
#2833 = ORIENTED_EDGE ( 'NONE', *, *, #2428, .T. ) ;
#2834 = CARTESIAN_POINT ( 'NONE',  ( 6.803424637022346566, 19.00552561255984330, 10.00000000000000000 ) ) ;
#2835 = AXIS2_PLACEMENT_3D ( 'NONE', #5637, #4681, #2497 ) ;
#2836 = DIRECTION ( 'NONE',  ( 0.000000000000000000, 0.000000000000000000, 1.000000000000000000 ) ) ;
#2837 = LINE ( 'NONE', #5559, #689 ) ;
#2838 = ORIENTED_EDGE ( 'NONE', *, *, #5090, .T. ) ;
#2839 = CIRCLE ( 'NONE', #285, 4.499999999999999112 ) ;
#2840 = DIRECTION ( 'NONE',  ( -1.000000000000000000, 0.000000000000000000, 0.000000000000000000 ) ) ;
#2841 = VERTEX_POINT ( 'NONE', #1050 ) ;
#2842 = CIRCLE ( 'NONE', #3513, 0.6249999999999993339 ) ;
#2843 = ORIENTED_EDGE ( 'NONE', *, *, #5056, .F. ) ;
#2844 = CARTESIAN_POINT ( 'NONE',  ( 15.56895537727615064, -12.76419270113314930, 10.00000000000000000 ) ) ;
#2845 = VERTEX_POINT ( 'NONE', #2240 ) ;
#2846 = VECTOR ( 'NONE', #1252, 1000.000000000000000 ) ;
#2847 = DIRECTION ( 'NONE',  ( 0.1423148382732817019, 0.9898214418809332393, 0.000000000000000000 ) ) ;
#2848 = CARTESIAN_POINT ( 'NONE',  ( -17.45329587629832702, -8.859582668517271387, -10.00000000000000000 ) ) ;
#2849 = ORIENTED_EDGE ( 'NONE', *, *, #3886, .T. ) ;
#2850 = CIRCLE ( 'NONE', #3620, 4.499999999999998224 ) ;
#2851 = AXIS2_PLACEMENT_3D ( 'NONE', #1822, #5035, #5879 ) ;
#2852 = DIRECTION ( 'NONE',  ( -0.4154150130018789966, -0.9096319953545218828, 0.000000000000000000 ) ) ;
#2853 = ORIENTED_EDGE ( 'NONE', *, *, #3183, .F. ) ;
#2854 = DIRECTION ( 'NONE',  ( -0.000000000000000000, -0.000000000000000000, 1.000000000000000000 ) ) ;
#2855 = CARTESIAN_POINT ( 'NONE',  ( 11.34221464530678247, 16.63343481638910148, -10.00000000000000000 ) ) ;
#2856 = CARTESIAN_POINT ( 'NONE',  ( -20.94945465600706314, 2.715250857188186817, 10.00000000000000000 ) ) ;
#2857 = DIRECTION ( 'NONE',  ( 0.000000000000000000, -0.000000000000000000, 1.000000000000000000 ) ) ;
#2858 = DIRECTION ( 'NONE',  ( 0.000000000000000000, 0.000000000000000000, 1.000000000000000000 ) ) ;
#2859 = EDGE_CURVE ( 'NONE', #2951, #433, #562, .T. ) ;
#2860 = CYLINDRICAL_SURFACE ( 'NONE', #735, 24.00000000000000355 ) ;
#2861 = ORIENTED_EDGE ( 'NONE', *, *, #2699, .F. ) ;
#2862 = CARTESIAN_POINT ( 'NONE',  ( -1.169031769813694721, -20.34979892761597142, 10.00000000000000000 ) ) ;
#2863 = AXIS2_PLACEMENT_3D ( 'NONE', #1540, #1568, #1510 ) ;
#2864 = DIRECTION ( 'NONE',  ( 0.000000000000000000, -0.000000000000000000, -1.000000000000000000 ) ) ;
#2865 = EDGE_CURVE ( 'NONE', #1514, #2732, #2402, .T. ) ;
#2866 = AXIS2_PLACEMENT_3D ( 'NONE', #5411, #1338, #3679 ) ;
#2867 = DIRECTION ( 'NONE',  ( 0.6548607339452946485, -0.7557495743542500533, 0.000000000000000000 ) ) ;
#2868 = EDGE_CURVE ( 'NONE', #4135, #1711, #2212, .T. ) ;
#2869 = ORIENTED_EDGE ( 'NONE', *, *, #232, .F. ) ;
#2870 = CARTESIAN_POINT ( 'NONE',  ( -0.5489643442671608975, 20.12500000000000000, -10.00000000000000000 ) ) ;
#2871 = ORIENTED_EDGE ( 'NONE', *, *, #3231, .F. ) ;
#2872 = EDGE_CURVE ( 'NONE', #147, #40, #3187, .T. ) ;
#2873 = VERTEX_POINT ( 'NONE', #914 ) ;
#2874 = FACE_OUTER_BOUND ( 'NONE', #2934, .T. ) ;
#2875 = ORIENTED_EDGE ( 'NONE', *, *, #3481, .T. ) ;
#2876 = DIRECTION ( 'NONE',  ( 0.000000000000000000, -0.000000000000000000, 1.000000000000000000 ) ) ;
#2877 = EDGE_CURVE ( 'NONE', #772, #4460, #2638, .T. ) ;
#2878 = DIRECTION ( 'NONE',  ( 0.6548607339452783282, 0.7557495743542641531, 0.000000000000000000 ) ) ;
#2879 = ORIENTED_EDGE ( 'NONE', *, *, #1946, .T. ) ;
#2880 = DIRECTION ( 'NONE',  ( 0.000000000000000000, 0.000000000000000000, 1.000000000000000000 ) ) ;
#2881 = VERTEX_POINT ( 'NONE', #4537 ) ;
#2882 = CARTESIAN_POINT ( 'NONE',  ( 0.000000000000000000, 0.000000000000000000, -10.00000000000000000 ) ) ;
#2883 = VECTOR ( 'NONE', #4176, 1000.000000000000000 ) ;
#2884 = DIRECTION ( 'NONE',  ( 0.4154150130018972598, -0.9096319953545133341, 0.000000000000000000 ) ) ;
#2885 = DIRECTION ( 'NONE',  ( 1.000000000000000000, 0.000000000000000000, 0.000000000000000000 ) ) ;
#2886 = CARTESIAN_POINT ( 'NONE',  ( 5.143140275344266321, 19.46445722231699804, -10.00000000000000000 ) ) ;
#2887 = FACE_OUTER_BOUND ( 'NONE', #29, .T. ) ;
#2888 = EDGE_CURVE ( 'NONE', #1242, #861, #130, .T. ) ;
#2889 = DIRECTION ( 'NONE',  ( 0.000000000000000000, 0.000000000000000000, 1.000000000000000000 ) ) ;
#2890 = ORIENTED_EDGE ( 'NONE', *, *, #4366, .T. ) ;
#2891 = ADVANCED_FACE ( 'NONE', ( #3831 ), #5265, .F. ) ;
#2892 = CARTESIAN_POINT ( 'NONE',  ( 15.77102493137113193, 14.05443027004750434, -10.00000000000000000 ) ) ;
#2893 = CARTESIAN_POINT ( 'NONE',  ( -4.967057427318522400, -18.86477411380790414, 10.00000000000000000 ) ) ;
#2894 = EDGE_CURVE ( 'NONE', #3204, #2750, #2514, .T. ) ;
#2895 = FACE_OUTER_BOUND ( 'NONE', #2291, .T. ) ;
#2896 = VERTEX_POINT ( 'NONE', #1987 ) ;
#2897 = DIRECTION ( 'NONE',  ( -0.000000000000000000, -0.000000000000000000, -1.000000000000000000 ) ) ;
#2898 = ORIENTED_EDGE ( 'NONE', *, *, #4732, .F. ) ;
#2899 = CARTESIAN_POINT ( 'NONE',  ( 0.000000000000000000, 0.000000000000000000, 5.000000000000000000 ) ) ;
#2900 = ORIENTED_EDGE ( 'NONE', *, *, #5115, .F. ) ;
#2901 = CIRCLE ( 'NONE', #2426, 10.00000000000000000 ) ;
#2902 = DIRECTION ( 'NONE',  ( -0.000000000000000000, -0.000000000000000000, -1.000000000000000000 ) ) ;
#2903 = DIRECTION ( 'NONE',  ( -0.000000000000000000, -0.000000000000000000, 1.000000000000000000 ) ) ;
#2904 = CIRCLE ( 'NONE', #1305, 4.499999999999998224 ) ;
#2905 = ORIENTED_EDGE ( 'NONE', *, *, #3608, .T. ) ;
#2906 = CARTESIAN_POINT ( 'NONE',  ( 0.000000000000000000, 0.000000000000000000, 10.00000000000000000 ) ) ;
#2907 = VERTEX_POINT ( 'NONE', #210 ) ;
#2908 = DIRECTION ( 'NONE',  ( 1.000000000000000000, 0.000000000000000000, 0.000000000000000000 ) ) ;
#2909 = EDGE_CURVE ( 'NONE', #4730, #3432, #2266, .T. ) ;
#2910 = LINE ( 'NONE', #1997, #3647 ) ;
#2911 = FACE_OUTER_BOUND ( 'NONE', #686, .T. ) ;
#2912 = AXIS2_PLACEMENT_3D ( 'NONE', #2320, #5514, #1441 ) ;
#2913 = DIRECTION ( 'NONE',  ( 0.000000000000000000, -0.000000000000000000, -1.000000000000000000 ) ) ;
#2914 = FACE_OUTER_BOUND ( 'NONE', #1378, .T. ) ;
#2915 = DIRECTION ( 'NONE',  ( 1.000000000000000000, 0.000000000000000000, 0.000000000000000000 ) ) ;
#2916 = ORIENTED_EDGE ( 'NONE', *, *, #3181, .T. ) ;
#2917 = DIRECTION ( 'NONE',  ( 0.000000000000000000, -0.000000000000000000, 1.000000000000000000 ) ) ;
#2918 = EDGE_CURVE ( 'NONE', #4544, #1232, #4760, .T. ) ;
#2919 = AXIS2_PLACEMENT_3D ( 'NONE', #1013, #1865, #2804 ) ;
#2920 = AXIS2_PLACEMENT_3D ( 'NONE', #778, #4400, #2098 ) ;
#2921 = LINE ( 'NONE', #1948, #776 ) ;
#2922 = LINE ( 'NONE', #4748, #5063 ) ;
#2923 = ORIENTED_EDGE ( 'NONE', *, *, #343, .F. ) ;
#2924 = CARTESIAN_POINT ( 'NONE',  ( -11.88231346068072192, 16.31892206683507140, -10.00000000000000000 ) ) ;
#2925 = ORIENTED_EDGE ( 'NONE', *, *, #5796, .T. ) ;
#2926 = DIRECTION ( 'NONE',  ( -0.4154150130018774423, -0.9096319953545225490, 0.000000000000000000 ) ) ;
#2927 = ORIENTED_EDGE ( 'NONE', *, *, #268, .F. ) ;
#2928 = EDGE_CURVE ( 'NONE', #4870, #4968, #3805, .T. ) ;
#2929 = CARTESIAN_POINT ( 'NONE',  ( -19.37964388855036191, -2.231762667545391210, -10.00000000000000000 ) ) ;
#2930 = VECTOR ( 'NONE', #2243, 1000.000000000000000 ) ;
#2931 = CARTESIAN_POINT ( 'NONE',  ( 20.11427891976024540, -1.706567941630007246, 10.00000000000000000 ) ) ;
#2932 = ORIENTED_EDGE ( 'NONE', *, *, #4116, .F. ) ;
#2933 = DIRECTION ( 'NONE',  ( 0.000000000000000000, 0.000000000000000000, 1.000000000000000000 ) ) ;
#2934 = EDGE_LOOP ( 'NONE', ( #4893, #4271, #2338, #970 ) ) ;
#2935 = EDGE_CURVE ( 'NONE', #1286, #2214, #2073, .T. ) ;
#2936 = CARTESIAN_POINT ( 'NONE',  ( 6.020512289497252922, -18.55545185715748957, -10.00000000000000000 ) ) ;
#2937 = CARTESIAN_POINT ( 'NONE',  ( 19.37964388855034414, 2.231762667545535539, -10.00000000000000000 ) ) ;
#2938 = CARTESIAN_POINT ( 'NONE',  ( 18.81871354321296153, 7.304287178075896669, 10.00000000000000000 ) ) ;
#2939 = VECTOR ( 'NONE', #509, 1000.000000000000000 ) ;
#2940 = EDGE_CURVE ( 'NONE', #933, #1341, #4731, .T. ) ;
#2941 = DIRECTION ( 'NONE',  ( -0.8412535328311766536, -0.5406408174556046609, 0.000000000000000000 ) ) ;
#2942 = CARTESIAN_POINT ( 'NONE',  ( -4.967057427318522400, -18.86477411380790414, -10.00000000000000000 ) ) ;
#2943 = CARTESIAN_POINT ( 'NONE',  ( -14.84996499048289031, 13.59395184016440616, -10.00000000000000000 ) ) ;
#2944 = ORIENTED_EDGE ( 'NONE', *, *, #5548, .F. ) ;
#2945 = CARTESIAN_POINT ( 'NONE',  ( -19.99828228972594246, -2.320709441466197287, -10.00000000000000000 ) ) ;
#2946 = CARTESIAN_POINT ( 'NONE',  ( -10.08067774637095049, -16.70123642204666581, -10.00000000000000000 ) ) ;
#2947 = DIRECTION ( 'NONE',  ( 0.000000000000000000, 0.000000000000000000, -1.000000000000000000 ) ) ;
#2948 = ORIENTED_EDGE ( 'NONE', *, *, #3336, .F. ) ;
#2949 = DIRECTION ( 'NONE',  ( 1.000000000000000000, 0.000000000000000000, 0.000000000000000000 ) ) ;
#2950 = VECTOR ( 'NONE', #3229, 1000.000000000000000 ) ;
#2951 = VERTEX_POINT ( 'NONE', #687 ) ;
#2952 = CIRCLE ( 'NONE', #4773, 24.00000000000000355 ) ;
#2953 = AXIS2_PLACEMENT_3D ( 'NONE', #751, #1371, #2102 ) ;
#2954 = CARTESIAN_POINT ( 'NONE',  ( -15.25841555994356291, 18.52513845022683014, -10.00000000000000000 ) ) ;
#2955 = AXIS2_PLACEMENT_3D ( 'NONE', #1713, #4001, #4393 ) ;
#2956 = CIRCLE ( 'NONE', #3734, 4.499999999999999112 ) ;
#2957 = ORIENTED_EDGE ( 'NONE', *, *, #349, .T. ) ;
#2958 = DIRECTION ( 'NONE',  ( 0.000000000000000000, -0.000000000000000000, 1.000000000000000000 ) ) ;
#2959 = LINE ( 'NONE', #5863, #5451 ) ;
#2960 = AXIS2_PLACEMENT_3D ( 'NONE', #3368, #4772, #2030 ) ;
#2961 = ORIENTED_EDGE ( 'NONE', *, *, #2129, .F. ) ;
#2962 = ADVANCED_FACE ( 'NONE', ( #3384 ), #2018, .T. ) ;
#2963 = CARTESIAN_POINT ( 'NONE',  ( -14.46178945166805008, 14.08379339726813662, 10.00000000000000000 ) ) ;
#2964 = ORIENTED_EDGE ( 'NONE', *, *, #4149, .F. ) ;
#2965 = LINE ( 'NONE', #4409, #739 ) ;
#2966 = SURFACE_SIDE_STYLE ('',( #276 ) ) ;
#2967 = CARTESIAN_POINT ( 'NONE',  ( 19.99828228972592470, 2.320709441466345613, -10.00000000000000000 ) ) ;
#2968 = EDGE_LOOP ( 'NONE', ( #4531, #3710, #318, #3351 ) ) ;
#2969 = CARTESIAN_POINT ( 'NONE',  ( -10.41857825728082254, 17.22701988006608431, 10.00000000000000000 ) ) ;
#2970 = CARTESIAN_POINT ( 'NONE',  ( -15.99856791459350269, -12.31025650762201096, -10.00000000000000000 ) ) ;
#2971 = CARTESIAN_POINT ( 'NONE',  ( 0.000000000000000000, 0.000000000000000000, -5.000000000000000000 ) ) ;
#2972 = CARTESIAN_POINT ( 'NONE',  ( -16.15582729722522970, -13.61034466660522391, 10.00000000000000000 ) ) ;
#2973 = CARTESIAN_POINT ( 'NONE',  ( 17.96587193962433560, 7.601237221682775491, 10.00000000000000000 ) ) ;
#2974 = EDGE_CURVE ( 'NONE', #3557, #1993, #653, .T. ) ;
#2975 = VERTEX_POINT ( 'NONE', #185 ) ;
#2976 = CARTESIAN_POINT ( 'NONE',  ( -17.96587193962444218, 7.601237221682515255, -10.00000000000000000 ) ) ;
#2977 = CYLINDRICAL_SURFACE ( 'NONE', #2484, 4.499999999999999112 ) ;
#2978 = ORIENTED_EDGE ( 'NONE', *, *, #2935, .F. ) ;
#2979 = DIRECTION ( 'NONE',  ( 0.000000000000000000, 0.000000000000000000, 1.000000000000000000 ) ) ;
#2980 = ORIENTED_EDGE ( 'NONE', *, *, #981, .F. ) ;
#2981 = ADVANCED_FACE ( 'NONE', ( #628 ), #1108, .F. ) ;
#2982 = DIRECTION ( 'NONE',  ( 1.000000000000000000, 0.000000000000000000, 0.000000000000000000 ) ) ;
#2983 = ORIENTED_EDGE ( 'NONE', *, *, #4939, .T. ) ;
#2984 = CARTESIAN_POINT ( 'NONE',  ( -7.500000000000000000, 9.184850993605147944E-16, -10.00000000000000000 ) ) ;
#2985 = CARTESIAN_POINT ( 'NONE',  ( 1.173964344267160786, -20.12500000000000000, 10.00000000000000000 ) ) ;
#2986 = EDGE_CURVE ( 'NONE', #1297, #5021, #3594, .T. ) ;
#2987 = ORIENTED_EDGE ( 'NONE', *, *, #5718, .F. ) ;
#2988 = EDGE_CURVE ( 'NONE', #1547, #1954, #5593, .T. ) ;
#2989 = ORIENTED_EDGE ( 'NONE', *, *, #1852, .F. ) ;
#2990 = CIRCLE ( 'NONE', #931, 0.6249999999999993339 ) ;
#2991 = DIRECTION ( 'NONE',  ( 0.9594929736145013655, -0.2817325568414161263, 0.000000000000000000 ) ) ;
#2992 = VERTEX_POINT ( 'NONE', #4251 ) ;
#2993 = DIRECTION ( 'NONE',  ( 0.000000000000000000, 0.000000000000000000, 1.000000000000000000 ) ) ;
#2994 = DIRECTION ( 'NONE',  ( 0.000000000000000000, 0.000000000000000000, 1.000000000000000000 ) ) ;
#2995 = CIRCLE ( 'NONE', #3579, 24.00000000000000355 ) ;
#2996 = EDGE_CURVE ( 'NONE', #3540, #1493, #659, .T. ) ;
#2997 = DIRECTION ( 'NONE',  ( -0.000000000000000000, -0.000000000000000000, 1.000000000000000000 ) ) ;
#2998 = VERTEX_POINT ( 'NONE', #2984 ) ;
#2999 = CARTESIAN_POINT ( 'NONE',  ( 16.16692557220095239, 17.61065260841518310, -10.00000000000000000 ) ) ;
#3000 = EDGE_CURVE ( 'NONE', #5318, #5643, #5206, .T. ) ;
#3001 = DIRECTION ( 'NONE',  ( 1.000000000000000000, 0.000000000000000000, 0.000000000000000000 ) ) ;
#3002 = CARTESIAN_POINT ( 'NONE',  ( 6.196595137522733943, 19.15513496566667939, -10.00000000000000000 ) ) ;
#3003 = ORIENTED_EDGE ( 'NONE', *, *, #2859, .T. ) ;
#3004 = DIRECTION ( 'NONE',  ( 0.000000000000000000, 0.000000000000000000, 1.000000000000000000 ) ) ;
#3005 = ORIENTED_EDGE ( 'NONE', *, *, #3492, .T. ) ;
#3006 = DIRECTION ( 'NONE',  ( 0.000000000000000000, -0.000000000000000000, 1.000000000000000000 ) ) ;
#3007 = CARTESIAN_POINT ( 'NONE',  ( -14.84996499048279084, -13.59395184016451452, 10.00000000000000000 ) ) ;
#3008 = ORIENTED_EDGE ( 'NONE', *, *, #5062, .T. ) ;
#3009 = EDGE_CURVE ( 'NONE', #5291, #3450, #1697, .T. ) ;
#3010 = DIRECTION ( 'NONE',  ( 0.000000000000000000, 0.000000000000000000, 1.000000000000000000 ) ) ;
#3011 = ORIENTED_EDGE ( 'NONE', *, *, #5870, .F. ) ;
#3012 = AXIS2_PLACEMENT_3D ( 'NONE', #4923, #2242, #412 ) ;
#3013 = VECTOR ( 'NONE', #5625, 1000.000000000000000 ) ;
#3014 = EDGE_CURVE ( 'NONE', #1286, #5067, #3210, .T. ) ;
#3015 = DIRECTION ( 'NONE',  ( -1.000000000000000000, 0.000000000000000000, 0.000000000000000000 ) ) ;
#3016 = ORIENTED_EDGE ( 'NONE', *, *, #3405, .F. ) ;
#3017 = AXIS2_PLACEMENT_3D ( 'NONE', #51, #1860, #1362 ) ;
#3018 = CARTESIAN_POINT ( 'NONE',  ( -11.00431413439727812, 16.10765135836944850, -10.00000000000000000 ) ) ;
#3019 = ORIENTED_EDGE ( 'NONE', *, *, #2928, .T. ) ;
#3020 = VERTEX_POINT ( 'NONE', #5712 ) ;
#3021 = VECTOR ( 'NONE', #5780, 1000.000000000000000 ) ;
#3022 = ORIENTED_EDGE ( 'NONE', *, *, #3930, .F. ) ;
#3023 = LINE ( 'NONE', #785, #4588 ) ;
#3024 = ORIENTED_EDGE ( 'NONE', *, *, #1694, .F. ) ;
#3025 = LINE ( 'NONE', #2139, #1492 ) ;
#3026 = CIRCLE ( 'NONE', #4369, 4.499999999999999112 ) ;
#3027 = CARTESIAN_POINT ( 'NONE',  ( -20.11427891976023830, 1.706567941630152241, -10.00000000000000000 ) ) ;
#3028 = CARTESIAN_POINT ( 'NONE',  ( 1.173964344267162119, 20.12500000000000000, 10.00000000000000000 ) ) ;
#3029 = ORIENTED_EDGE ( 'NONE', *, *, #221, .T. ) ;
#3030 = AXIS2_PLACEMENT_3D ( 'NONE', #5275, #2589, #4770 ) ;
#3031 = CARTESIAN_POINT ( 'NONE',  ( -19.09177818327979637, -9.041915914340204807, 10.00000000000000000 ) ) ;
#3032 = CYLINDRICAL_SURFACE ( 'NONE', #4689, 4.499999999999999112 ) ;
#3033 = DIRECTION ( 'NONE',  ( 0.1423148382732963013, -0.9898214418809311299, 0.000000000000000000 ) ) ;
#3034 = VECTOR ( 'NONE', #481, 1000.000000000000000 ) ;
#3035 = ORIENTED_EDGE ( 'NONE', *, *, #5791, .T. ) ;
#3036 = DIRECTION ( 'NONE',  ( -0.000000000000000000, -0.000000000000000000, 1.000000000000000000 ) ) ;
#3037 = ORIENTED_EDGE ( 'NONE', *, *, #545, .F. ) ;
#3038 = DIRECTION ( 'NONE',  ( 1.000000000000000000, 0.000000000000000000, 0.000000000000000000 ) ) ;
#3039 = EDGE_CURVE ( 'NONE', #3412, #2750, #2642, .T. ) ;
#3040 = DIRECTION ( 'NONE',  ( -0.6548607339452783282, -0.7557495743542641531, 0.000000000000000000 ) ) ;
#3041 = AXIS2_PLACEMENT_3D ( 'NONE', #929, #2811, #5479 ) ;
#3042 = ORIENTED_EDGE ( 'NONE', *, *, #4878, .T. ) ;
#3043 = DIRECTION ( 'NONE',  ( 1.000000000000000000, 0.000000000000000000, 0.000000000000000000 ) ) ;
#3044 = EDGE_CURVE ( 'NONE', #2587, #3243, #4644, .T. ) ;
#3045 = ORIENTED_EDGE ( 'NONE', *, *, #3378, .T. ) ;
#3046 = EDGE_CURVE ( 'NONE', #4072, #2164, #5215, .T. ) ;
#3047 = LINE ( 'NONE', #3498, #4658 ) ;
#3048 = EDGE_LOOP ( 'NONE', ( #5089, #4020, #2480, #2536 ) ) ;
#3049 = AXIS2_PLACEMENT_3D ( 'NONE', #754, #1579, #4378 ) ;
#3050 = DIRECTION ( 'NONE',  ( -0.000000000000000000, -0.000000000000000000, 1.000000000000000000 ) ) ;
#3051 = ADVANCED_FACE ( 'NONE', ( #2874 ), #1516, .T. ) ;
#3052 = VERTEX_POINT ( 'NONE', #2454 ) ;
#3053 = VECTOR ( 'NONE', #2124, 1000.000000000000000 ) ;
#3054 = ORIENTED_EDGE ( 'NONE', *, *, #558, .T. ) ;
#3055 = DIRECTION ( 'NONE',  ( -0.000000000000000000, -0.000000000000000000, 1.000000000000000000 ) ) ;
#3056 = ORIENTED_EDGE ( 'NONE', *, *, #894, .F. ) ;
#3057 = CARTESIAN_POINT ( 'NONE',  ( -19.84203074598160299, 3.407462799033540435, -10.00000000000000000 ) ) ;
#3058 = EDGE_CURVE ( 'NONE', #957, #3020, #1045, .T. ) ;
#3059 = VECTOR ( 'NONE', #1393, 1000.000000000000000 ) ;
#3060 = LINE ( 'NONE', #5751, #3822 ) ;
#3061 = DIRECTION ( 'NONE',  ( 0.6548607339452946485, -0.7557495743542500533, 0.000000000000000000 ) ) ;
#3062 = ORIENTED_EDGE ( 'NONE', *, *, #3803, .T. ) ;
#3063 = AXIS2_PLACEMENT_3D ( 'NONE', #2942, #5162, #4264 ) ;
#3064 = CARTESIAN_POINT ( 'NONE',  ( 0.2938047327527967267, -21.12263990084026588, -10.00000000000000000 ) ) ;
#3065 = CARTESIAN_POINT ( 'NONE',  ( 0.000000000000000000, 0.000000000000000000, -10.00000000000000000 ) ) ;
#3066 = CIRCLE ( 'NONE', #709, 24.00000000000000355 ) ;
#3067 = CYLINDRICAL_SURFACE ( 'NONE', #1039, 4.499999999999997335 ) ;
#3068 = CARTESIAN_POINT ( 'NONE',  ( 14.46178945166814955, -14.08379339726803181, -10.00000000000000000 ) ) ;
#3069 = LINE ( 'NONE', #5279, #656 ) ;
#3070 = ORIENTED_EDGE ( 'NONE', *, *, #1150, .T. ) ;
#3071 = CARTESIAN_POINT ( 'NONE',  ( 11.66692557220095416, 17.61065260841518310, -10.00000000000000000 ) ) ;
#3072 = EDGE_CURVE ( 'NONE', #3500, #2881, #5263, .T. ) ;
#3073 = PLANE ( 'NONE',  #217 ) ;
#3074 = ORIENTED_EDGE ( 'NONE', *, *, #5442, .T. ) ;
#3075 = DIRECTION ( 'NONE',  ( 1.000000000000000000, 0.000000000000000000, 0.000000000000000000 ) ) ;
#3076 = ORIENTED_EDGE ( 'NONE', *, *, #554, .F. ) ;
#3077 = AXIS2_PLACEMENT_3D ( 'NONE', #4447, #828, #4922 ) ;
#3078 = CIRCLE ( 'NONE', #5656, 7.500000000000000000 ) ;
#3079 = EDGE_CURVE ( 'NONE', #4714, #3562, #2512, .T. ) ;
#3080 = DIRECTION ( 'NONE',  ( -0.000000000000000000, -0.000000000000000000, 1.000000000000000000 ) ) ;
#3081 = ORIENTED_EDGE ( 'NONE', *, *, #2396, .F. ) ;
#3082 = CARTESIAN_POINT ( 'NONE',  ( -17.96587193962444218, 7.601237221682517031, -10.00000000000000000 ) ) ;
#3083 = ORIENTED_EDGE ( 'NONE', *, *, #770, .F. ) ;
#3084 = EDGE_CURVE ( 'NONE', #2975, #5822, #4786, .T. ) ;
#3085 = ORIENTED_EDGE ( 'NONE', *, *, #4345, .T. ) ;
#3086 = VERTEX_POINT ( 'NONE', #2954 ) ;
#3087 = PLANE ( 'NONE',  #3546 ) ;
#3088 = ORIENTED_EDGE ( 'NONE', *, *, #3443, .F. ) ;
#3089 = DIRECTION ( 'NONE',  ( 0.8412535328311805394, 0.5406408174555985546, 0.000000000000000000 ) ) ;
#3090 = CARTESIAN_POINT ( 'NONE',  ( -15.77102493137123140, -14.05443027004738710, -10.00000000000000000 ) ) ;
#3091 = ORIENTED_EDGE ( 'NONE', *, *, #2817, .T. ) ;
#3092 = FACE_OUTER_BOUND ( 'NONE', #5840, .T. ) ;
#3093 = CARTESIAN_POINT ( 'NONE',  ( -10.41857825728069642, -17.22701988006615892, -10.00000000000000000 ) ) ;
#3094 = AXIS2_PLACEMENT_3D ( 'NONE', #1497, #4675, #1967 ) ;
#3095 = AXIS2_PLACEMENT_3D ( 'NONE', #2471, #3341, #5220 ) ;
#3096 = CYLINDRICAL_SURFACE ( 'NONE', #1884, 0.6249999999999996669 ) ;
#3097 = ORIENTED_EDGE ( 'NONE', *, *, #2387, .T. ) ;
#3098 = CARTESIAN_POINT ( 'NONE',  ( -10.51248375447629790, -21.57516362190266790, -10.00000000000000000 ) ) ;
#3099 = AXIS2_PLACEMENT_3D ( 'NONE', #5847, #491, #2261 ) ;
#3100 = ORIENTED_EDGE ( 'NONE', *, *, #3123, .T. ) ;
#3101 = DIRECTION ( 'NONE',  ( 1.000000000000000000, 0.000000000000000000, 0.000000000000000000 ) ) ;
#3102 = DIRECTION ( 'NONE',  ( -0.6548607339452946485, 0.7557495743542500533, 0.000000000000000000 ) ) ;
#3103 = VERTEX_POINT ( 'NONE', #4276 ) ;
#3104 = FACE_OUTER_BOUND ( 'NONE', #3397, .T. ) ;
#3105 = ORIENTED_EDGE ( 'NONE', *, *, #1396, .F. ) ;
#3106 = CARTESIAN_POINT ( 'NONE',  ( 11.66692557220133963, -17.61065260841493085, -10.00000000000000000 ) ) ;
#3107 = CARTESIAN_POINT ( 'NONE',  ( 17.96587193962449902, -7.601237221682385581, -10.00000000000000000 ) ) ;
#3108 = ORIENTED_EDGE ( 'NONE', *, *, #4750, .T. ) ;
#3109 = DIRECTION ( 'NONE',  ( -0.000000000000000000, -0.000000000000000000, 1.000000000000000000 ) ) ;
#3110 = AXIS2_PLACEMENT_3D ( 'NONE', #508, #5081, #5022 ) ;
#3111 = CIRCLE ( 'NONE', #1690, 4.499999999999998224 ) ;
#3112 = ORIENTED_EDGE ( 'NONE', *, *, #4287, .F. ) ;
#3113 = EDGE_LOOP ( 'NONE', ( #4326, #65, #1657, #1686 ) ) ;
#3114 = ORIENTED_EDGE ( 'NONE', *, *, #2686, .T. ) ;
#3115 = CIRCLE ( 'NONE', #5413, 0.6250000000000002220 ) ;
#3116 = VECTOR ( 'NONE', #2041, 1000.000000000000000 ) ;
#3117 = CARTESIAN_POINT ( 'NONE',  ( 18.53439193672090468, 7.860871604808963298, -10.00000000000000000 ) ) ;
#3118 = ORIENTED_EDGE ( 'NONE', *, *, #1400, .T. ) ;
#3119 = EDGE_CURVE ( 'NONE', #1616, #4225, #716, .T. ) ;
#3120 = LINE ( 'NONE', #2793, #925 ) ;
#3121 = CARTESIAN_POINT ( 'NONE',  ( -11.17259703341984256, 17.92833827019044435, -10.00000000000000000 ) ) ;
#3122 = ORIENTED_EDGE ( 'NONE', *, *, #4382, .F. ) ;
#3123 = EDGE_CURVE ( 'NONE', #4753, #5440, #4725, .T. ) ;
#3124 = DIRECTION ( 'NONE',  ( -0.000000000000000000, -0.000000000000000000, 1.000000000000000000 ) ) ;
#3125 = AXIS2_PLACEMENT_3D ( 'NONE', #1032, #3339, #4651 ) ;
#3126 = CARTESIAN_POINT ( 'NONE',  ( 0.000000000000000000, 0.000000000000000000, 10.00000000000000000 ) ) ;
#3127 = CARTESIAN_POINT ( 'NONE',  ( -11.00431413439715911, -16.10765135836952666, -10.00000000000000000 ) ) ;
#3128 = ADVANCED_FACE ( 'NONE', ( #3800 ), #238, .T. ) ;
#3129 = CARTESIAN_POINT ( 'NONE',  ( -17.84384848860655381, 9.438943887796160226, -10.00000000000000000 ) ) ;
#3130 = DIRECTION ( 'NONE',  ( 1.000000000000000000, 0.000000000000000000, 0.000000000000000000 ) ) ;
#3131 = AXIS2_PLACEMENT_3D ( 'NONE', #4150, #5430, #912 ) ;
#3132 = VERTEX_POINT ( 'NONE', #5148 ) ;
#3133 = LINE ( 'NONE', #2776, #5419 ) ;
#3134 = CARTESIAN_POINT ( 'NONE',  ( 1.173964344267162119, 20.12500000000000000, -10.00000000000000000 ) ) ;
#3135 = ORIENTED_EDGE ( 'NONE', *, *, #4004, .F. ) ;
#3136 = AXIS2_PLACEMENT_3D ( 'NONE', #2631, #4457, #4008 ) ;
#3137 = DIRECTION ( 'NONE',  ( 0.000000000000000000, -0.000000000000000000, -1.000000000000000000 ) ) ;
#3138 = EDGE_CURVE ( 'NONE', #890, #631, #5176, .T. ) ;
#3139 = EDGE_LOOP ( 'NONE', ( #456, #4589, #2916, #4168 ) ) ;
#3140 = CYLINDRICAL_SURFACE ( 'NONE', #3439, 4.500000000000000888 ) ;
#3141 = CIRCLE ( 'NONE', #4664, 0.6250000000000006661 ) ;
#3142 = AXIS2_PLACEMENT_3D ( 'NONE', #1763, #3573, #908 ) ;
#3143 = LINE ( 'NONE', #4996, #2939 ) ;
#3144 = ORIENTED_EDGE ( 'NONE', *, *, #603, .T. ) ;
#3145 = CARTESIAN_POINT ( 'NONE',  ( 0.5489643442671623408, 20.12500000000000000, -10.00000000000000000 ) ) ;
#3146 = ORIENTED_EDGE ( 'NONE', *, *, #3058, .T. ) ;
#3147 = ORIENTED_EDGE ( 'NONE', *, *, #5123, .T. ) ;
#3148 = VERTEX_POINT ( 'NONE', #5204 ) ;
#3149 = ORIENTED_EDGE ( 'NONE', *, *, #4724, .F. ) ;
#3150 = CIRCLE ( 'NONE', #2863, 0.6249999999999988898 ) ;
#3151 = CARTESIAN_POINT ( 'NONE',  ( 9.421207896831736761, 22.07353260728050159, 10.00000000000000000 ) ) ;
#3152 = CIRCLE ( 'NONE', #5449, 4.499999999999998224 ) ;
#3153 = PLANE ( 'NONE',  #691 ) ;
#3154 = ORIENTED_EDGE ( 'NONE', *, *, #1561, .T. ) ;
#3155 = VECTOR ( 'NONE', #3619, 1000.000000000000000 ) ;
#3156 = CYLINDRICAL_SURFACE ( 'NONE', #2084, 0.6249999999999996669 ) ;
#3157 = AXIS2_PLACEMENT_3D ( 'NONE', #2220, #4037, #289 ) ;
#3158 = DIRECTION ( 'NONE',  ( 0.000000000000000000, 0.000000000000000000, 1.000000000000000000 ) ) ;
#3159 = DIRECTION ( 'NONE',  ( 0.000000000000000000, -0.000000000000000000, -1.000000000000000000 ) ) ;
#3160 = CARTESIAN_POINT ( 'NONE',  ( -11.34221464530702761, 16.63343481638893806, 10.00000000000000000 ) ) ;
#3161 = CYLINDRICAL_SURFACE ( 'NONE', #3879, 4.500000000000000888 ) ;
#3162 = CIRCLE ( 'NONE', #2312, 24.00000000000000355 ) ;
#3163 = ORIENTED_EDGE ( 'NONE', *, *, #2814, .F. ) ;
#3164 = DIRECTION ( 'NONE',  ( -0.9594929736144951482, -0.2817325568414370540, 0.000000000000000000 ) ) ;
#3165 = DIRECTION ( 'NONE',  ( -0.6548607339452836573, -0.7557495743542594901, 0.000000000000000000 ) ) ;
#3166 = EDGE_LOOP ( 'NONE', ( #3982, #5855 ) ) ;
#3167 = CARTESIAN_POINT ( 'NONE',  ( 0.000000000000000000, 0.000000000000000000, -5.000000000000000000 ) ) ;
#3168 = ADVANCED_FACE ( 'NONE', ( #5590 ), #208, .T. ) ;
#3169 = ORIENTED_EDGE ( 'NONE', *, *, #3801, .T. ) ;
#3170 = CARTESIAN_POINT ( 'NONE',  ( 20.94945465600708445, -2.715250857188031386, -10.00000000000000000 ) ) ;
#3171 = DIRECTION ( 'NONE',  ( 0.000000000000000000, -0.000000000000000000, 1.000000000000000000 ) ) ;
#3172 = ORIENTED_EDGE ( 'NONE', *, *, #1396, .T. ) ;
#3173 = DIRECTION ( 'NONE',  ( -0.8412535328311756544, -0.5406408174556059931, 0.000000000000000000 ) ) ;
#3174 = ADVANCED_FACE ( 'NONE', ( #5623 ), #1544, .T. ) ;
#3175 = ORIENTED_EDGE ( 'NONE', *, *, #3745, .T. ) ;
#3176 = ORIENTED_EDGE ( 'NONE', *, *, #95, .T. ) ;
#3177 = ORIENTED_EDGE ( 'NONE', *, *, #5000, .F. ) ;
#3178 = ORIENTED_EDGE ( 'NONE', *, *, #4948, .F. ) ;
#3179 = CARTESIAN_POINT ( 'NONE',  ( -17.50977587920175438, -8.599948285391089797, -10.00000000000000000 ) ) ;
#3180 = DIRECTION ( 'NONE',  ( 0.4154150130018845477, 0.9096319953545192183, 0.000000000000000000 ) ) ;
#3181 = EDGE_CURVE ( 'NONE', #3202, #2206, #626, .T. ) ;
#3182 = CARTESIAN_POINT ( 'NONE',  ( -19.22339234480601888, 3.318516025112738799, -10.00000000000000000 ) ) ;
#3183 = EDGE_CURVE ( 'NONE', #4809, #4461, #685, .T. ) ;
#3184 = ORIENTED_EDGE ( 'NONE', *, *, #3231, .T. ) ;
#3185 = DIRECTION ( 'NONE',  ( 0.1423148382732818129, 0.9898214418809332393, 0.000000000000000000 ) ) ;
#3186 = DIRECTION ( 'NONE',  ( -0.000000000000000000, -0.000000000000000000, -1.000000000000000000 ) ) ;
#3187 = LINE ( 'NONE', #5013, #4641 ) ;
#3188 = CARTESIAN_POINT ( 'NONE',  ( 0.000000000000000000, 0.000000000000000000, 10.00000000000000000 ) ) ;
#3189 = CARTESIAN_POINT ( 'NONE',  ( -9.793578257280696420, -17.22701988006615892, -10.00000000000000000 ) ) ;
#3190 = DIRECTION ( 'NONE',  ( 1.000000000000000000, 0.000000000000000000, 0.000000000000000000 ) ) ;
#3191 = CARTESIAN_POINT ( 'NONE',  ( 19.22339234480596915, 3.318516025113019019, -10.00000000000000000 ) ) ;
#3192 = CIRCLE ( 'NONE', #5008, 4.499999999999999112 ) ;
#3193 = ORIENTED_EDGE ( 'NONE', *, *, #3614, .F. ) ;
#3194 = EDGE_CURVE ( 'NONE', #2568, #1002, #3853, .T. ) ;
#3195 = CARTESIAN_POINT ( 'NONE',  ( 0.000000000000000000, 0.000000000000000000, 10.00000000000000000 ) ) ;
#3196 = ORIENTED_EDGE ( 'NONE', *, *, #3862, .T. ) ;
#3197 = CIRCLE ( 'NONE', #5671, 4.500000000000000000 ) ;
#3198 = PLANE ( 'NONE',  #1320 ) ;
#3199 = AXIS2_PLACEMENT_3D ( 'NONE', #2223, #5832, #3975 ) ;
#3200 = DIRECTION ( 'NONE',  ( 0.000000000000000000, 0.000000000000000000, 1.000000000000000000 ) ) ;
#3201 = EDGE_CURVE ( 'NONE', #631, #953, #568, .T. ) ;
#3202 = VERTEX_POINT ( 'NONE', #4841 ) ;
#3203 = CARTESIAN_POINT ( 'NONE',  ( 22.85164199041744482, 7.335015906035278199, 10.00000000000000000 ) ) ;
#3204 = VERTEX_POINT ( 'NONE', #5289 ) ;
#3205 = ADVANCED_FACE ( 'NONE', ( #3530 ), #3919, .T. ) ;
#3206 = ORIENTED_EDGE ( 'NONE', *, *, #4860, .T. ) ;
#3207 = ORIENTED_EDGE ( 'NONE', *, *, #966, .F. ) ;
#3208 = ORIENTED_EDGE ( 'NONE', *, *, #5458, .F. ) ;
#3209 =( NAMED_UNIT ( * ) PLANE_ANGLE_UNIT ( ) SI_UNIT ( $, .RADIAN. ) );
#3210 = CIRCLE ( 'NONE', #3599, 0.6249999999999995559 ) ;
#3211 = CARTESIAN_POINT ( 'NONE',  ( 20.50807819456750636, -12.46670480782731794, -10.00000000000000000 ) ) ;
#3212 = DIRECTION ( 'NONE',  ( 0.6548607339452842124, 0.7557495743542590461, 0.000000000000000000 ) ) ;
#3213 = VECTOR ( 'NONE', #597, 1000.000000000000000 ) ;
#3214 = ORIENTED_EDGE ( 'NONE', *, *, #3138, .T. ) ;
#3215 = CARTESIAN_POINT ( 'NONE',  ( 11.66692557220095416, 17.61065260841518310, -10.00000000000000000 ) ) ;
#3216 = CARTESIAN_POINT ( 'NONE',  ( 17.84384848860661776, -9.438943887796030552, 10.00000000000000000 ) ) ;
#3217 = CARTESIAN_POINT ( 'NONE',  ( 0.5489643442671608975, -20.12500000000000000, -10.00000000000000000 ) ) ;
#3218 = DIRECTION ( 'NONE',  ( 0.8412535328311790961, 0.5406408174556007751, 0.000000000000000000 ) ) ;
#3219 = CARTESIAN_POINT ( 'NONE',  ( 14.37762150651128401, 13.18466388144881307, 10.00000000000000000 ) ) ;
#3220 = AXIS2_PLACEMENT_3D ( 'NONE', #342, #1644, #3061 ) ;
#3221 = DIRECTION ( 'NONE',  ( -0.4154150130018911535, 0.9096319953545161097, 0.000000000000000000 ) ) ;
#3222 = CARTESIAN_POINT ( 'NONE',  ( -19.84203074598160299, 3.407462799033540435, 10.00000000000000000 ) ) ;
#3223 = AXIS2_PLACEMENT_3D ( 'NONE', #2886, #2380, #4208 ) ;
#3224 = ORIENTED_EDGE ( 'NONE', *, *, #3565, .F. ) ;
#3225 = LINE ( 'NONE', #2781, #4206 ) ;
#3226 = EDGE_CURVE ( 'NONE', #1016, #4398, #4358, .T. ) ;
#3227 = DIRECTION ( 'NONE',  ( 1.000000000000000000, 0.000000000000000000, 0.000000000000000000 ) ) ;
#3228 = AXIS2_PLACEMENT_3D ( 'NONE', #2969, #4797, #5784 ) ;
#3229 = DIRECTION ( 'NONE',  ( -0.000000000000000000, 0.000000000000000000, 1.000000000000000000 ) ) ;
#3230 = ORIENTED_EDGE ( 'NONE', *, *, #1585, .F. ) ;
#3231 = EDGE_CURVE ( 'NONE', #1671, #783, #3561, .T. ) ;
#3232 = CARTESIAN_POINT ( 'NONE',  ( -6.232838923195395786, 20.18425021047494283, -10.00000000000000000 ) ) ;
#3233 = EDGE_LOOP ( 'NONE', ( #2879, #4635, #5511, #1158 ) ) ;
#3234 = AXIS2_PLACEMENT_3D ( 'NONE', #5225, #3848, #5558 ) ;
#3235 = ORIENTED_EDGE ( 'NONE', *, *, #5316, .T. ) ;
#3236 = ORIENTED_EDGE ( 'NONE', *, *, #2888, .T. ) ;
#3237 = ORIENTED_EDGE ( 'NONE', *, *, #4064, .T. ) ;
#3238 = ADVANCED_FACE ( 'NONE', ( #3590 ), #1687, .F. ) ;
#3239 = AXIS2_PLACEMENT_3D ( 'NONE', #2787, #2340, #91 ) ;
#3240 = DIRECTION ( 'NONE',  ( -0.000000000000000000, 0.000000000000000000, -1.000000000000000000 ) ) ;
#3241 = EDGE_CURVE ( 'NONE', #4719, #1297, #5740, .T. ) ;
#3242 = CARTESIAN_POINT ( 'NONE',  ( -20.50807819456732872, -12.46670480782761459, 10.00000000000000000 ) ) ;
#3243 = VERTEX_POINT ( 'NONE', #2192 ) ;
#3244 = DIRECTION ( 'NONE',  ( 0.4154150130018972598, -0.9096319953545133341, 0.000000000000000000 ) ) ;
#3245 = VERTEX_POINT ( 'NONE', #3468 ) ;
#3246 = ADVANCED_FACE ( 'NONE', ( #748 ), #2539, .T. ) ;
#3247 = DIRECTION ( 'NONE',  ( 0.1423148382732830619, 0.9898214418809330173, 0.000000000000000000 ) ) ;
#3248 = VECTOR ( 'NONE', #4609, 1000.000000000000000 ) ;
#3249 = AXIS2_PLACEMENT_3D ( 'NONE', #4970, #2604, #3533 ) ;
#3250 = DIRECTION ( 'NONE',  ( -0.4154150130018774423, -0.9096319953545224379, 0.000000000000000000 ) ) ;
#3251 = DIRECTION ( 'NONE',  ( 0.000000000000000000, 0.000000000000000000, 1.000000000000000000 ) ) ;
#3252 = VECTOR ( 'NONE', #1136, 1000.000000000000000 ) ;
#3253 = AXIS2_PLACEMENT_3D ( 'NONE', #4361, #1682, #1218 ) ;
#3254 = CARTESIAN_POINT ( 'NONE',  ( -17.45329587629838741, 8.859582668517139936, -10.00000000000000000 ) ) ;
#3255 = VECTOR ( 'NONE', #371, 1000.000000000000000 ) ;
#3256 = LINE ( 'NONE', #556, #3059 ) ;
#3257 = CARTESIAN_POINT ( 'NONE',  ( 15.09661189330473441, -12.35490474241735015, -10.00000000000000000 ) ) ;
#3258 = ADVANCED_FACE ( 'NONE', ( #392 ), #2571, .F. ) ;
#3259 = ORIENTED_EDGE ( 'NONE', *, *, #3854, .F. ) ;
#3260 = AXIS2_PLACEMENT_3D ( 'NONE', #974, #3158, #3247 ) ;
#3261 = DIRECTION ( 'NONE',  ( -0.1423148382732963568, 0.9898214418809310189, 0.000000000000000000 ) ) ;
#3262 = EDGE_CURVE ( 'NONE', #570, #1993, #5865, .T. ) ;
#3263 = CYLINDRICAL_SURFACE ( 'NONE', #202, 4.500000000000000888 ) ;
#3264 = CARTESIAN_POINT ( 'NONE',  ( 4.551757892101347736, 19.66667462213690953, 10.00000000000000000 ) ) ;
#3265 = AXIS2_PLACEMENT_3D ( 'NONE', #3300, #1553, #3244 ) ;
#3266 = VERTEX_POINT ( 'NONE', #1308 ) ;
#3267 = STYLED_ITEM ( 'NONE', ( #3866 ), #385 ) ;
#3268 = CARTESIAN_POINT ( 'NONE',  ( 0.000000000000000000, 0.000000000000000000, -5.000000000000000000 ) ) ;
#3269 = ORIENTED_EDGE ( 'NONE', *, *, #5320, .F. ) ;
#3270 = EDGE_CURVE ( 'NONE', #24, #2115, #5769, .T. ) ;
#3271 = ORIENTED_EDGE ( 'NONE', *, *, #2746, .F. ) ;
#3272 = EDGE_CURVE ( 'NONE', #3538, #4113, #3047, .T. ) ;
#3273 = EDGE_LOOP ( 'NONE', ( #3751, #5185, #4384, #1772 ) ) ;
#3274 = DIRECTION ( 'NONE',  ( -0.000000000000000000, -0.000000000000000000, 1.000000000000000000 ) ) ;
#3275 = VECTOR ( 'NONE', #2120, 1000.000000000000000 ) ;
#3276 = ORIENTED_EDGE ( 'NONE', *, *, #5320, .T. ) ;
#3277 = CYLINDRICAL_SURFACE ( 'NONE', #1958, 4.499999999999999112 ) ;
#3278 = EDGE_CURVE ( 'NONE', #1260, #964, #5382, .T. ) ;
#3279 = LINE ( 'NONE', #3335, #547 ) ;
#3280 = FACE_OUTER_BOUND ( 'NONE', #1486, .T. ) ;
#3281 = CARTESIAN_POINT ( 'NONE',  ( -19.33587997703271455, -8.507407543743418898, -10.00000000000000000 ) ) ;
#3282 = CYLINDRICAL_SURFACE ( 'NONE', #1147, 4.499999999999999112 ) ;
#3283 = DIRECTION ( 'NONE',  ( 1.000000000000000000, 0.000000000000000000, 0.000000000000000000 ) ) ;
#3284 = DIRECTION ( 'NONE',  ( -0.000000000000000000, -0.000000000000000000, 1.000000000000000000 ) ) ;
#3285 = VERTEX_POINT ( 'NONE', #4043 ) ;
#3286 = DIRECTION ( 'NONE',  ( 0.000000000000000000, 0.000000000000000000, -1.000000000000000000 ) ) ;
#3287 = CIRCLE ( 'NONE', #252, 4.499999999999998224 ) ;
#3288 = CARTESIAN_POINT ( 'NONE',  ( 0.000000000000000000, 0.000000000000000000, 10.00000000000000000 ) ) ;
#3289 = CARTESIAN_POINT ( 'NONE',  ( 0.000000000000000000, 0.000000000000000000, -10.00000000000000000 ) ) ;
#3290 = ORIENTED_EDGE ( 'NONE', *, *, #2286, .T. ) ;
#3291 = CIRCLE ( 'NONE', #4059, 0.6250000000000000000 ) ;
#3292 = FACE_OUTER_BOUND ( 'NONE', #1172, .T. ) ;
#3293 = ORIENTED_EDGE ( 'NONE', *, *, #2434, .F. ) ;
#3294 = ORIENTED_EDGE ( 'NONE', *, *, #3958, .F. ) ;
#3295 = ORIENTED_EDGE ( 'NONE', *, *, #4948, .T. ) ;
#3296 = CARTESIAN_POINT ( 'NONE',  ( 0.000000000000000000, 0.000000000000000000, 10.00000000000000000 ) ) ;
#3297 = CARTESIAN_POINT ( 'NONE',  ( -22.85164199041754785, 7.335015906034945132, 10.00000000000000000 ) ) ;
#3298 = ORIENTED_EDGE ( 'NONE', *, *, #5633, .T. ) ;
#3299 = EDGE_CURVE ( 'NONE', #841, #2975, #2088, .T. ) ;
#3300 = CARTESIAN_POINT ( 'NONE',  ( 17.50977587920169398, 8.599948285391217695, -10.00000000000000000 ) ) ;
#3301 = ORIENTED_EDGE ( 'NONE', *, *, #5572, .T. ) ;
#3302 = CARTESIAN_POINT ( 'NONE',  ( -2.820749999999999424, -23.83366042884517100, -10.00000000000000000 ) ) ;
#3303 = VECTOR ( 'NONE', #3428, 1000.000000000000000 ) ;
#3304 = AXIS2_PLACEMENT_3D ( 'NONE', #5684, #750, #3409 ) ;
#3305 = DIRECTION ( 'NONE',  ( -0.9898214418809311299, -0.1423148382732963013, 0.000000000000000000 ) ) ;
#3306 = EDGE_CURVE ( 'NONE', #4697, #433, #1721, .T. ) ;
#3307 = DIRECTION ( 'NONE',  ( 0.000000000000000000, 0.000000000000000000, -1.000000000000000000 ) ) ;
#3308 = EDGE_CURVE ( 'NONE', #649, #4870, #867, .T. ) ;
#3309 = DIRECTION ( 'NONE',  ( 0.6548607339452842124, 0.7557495743542590461, 0.000000000000000000 ) ) ;
#3310 = CIRCLE ( 'NONE', #4834, 4.499999999999998224 ) ;
#3311 = DIRECTION ( 'NONE',  ( -0.8412535328311766536, -0.5406408174556046609, 0.000000000000000000 ) ) ;
#3312 = EDGE_CURVE ( 'NONE', #1153, #4434, #1621, .T. ) ;
#3313 = DIRECTION ( 'NONE',  ( -0.000000000000000000, -0.000000000000000000, 1.000000000000000000 ) ) ;
#3314 = VERTEX_POINT ( 'NONE', #5836 ) ;
#3315 = LINE ( 'NONE', #1537, #1883 ) ;
#3316 = AXIS2_PLACEMENT_3D ( 'NONE', #5159, #3867, #3392 ) ;
#3317 = DIRECTION ( 'NONE',  ( -1.000000000000000000, 0.000000000000000000, 0.000000000000000000 ) ) ;
#3318 = FACE_OUTER_BOUND ( 'NONE', #5230, .T. ) ;
#3319 = ORIENTED_EDGE ( 'NONE', *, *, #497, .F. ) ;
#3320 = EDGE_CURVE ( 'NONE', #3377, #3629, #1752, .T. ) ;
#3321 = VECTOR ( 'NONE', #1501, 1000.000000000000000 ) ;
#3322 = DIRECTION ( 'NONE',  ( 0.000000000000000000, 0.000000000000000000, 1.000000000000000000 ) ) ;
#3323 = VERTEX_POINT ( 'NONE', #2668 ) ;
#3324 = CIRCLE ( 'NONE', #4374, 4.499999999999999112 ) ;
#3325 = ORIENTED_EDGE ( 'NONE', *, *, #3072, .F. ) ;
#3326 = DIRECTION ( 'NONE',  ( -0.000000000000000000, 0.000000000000000000, 1.000000000000000000 ) ) ;
#3327 = ORIENTED_EDGE ( 'NONE', *, *, #2286, .F. ) ;
#3328 = AXIS2_PLACEMENT_3D ( 'NONE', #2946, #4328, #3400 ) ;
#3329 = DIRECTION ( 'NONE',  ( 1.000000000000000000, 0.000000000000000000, 0.000000000000000000 ) ) ;
#3330 = LINE ( 'NONE', #1469, #3347 ) ;
#3331 = ORIENTED_EDGE ( 'NONE', *, *, #4282, .F. ) ;
#3332 = ADVANCED_BREP_SHAPE_REPRESENTATION ( 'Planet Gear', ( #385, #5394 ), #5677 ) ;
#3333 = CARTESIAN_POINT ( 'NONE',  ( -15.09661189330464737, 12.35490474241745851, 10.00000000000000000 ) ) ;
#3334 = ORIENTED_EDGE ( 'NONE', *, *, #333, .F. ) ;
#3335 = CARTESIAN_POINT ( 'NONE',  ( 19.37964388855039388, -2.231762667545112766, 10.00000000000000000 ) ) ;
#3336 = EDGE_CURVE ( 'NONE', #365, #4484, #971, .T. ) ;
#3337 = DIRECTION ( 'NONE',  ( 0.000000000000000000, 0.000000000000000000, 1.000000000000000000 ) ) ;
#3338 = DIRECTION ( 'NONE',  ( -0.000000000000000000, -0.000000000000000000, 1.000000000000000000 ) ) ;
#3339 = DIRECTION ( 'NONE',  ( 0.000000000000000000, 0.000000000000000000, 1.000000000000000000 ) ) ;
#3340 = PLANE ( 'NONE',  #3063 ) ;
#3341 = DIRECTION ( 'NONE',  ( 0.000000000000000000, 0.000000000000000000, 1.000000000000000000 ) ) ;
#3342 = EDGE_LOOP ( 'NONE', ( #5386, #4674, #3105, #1569 ) ) ;
#3343 = DIRECTION ( 'NONE',  ( 0.000000000000000000, -0.000000000000000000, -1.000000000000000000 ) ) ;
#3344 = AXIS2_PLACEMENT_3D ( 'NONE', #1745, #832, #3040 ) ;
#3345 = AXIS2_PLACEMENT_3D ( 'NONE', #3232, #539, #3 ) ;
#3346 = CARTESIAN_POINT ( 'NONE',  ( -5.143140275344411094, -19.46445722231696607, -10.00000000000000000 ) ) ;
#3347 = VECTOR ( 'NONE', #2344, 1000.000000000000000 ) ;
#3348 = LINE ( 'NONE', #3794, #598 ) ;
#3349 = ORIENTED_EDGE ( 'NONE', *, *, #4936, .F. ) ;
#3350 = CARTESIAN_POINT ( 'NONE',  ( -4.551757892101493397, -19.66667462213687756, 10.00000000000000000 ) ) ;
#3351 = ORIENTED_EDGE ( 'NONE', *, *, #1771, .F. ) ;
#3352 = AXIS2_PLACEMENT_3D ( 'NONE', #4151, #4622, #5464 ) ;
#3353 = ADVANCED_FACE ( 'NONE', ( #4967 ), #2700, .T. ) ;
#3354 = CARTESIAN_POINT ( 'NONE',  ( 0.2938047327523353180, 21.12263990084027299, -10.00000000000000000 ) ) ;
#3355 = ORIENTED_EDGE ( 'NONE', *, *, #4047, .T. ) ;
#3356 = CARTESIAN_POINT ( 'NONE',  ( -10.00000000000000000, 0.000000000000000000, -5.000000000000000000 ) ) ;
#3357 = CARTESIAN_POINT ( 'NONE',  ( 6.020512289496848801, 18.55545185715761747, 10.00000000000000000 ) ) ;
#3358 = ORIENTED_EDGE ( 'NONE', *, *, #1684, .F. ) ;
#3359 = DIRECTION ( 'NONE',  ( 0.000000000000000000, -0.000000000000000000, 1.000000000000000000 ) ) ;
#3360 = EDGE_LOOP ( 'NONE', ( #2492, #5564, #5811, #2790 ) ) ;
#3361 = DIRECTION ( 'NONE',  ( 0.000000000000000000, 0.000000000000000000, 1.000000000000000000 ) ) ;
#3362 = ADVANCED_FACE ( 'NONE', ( #926 ), #563, .T. ) ;
#3363 = AXIS2_PLACEMENT_3D ( 'NONE', #4862, #2621, #4801 ) ;
#3364 = AXIS2_PLACEMENT_3D ( 'NONE', #5425, #4949, #520 ) ;
#3365 = DIRECTION ( 'NONE',  ( -0.000000000000000000, -0.000000000000000000, 1.000000000000000000 ) ) ;
#3366 = CARTESIAN_POINT ( 'NONE',  ( 17.96587193962433560, 7.601237221682775491, -10.00000000000000000 ) ) ;
#3367 = CARTESIAN_POINT ( 'NONE',  ( 19.99828228972597799, -2.320709441465910405, 10.00000000000000000 ) ) ;
#3368 = CARTESIAN_POINT ( 'NONE',  ( 0.000000000000000000, 0.000000000000000000, 10.00000000000000000 ) ) ;
#3369 = CARTESIAN_POINT ( 'NONE',  ( 0.000000000000000000, 0.000000000000000000, 10.00000000000000000 ) ) ;
#3370 = VERTEX_POINT ( 'NONE', #5476 ) ;
#3371 = DIRECTION ( 'NONE',  ( 0.000000000000000000, 0.000000000000000000, 1.000000000000000000 ) ) ;
#3372 = LINE ( 'NONE', #174, #402 ) ;
#3373 = ADVANCED_FACE ( 'NONE', ( #3655 ), #3263, .T. ) ;
#3374 = CARTESIAN_POINT ( 'NONE',  ( -14.46178945166805008, 14.08379339726813662, -10.00000000000000000 ) ) ;
#3375 = ORIENTED_EDGE ( 'NONE', *, *, #2823, .T. ) ;
#3376 = CARTESIAN_POINT ( 'NONE',  ( 10.51248375447660877, -21.57516362190251158, 10.00000000000000000 ) ) ;
#3377 = VERTEX_POINT ( 'NONE', #4520 ) ;
#3378 = EDGE_CURVE ( 'NONE', #5104, #4221, #3143, .T. ) ;
#3379 = EDGE_CURVE ( 'NONE', #1250, #24, #2561, .T. ) ;
#3380 = DIRECTION ( 'NONE',  ( -0.000000000000000000, -0.000000000000000000, 1.000000000000000000 ) ) ;
#3381 = ORIENTED_EDGE ( 'NONE', *, *, #362, .F. ) ;
#3382 = AXIS2_PLACEMENT_3D ( 'NONE', #5581, #1534, #1479 ) ;
#3383 = EDGE_CURVE ( 'NONE', #4225, #2134, #1719, .T. ) ;
#3384 = FACE_OUTER_BOUND ( 'NONE', #2812, .T. ) ;
#3385 = DIRECTION ( 'NONE',  ( 0.000000000000000000, 0.000000000000000000, 1.000000000000000000 ) ) ;
#3386 = AXIS2_PLACEMENT_3D ( 'NONE', #1056, #2854, #1995 ) ;
#3387 = ORIENTED_EDGE ( 'NONE', *, *, #2547, .F. ) ;
#3388 = LINE ( 'NONE', #2548, #3532 ) ;
#3389 = ORIENTED_EDGE ( 'NONE', *, *, #2138, .T. ) ;
#3390 = CARTESIAN_POINT ( 'NONE',  ( -6.803424637022489563, -19.00552561255979711, -10.00000000000000000 ) ) ;
#3391 = LINE ( 'NONE', #4319, #521 ) ;
#3392 = DIRECTION ( 'NONE',  ( 0.9594929736144972576, 0.2817325568414299486, 0.000000000000000000 ) ) ;
#3393 = FACE_OUTER_BOUND ( 'NONE', #569, .T. ) ;
#3394 = CARTESIAN_POINT ( 'NONE',  ( -15.09661189330455855, -12.35490474241756687, -10.00000000000000000 ) ) ;
#3395 = AXIS2_PLACEMENT_3D ( 'NONE', #1154, #4777, #2058 ) ;
#3396 = DIRECTION ( 'NONE',  ( -0.000000000000000000, -0.000000000000000000, -1.000000000000000000 ) ) ;
#3397 = EDGE_LOOP ( 'NONE', ( #4198, #5037, #3600, #2630 ) ) ;
#3398 = CYLINDRICAL_SURFACE ( 'NONE', #5687, 0.6250000000000005551 ) ;
#3399 = CIRCLE ( 'NONE', #275, 0.6249999999999994449 ) ;
#3400 = DIRECTION ( 'NONE',  ( -0.8412535328311844252, 0.5406408174555925594, 0.000000000000000000 ) ) ;
#3401 = DIRECTION ( 'NONE',  ( -1.000000000000000000, 0.000000000000000000, 0.000000000000000000 ) ) ;
#3402 = ORIENTED_EDGE ( 'NONE', *, *, #492, .F. ) ;
#3403 = FACE_OUTER_BOUND ( 'NONE', #873, .T. ) ;
#3404 = ORIENTED_EDGE ( 'NONE', *, *, #3044, .F. ) ;
#3405 = EDGE_CURVE ( 'NONE', #2372, #4839, #1014, .T. ) ;
#3406 = CARTESIAN_POINT ( 'NONE',  ( 6.196595137522733943, 19.15513496566667939, 10.00000000000000000 ) ) ;
#3407 = AXIS2_PLACEMENT_3D ( 'NONE', #5404, #5887, #3648 ) ;
#3408 = EDGE_LOOP ( 'NONE', ( #4557, #4038, #3523, #3100 ) ) ;
#3409 = DIRECTION ( 'NONE',  ( 1.000000000000000000, 0.000000000000000000, 0.000000000000000000 ) ) ;
#3410 = AXIS2_PLACEMENT_3D ( 'NONE', #223, #2353, #3309 ) ;
#3411 = DIRECTION ( 'NONE',  ( -0.000000000000000000, 0.000000000000000000, 1.000000000000000000 ) ) ;
#3412 = VERTEX_POINT ( 'NONE', #28 ) ;
#3413 = CARTESIAN_POINT ( 'NONE',  ( 5.143140275344266321, 19.46445722231699804, 10.00000000000000000 ) ) ;
#3414 = ORIENTED_EDGE ( 'NONE', *, *, #2615, .T. ) ;
#3415 = AXIS2_PLACEMENT_3D ( 'NONE', #1294, #440, #4596 ) ;
#3416 = CARTESIAN_POINT ( 'NONE',  ( 6.232838923195538783, -20.18425021047489665, -10.00000000000000000 ) ) ;
#3417 = EDGE_CURVE ( 'NONE', #1036, #538, #2311, .T. ) ;
#3418 =( LENGTH_UNIT ( ) NAMED_UNIT ( * ) SI_UNIT ( .MILLI., .METRE. ) );
#3419 = DIRECTION ( 'NONE',  ( -0.000000000000000000, -0.000000000000000000, -1.000000000000000000 ) ) ;
#3420 = AXIS2_PLACEMENT_3D ( 'NONE', #2727, #4547, #1 ) ;
#3421 = ORIENTED_EDGE ( 'NONE', *, *, #1343, .F. ) ;
#3422 = CARTESIAN_POINT ( 'NONE',  ( -18.07829587629839097, 8.859582668517139936, -10.00000000000000000 ) ) ;
#3423 = DIRECTION ( 'NONE',  ( -0.000000000000000000, -0.000000000000000000, -1.000000000000000000 ) ) ;
#3424 = EDGE_CURVE ( 'NONE', #625, #4191, #4278, .T. ) ;
#3425 = EDGE_CURVE ( 'NONE', #963, #4943, #536, .T. ) ;
#3426 = DIRECTION ( 'NONE',  ( -0.000000000000000000, -0.000000000000000000, 1.000000000000000000 ) ) ;
#3427 = EDGE_LOOP ( 'NONE', ( #4195, #2655, #1377, #1893 ) ) ;
#3428 = DIRECTION ( 'NONE',  ( 0.6548607339452946485, -0.7557495743542499422, 0.000000000000000000 ) ) ;
#3429 = ORIENTED_EDGE ( 'NONE', *, *, #1257, .F. ) ;
#3430 = DIRECTION ( 'NONE',  ( 0.9898214418809322401, 0.1423148382732889461, 0.000000000000000000 ) ) ;
#3431 = DIRECTION ( 'NONE',  ( -0.000000000000000000, -0.000000000000000000, 1.000000000000000000 ) ) ;
#3432 = VERTEX_POINT ( 'NONE', #956 ) ;
#3433 = EDGE_CURVE ( 'NONE', #5028, #616, #5140, .T. ) ;
#3434 = CARTESIAN_POINT ( 'NONE',  ( -2.820749999999999424, 23.83366042884517100, 10.00000000000000000 ) ) ;
#3435 = AXIS2_PLACEMENT_3D ( 'NONE', #5845, #1041, #843 ) ;
#3436 = ORIENTED_EDGE ( 'NONE', *, *, #2079, .F. ) ;
#3437 = CIRCLE ( 'NONE', #4203, 0.6249999999999994449 ) ;
#3438 = EDGE_CURVE ( 'NONE', #2634, #5659, #59, .T. ) ;
#3439 = AXIS2_PLACEMENT_3D ( 'NONE', #3106, #1780, #2249 ) ;
#3440 = DIRECTION ( 'NONE',  ( -1.000000000000000000, 0.000000000000000000, 0.000000000000000000 ) ) ;
#3441 = AXIS2_PLACEMENT_3D ( 'NONE', #2009, #3766, #5170 ) ;
#3442 = EDGE_LOOP ( 'NONE', ( #2961, #4638, #752, #3083 ) ) ;
#3443 = EDGE_CURVE ( 'NONE', #4999, #4191, #5051, .T. ) ;
#3444 = DIRECTION ( 'NONE',  ( 1.000000000000000000, 0.000000000000000000, 0.000000000000000000 ) ) ;
#3445 = CARTESIAN_POINT ( 'NONE',  ( 10.00000000000000000, 0.000000000000000000, 5.000000000000000000 ) ) ;
#3446 = VECTOR ( 'NONE', #3641, 1000.000000000000000 ) ;
#3447 = EDGE_CURVE ( 'NONE', #1153, #2260, #4075, .T. ) ;
#3448 = ORIENTED_EDGE ( 'NONE', *, *, #2615, .F. ) ;
#3449 = CARTESIAN_POINT ( 'NONE',  ( -17.50000000000000355, 0.000000000000000000, -5.000000000000000000 ) ) ;
#3450 = VERTEX_POINT ( 'NONE', #4185 ) ;
#3451 = DIRECTION ( 'NONE',  ( -0.000000000000000000, -0.000000000000000000, 1.000000000000000000 ) ) ;
#3452 = DIRECTION ( 'NONE',  ( 0.000000000000000000, 0.000000000000000000, 1.000000000000000000 ) ) ;
#3453 = FACE_OUTER_BOUND ( 'NONE', #2733, .T. ) ;
#3454 = EDGE_CURVE ( 'NONE', #2998, #5427, #4851, .T. ) ;
#3455 = DIRECTION ( 'NONE',  ( 0.6548607339452947596, -0.7557495743542499422, 0.000000000000000000 ) ) ;
#3456 = DIRECTION ( 'NONE',  ( 0.000000000000000000, 0.000000000000000000, 1.000000000000000000 ) ) ;
#3457 = CIRCLE ( 'NONE', #4140, 4.499999999999999112 ) ;
#3458 = DIRECTION ( 'NONE',  ( 1.000000000000000000, 0.000000000000000000, 0.000000000000000000 ) ) ;
#3459 = EDGE_CURVE ( 'NONE', #2873, #941, #119, .T. ) ;
#3460 = FACE_OUTER_BOUND ( 'NONE', #510, .T. ) ;
#3461 = CARTESIAN_POINT ( 'NONE',  ( -6.196595137522876939, -19.15513496566663676, 10.00000000000000000 ) ) ;
#3462 = EDGE_LOOP ( 'NONE', ( #182, #4975 ) ) ;
#3463 = PLANE ( 'NONE',  #5234 ) ;
#3464 = DIRECTION ( 'NONE',  ( -0.000000000000000000, 0.000000000000000000, 1.000000000000000000 ) ) ;
#3465 = ORIENTED_EDGE ( 'NONE', *, *, #55, .F. ) ;
#3466 = CARTESIAN_POINT ( 'NONE',  ( -5.669031769813693167, 20.34979892761597142, -10.00000000000000000 ) ) ;
#3467 = EDGE_LOOP ( 'NONE', ( #1761, #4896, #2944, #2756 ) ) ;
#3468 = CARTESIAN_POINT ( 'NONE',  ( 19.22339234480596915, 3.318516025113019907, -10.00000000000000000 ) ) ;
#3469 = VERTEX_POINT ( 'NONE', #1921 ) ;
#3470 = CIRCLE ( 'NONE', #4711, 0.6250000000000009992 ) ;
#3471 = DIRECTION ( 'NONE',  ( 0.000000000000000000, 0.000000000000000000, 1.000000000000000000 ) ) ;
#3472 = CARTESIAN_POINT ( 'NONE',  ( 14.84996499048269136, 13.59395184016462110, -10.00000000000000000 ) ) ;
#3473 = ORIENTED_EDGE ( 'NONE', *, *, #410, .T. ) ;
#3474 = VECTOR ( 'NONE', #380, 1000.000000000000000 ) ;
#3475 = CYLINDRICAL_SURFACE ( 'NONE', #5447, 24.00000000000000355 ) ;
#3476 = ORIENTED_EDGE ( 'NONE', *, *, #457, .T. ) ;
#3477 = DIRECTION ( 'NONE',  ( 0.1423148382732830619, 0.9898214418809330173, 0.000000000000000000 ) ) ;
#3478 = AXIS2_PLACEMENT_3D ( 'NONE', #4597, #3186, #2298 ) ;
#3479 = DIRECTION ( 'NONE',  ( -0.000000000000000000, -0.000000000000000000, 1.000000000000000000 ) ) ;
#3480 = CARTESIAN_POINT ( 'NONE',  ( -17.45329587629838741, 8.859582668517139936, -10.00000000000000000 ) ) ;
#3481 = EDGE_CURVE ( 'NONE', #2779, #861, #5415, .T. ) ;
#3482 = VERTEX_POINT ( 'NONE', #5196 ) ;
#3483 = DIRECTION ( 'NONE',  ( 1.000000000000000000, 0.000000000000000000, 0.000000000000000000 ) ) ;
#3484 = DIRECTION ( 'NONE',  ( -0.000000000000000000, -0.000000000000000000, 1.000000000000000000 ) ) ;
#3485 = PLANE ( 'NONE',  #1307 ) ;
#3486 = ADVANCED_FACE ( 'NONE', ( #1098 ), #1509, .F. ) ;
#3487 = ORIENTED_EDGE ( 'NONE', *, *, #1291, .F. ) ;
#3488 = EDGE_CURVE ( 'NONE', #3688, #2710, #4759, .T. ) ;
#3489 = DIRECTION ( 'NONE',  ( -0.000000000000000000, -0.000000000000000000, 1.000000000000000000 ) ) ;
#3490 = VERTEX_POINT ( 'NONE', #1538 ) ;
#3491 = FACE_OUTER_BOUND ( 'NONE', #4497, .T. ) ;
#3492 = EDGE_CURVE ( 'NONE', #1012, #3574, #2921, .T. ) ;
#3493 = FACE_OUTER_BOUND ( 'NONE', #5478, .T. ) ;
#3494 = ORIENTED_EDGE ( 'NONE', *, *, #3014, .T. ) ;
#3495 = DIRECTION ( 'NONE',  ( -0.8412535328311857574, 0.5406408174555905610, 0.000000000000000000 ) ) ;
#3496 = ORIENTED_EDGE ( 'NONE', *, *, #5412, .T. ) ;
#3497 = CIRCLE ( 'NONE', #948, 0.6249999999999996669 ) ;
#3498 = CARTESIAN_POINT ( 'NONE',  ( -23.18963355092070699, 6.183922361577058879, -10.00000000000000000 ) ) ;
#3499 = ADVANCED_FACE ( 'NONE', ( #5673 ), #4691, .T. ) ;
#3500 = VERTEX_POINT ( 'NONE', #4240 ) ;
#3501 = DIRECTION ( 'NONE',  ( 0.000000000000000000, 0.000000000000000000, 1.000000000000000000 ) ) ;
#3502 = ORIENTED_EDGE ( 'NONE', *, *, #486, .F. ) ;
#3503 = VERTEX_POINT ( 'NONE', #231 ) ;
#3504 = AXIS2_PLACEMENT_3D ( 'NONE', #220, #2028, #248 ) ;
#3505 = CARTESIAN_POINT ( 'NONE',  ( -23.18963355092066791, -6.183922361577225857, -10.00000000000000000 ) ) ;
#3506 = ORIENTED_EDGE ( 'NONE', *, *, #4509, .T. ) ;
#3507 = CARTESIAN_POINT ( 'NONE',  ( -19.84203074598157812, -3.407462799033682099, -10.00000000000000000 ) ) ;
#3508 = AXIS2_PLACEMENT_3D ( 'NONE', #672, #1148, #2001 ) ;
#3509 = DIRECTION ( 'NONE',  ( -0.000000000000000000, 0.000000000000000000, 1.000000000000000000 ) ) ;
#3510 = DIRECTION ( 'NONE',  ( 0.000000000000000000, 0.000000000000000000, 1.000000000000000000 ) ) ;
#3511 = ADVANCED_FACE ( 'NONE', ( #4269 ), #5139, .F. ) ;
#3512 = VERTEX_POINT ( 'NONE', #1040 ) ;
#3513 = AXIS2_PLACEMENT_3D ( 'NONE', #1265, #1618, #2499 ) ;
#3514 = CYLINDRICAL_SURFACE ( 'NONE', #4846, 0.6250000000000005551 ) ;
#3515 = EDGE_CURVE ( 'NONE', #4453, #714, #1155, .T. ) ;
#3516 = CARTESIAN_POINT ( 'NONE',  ( -5.669031769813693167, 20.34979892761597142, -10.00000000000000000 ) ) ;
#3517 = CARTESIAN_POINT ( 'NONE',  ( -17.50977587920181477, 8.599948285390961900, 10.00000000000000000 ) ) ;
#3518 = EDGE_CURVE ( 'NONE', #1465, #5624, #3519, .T. ) ;
#3519 = CIRCLE ( 'NONE', #2289, 4.499999999999999112 ) ;
#3520 = DIRECTION ( 'NONE',  ( -0.000000000000000000, -0.000000000000000000, 1.000000000000000000 ) ) ;
#3521 = UNCERTAINTY_MEASURE_WITH_UNIT (LENGTH_MEASURE( 1.000000000000000082E-05 ), #3418, 'distance_accuracy_value', 'NONE');
#3522 = DIRECTION ( 'NONE',  ( 0.000000000000000000, 0.000000000000000000, 1.000000000000000000 ) ) ;
#3523 = ORIENTED_EDGE ( 'NONE', *, *, #338, .F. ) ;
#3524 = DIRECTION ( 'NONE',  ( 0.000000000000000000, -0.000000000000000000, 1.000000000000000000 ) ) ;
#3525 = DIRECTION ( 'NONE',  ( 0.000000000000000000, 0.000000000000000000, 1.000000000000000000 ) ) ;
#3526 = VECTOR ( 'NONE', #623, 1000.000000000000000 ) ;
#3527 = EDGE_LOOP ( 'NONE', ( #4295, #1904, #5116, #3122 ) ) ;
#3528 = CARTESIAN_POINT ( 'NONE',  ( 0.000000000000000000, 0.000000000000000000, 10.00000000000000000 ) ) ;
#3529 = ORIENTED_EDGE ( 'NONE', *, *, #3935, .F. ) ;
#3530 = FACE_OUTER_BOUND ( 'NONE', #3566, .T. ) ;
#3531 = ORIENTED_EDGE ( 'NONE', *, *, #3515, .T. ) ;
#3532 = VECTOR ( 'NONE', #2609, 1000.000000000000000 ) ;
#3533 = DIRECTION ( 'NONE',  ( 0.1423148382732830619, 0.9898214418809330173, 0.000000000000000000 ) ) ;
#3534 = VECTOR ( 'NONE', #5293, 1000.000000000000000 ) ;
#3535 = VERTEX_POINT ( 'NONE', #4214 ) ;
#3536 = EDGE_CURVE ( 'NONE', #5474, #1253, #4475, .T. ) ;
#3537 = CIRCLE ( 'NONE', #30, 0.6250000000000002220 ) ;
#3538 = VERTEX_POINT ( 'NONE', #1978 ) ;
#3539 = CARTESIAN_POINT ( 'NONE',  ( 17.50977587920187517, -8.599948285390835778, -10.00000000000000000 ) ) ;
#3540 = VERTEX_POINT ( 'NONE', #1122 ) ;
#3541 = CARTESIAN_POINT ( 'NONE',  ( -1.000000000000000222, 8.499999999999998224, 10.00000000000000000 ) ) ;
#3542 = VECTOR ( 'NONE', #1736, 1000.000000000000000 ) ;
#3543 = CARTESIAN_POINT ( 'NONE',  ( -6.196595137522876939, -19.15513496566663676, -10.00000000000000000 ) ) ;
#3544 = CARTESIAN_POINT ( 'NONE',  ( -1.000000000000000222, 7.433034373659253013, -10.00000000000000000 ) ) ;
#3545 = VERTEX_POINT ( 'NONE', #3823 ) ;
#3546 = AXIS2_PLACEMENT_3D ( 'NONE', #3984, #2643, #5109 ) ;
#3547 = FACE_OUTER_BOUND ( 'NONE', #259, .T. ) ;
#3548 = CARTESIAN_POINT ( 'NONE',  ( 10.41857825728057030, 17.22701988006623708, -10.00000000000000000 ) ) ;
#3549 = FACE_OUTER_BOUND ( 'NONE', #4562, .T. ) ;
#3550 = VERTEX_POINT ( 'NONE', #5647 ) ;
#3551 = LINE ( 'NONE', #5402, #2265 ) ;
#3552 = VERTEX_POINT ( 'NONE', #4779 ) ;
#3553 = CARTESIAN_POINT ( 'NONE',  ( -19.78030504245122856, -4.029407280095844257, 10.00000000000000000 ) ) ;
#3554 = DIRECTION ( 'NONE',  ( 0.000000000000000000, 0.000000000000000000, 1.000000000000000000 ) ) ;
#3555 = ORIENTED_EDGE ( 'NONE', *, *, #3758, .F. ) ;
#3556 = CARTESIAN_POINT ( 'NONE',  ( 11.34221464530714485, -16.63343481638885635, 10.00000000000000000 ) ) ;
#3557 = VERTEX_POINT ( 'NONE', #257 ) ;
#3558 = DIRECTION ( 'NONE',  ( -0.9594929736144973687, -0.2817325568414301151, 0.000000000000000000 ) ) ;
#3559 = AXIS2_PLACEMENT_3D ( 'NONE', #3188, #2351, #2744 ) ;
#3560 = ADVANCED_FACE ( 'NONE', ( #710 ), #2506, .T. ) ;
#3561 = LINE ( 'NONE', #4486, #2166 ) ;
#3562 = VERTEX_POINT ( 'NONE', #2389 ) ;
#3563 = FACE_OUTER_BOUND ( 'NONE', #1314, .T. ) ;
#3564 = ORIENTED_EDGE ( 'NONE', *, *, #1791, .T. ) ;
#3565 = EDGE_CURVE ( 'NONE', #1695, #4867, #4747, .T. ) ;
#3566 = EDGE_LOOP ( 'NONE', ( #1048, #928, #2803, #3828 ) ) ;
#3567 = ORIENTED_EDGE ( 'NONE', *, *, #4074, .T. ) ;
#3568 = CARTESIAN_POINT ( 'NONE',  ( 22.85164199041744482, 7.335015906035278199, -10.00000000000000000 ) ) ;
#3569 = ORIENTED_EDGE ( 'NONE', *, *, #5477, .F. ) ;
#3570 = CARTESIAN_POINT ( 'NONE',  ( 19.85947713967965811, 13.47594774917672389, -10.00000000000000000 ) ) ;
#3571 = EDGE_CURVE ( 'NONE', #3266, #2077, #145, .T. ) ;
#3572 = CARTESIAN_POINT ( 'NONE',  ( 19.84203074598155325, 3.407462799033829093, -10.00000000000000000 ) ) ;
#3573 = DIRECTION ( 'NONE',  ( 0.000000000000000000, 0.000000000000000000, -1.000000000000000000 ) ) ;
#3574 = VERTEX_POINT ( 'NONE', #3765 ) ;
#3575 = AXIS2_PLACEMENT_3D ( 'NONE', #1590, #3313, #2915 ) ;
#3576 = CARTESIAN_POINT ( 'NONE',  ( -11.66692557220108739, -17.61065260841510138, -10.00000000000000000 ) ) ;
#3577 = LINE ( 'NONE', #5399, #2216 ) ;
#3578 = CIRCLE ( 'NONE', #2810, 0.6249999999999993339 ) ;
#3579 = AXIS2_PLACEMENT_3D ( 'NONE', #3528, #4005, #1191 ) ;
#3580 = CYLINDRICAL_SURFACE ( 'NONE', #1600, 4.500000000000000888 ) ;
#3581 = DIRECTION ( 'NONE',  ( -0.6548607339452890974, 0.7557495743542548272, 0.000000000000000000 ) ) ;
#3582 = CARTESIAN_POINT ( 'NONE',  ( 18.07829587629825951, 8.859582668517404613, -10.00000000000000000 ) ) ;
#3583 = ORIENTED_EDGE ( 'NONE', *, *, #1785, .F. ) ;
#3584 = DIRECTION ( 'NONE',  ( -0.000000000000000000, 0.000000000000000000, 1.000000000000000000 ) ) ;
#3585 = DIRECTION ( 'NONE',  ( -0.000000000000000000, -0.000000000000000000, 1.000000000000000000 ) ) ;
#3586 = ORIENTED_EDGE ( 'NONE', *, *, #5629, .F. ) ;
#3587 = DIRECTION ( 'NONE',  ( 0.000000000000000000, 0.000000000000000000, 1.000000000000000000 ) ) ;
#3588 = ORIENTED_EDGE ( 'NONE', *, *, #5171, .T. ) ;
#3589 = CARTESIAN_POINT ( 'NONE',  ( 10.73283892319553701, -20.18425021047489665, 10.00000000000000000 ) ) ;
#3590 = FACE_OUTER_BOUND ( 'NONE', #2554, .T. ) ;
#3591 = ORIENTED_EDGE ( 'NONE', *, *, #281, .T. ) ;
#3592 = LINE ( 'NONE', #297, #5724 ) ;
#3593 = AXIS2_PLACEMENT_3D ( 'NONE', #1453, #4632, #3654 ) ;
#3594 = CIRCLE ( 'NONE', #753, 24.00000000000000355 ) ;
#3595 = ORIENTED_EDGE ( 'NONE', *, *, #2455, .T. ) ;
#3596 = ORIENTED_EDGE ( 'NONE', *, *, #5375, .F. ) ;
#3597 = ORIENTED_EDGE ( 'NONE', *, *, #4905, .F. ) ;
#3598 = VECTOR ( 'NONE', #1448, 1000.000000000000000 ) ;
#3599 = AXIS2_PLACEMENT_3D ( 'NONE', #4339, #265, #3891 ) ;
#3600 = ORIENTED_EDGE ( 'NONE', *, *, #5791, .F. ) ;
#3601 = FACE_OUTER_BOUND ( 'NONE', #1753, .T. ) ;
#3602 = CARTESIAN_POINT ( 'NONE',  ( 0.2938047327527967267, -21.12263990084026588, -10.00000000000000000 ) ) ;
#3603 = VECTOR ( 'NONE', #5243, 1000.000000000000000 ) ;
#3604 = ORIENTED_EDGE ( 'NONE', *, *, #2820, .T. ) ;
#3605 = LINE ( 'NONE', #71, #4182 ) ;
#3606 = CIRCLE ( 'NONE', #863, 4.499999999999999112 ) ;
#3607 = DIRECTION ( 'NONE',  ( 1.000000000000000000, 0.000000000000000000, 0.000000000000000000 ) ) ;
#3608 = EDGE_CURVE ( 'NONE', #5873, #4453, #876, .T. ) ;
#3609 = DIRECTION ( 'NONE',  ( -0.8412535328311807614, -0.5406408174555983326, 0.000000000000000000 ) ) ;
#3610 = DIRECTION ( 'NONE',  ( -1.000000000000000000, 0.000000000000000000, 0.000000000000000000 ) ) ;
#3611 = DIRECTION ( 'NONE',  ( -0.000000000000000000, 0.000000000000000000, 1.000000000000000000 ) ) ;
#3612 = CIRCLE ( 'NONE', #10, 0.6250000000000011102 ) ;
#3613 = LINE ( 'NONE', #4986, #1807 ) ;
#3614 = EDGE_CURVE ( 'NONE', #2644, #4305, #3372, .T. ) ;
#3615 = CARTESIAN_POINT ( 'NONE',  ( -0.5489643442671610085, 19.50000000000000000, 10.00000000000000000 ) ) ;
#3616 = VERTEX_POINT ( 'NONE', #4300 ) ;
#3617 = CARTESIAN_POINT ( 'NONE',  ( 15.09661189330446618, 12.35490474241767700, -10.00000000000000000 ) ) ;
#3618 = ORIENTED_EDGE ( 'NONE', *, *, #4504, .F. ) ;
#3619 = DIRECTION ( 'NONE',  ( -0.000000000000000000, 0.000000000000000000, 1.000000000000000000 ) ) ;
#3620 = AXIS2_PLACEMENT_3D ( 'NONE', #1273, #1743, #2183 ) ;
#3621 = VECTOR ( 'NONE', #3109, 1000.000000000000000 ) ;
#3622 = CARTESIAN_POINT ( 'NONE',  ( 0.000000000000000000, 0.000000000000000000, -10.00000000000000000 ) ) ;
#3623 = VERTEX_POINT ( 'NONE', #5702 ) ;
#3624 = EDGE_CURVE ( 'NONE', #4965, #4277, #3719, .T. ) ;
#3625 = CARTESIAN_POINT ( 'NONE',  ( -23.99250271103942467, -0.5998446972059479076, 10.00000000000000000 ) ) ;
#3626 = ADVANCED_FACE ( 'NONE', ( #4000 ), #3463, .F. ) ;
#3627 = ORIENTED_EDGE ( 'NONE', *, *, #1764, .T. ) ;
#3628 = ORIENTED_EDGE ( 'NONE', *, *, #281, .F. ) ;
#3629 = VERTEX_POINT ( 'NONE', #3881 ) ;
#3630 = VERTEX_POINT ( 'NONE', #5374 ) ;
#3631 = EDGE_CURVE ( 'NONE', #489, #3285, #2850, .T. ) ;
#3632 = DIRECTION ( 'NONE',  ( -0.000000000000000000, -0.000000000000000000, 1.000000000000000000 ) ) ;
#3633 = VECTOR ( 'NONE', #2462, 1000.000000000000000 ) ;
#3634 = CARTESIAN_POINT ( 'NONE',  ( -16.16508030912741134, -17.73950897289610396, 10.00000000000000000 ) ) ;
#3635 = CIRCLE ( 'NONE', #5249, 0.6250000000000006661 ) ;
#3636 = LINE ( 'NONE', #3182, #599 ) ;
#3637 = EDGE_LOOP ( 'NONE', ( #4573, #5298, #3259, #622 ) ) ;
#3638 = CIRCLE ( 'NONE', #4682, 4.499999999999999112 ) ;
#3639 = DIRECTION ( 'NONE',  ( 0.9898214418809332393, -0.1423148382732818129, 0.000000000000000000 ) ) ;
#3640 = VECTOR ( 'NONE', #3464, 1000.000000000000000 ) ;
#3641 = DIRECTION ( 'NONE',  ( -0.000000000000000000, -0.000000000000000000, 1.000000000000000000 ) ) ;
#3642 = DIRECTION ( 'NONE',  ( -0.000000000000000000, -0.000000000000000000, 1.000000000000000000 ) ) ;
#3643 = PLANE ( 'NONE',  #1477 ) ;
#3644 = EDGE_CURVE ( 'NONE', #2285, #151, #1681, .T. ) ;
#3645 = DIRECTION ( 'NONE',  ( 0.000000000000000000, -0.000000000000000000, 1.000000000000000000 ) ) ;
#3646 = AXIS2_PLACEMENT_3D ( 'NONE', #280, #1183, #3001 ) ;
#3647 = VECTOR ( 'NONE', #3365, 1000.000000000000000 ) ;
#3648 = DIRECTION ( 'NONE',  ( -0.1423148382732887240, 0.9898214418809322401, 0.000000000000000000 ) ) ;
#3649 = FACE_OUTER_BOUND ( 'NONE', #3113, .T. ) ;
#3650 = ORIENTED_EDGE ( 'NONE', *, *, #2428, .F. ) ;
#3651 = EDGE_CURVE ( 'NONE', #779, #890, #5282, .T. ) ;
#3652 = CARTESIAN_POINT ( 'NONE',  ( 0.000000000000000000, 0.000000000000000000, 5.000000000000000000 ) ) ;
#3653 = ORIENTED_EDGE ( 'NONE', *, *, #1471, .T. ) ;
#3654 = DIRECTION ( 'NONE',  ( -0.1423148382732886130, 0.9898214418809322401, 0.000000000000000000 ) ) ;
#3655 = FACE_OUTER_BOUND ( 'NONE', #5838, .T. ) ;
#3656 = ORIENTED_EDGE ( 'NONE', *, *, #1633, .F. ) ;
#3657 = CYLINDRICAL_SURFACE ( 'NONE', #3041, 4.499999999999997335 ) ;
#3658 = VECTOR ( 'NONE', #3520, 1000.000000000000000 ) ;
#3659 = VERTEX_POINT ( 'NONE', #3553 ) ;
#3660 = EDGE_LOOP ( 'NONE', ( #187, #5450, #4850, #4855 ) ) ;
#3661 = VERTEX_POINT ( 'NONE', #1300 ) ;
#3662 = ORIENTED_EDGE ( 'NONE', *, *, #5316, .F. ) ;
#3663 = CARTESIAN_POINT ( 'NONE',  ( -14.46178945166794705, -14.08379339726824142, -10.00000000000000000 ) ) ;
#3664 = CARTESIAN_POINT ( 'NONE',  ( 0.000000000000000000, 0.000000000000000000, -10.00000000000000000 ) ) ;
#3665 = ORIENTED_EDGE ( 'NONE', *, *, #1561, .F. ) ;
#3666 = CYLINDRICAL_SURFACE ( 'NONE', #3799, 24.00000000000000355 ) ;
#3667 = LINE ( 'NONE', #5489, #5388 ) ;
#3668 = AXIS2_PLACEMENT_3D ( 'NONE', #4592, #5034, #2294 ) ;
#3669 = EDGE_CURVE ( 'NONE', #819, #731, #3141, .T. ) ;
#3670 = CARTESIAN_POINT ( 'NONE',  ( -17.50000000000000355, 0.000000000000000000, -5.000000000000000000 ) ) ;
#3671 = CARTESIAN_POINT ( 'NONE',  ( -15.77102493137123140, -14.05443027004738710, 10.00000000000000000 ) ) ;
#3672 = EDGE_CURVE ( 'NONE', #5427, #705, #4804, .T. ) ;
#3673 = CARTESIAN_POINT ( 'NONE',  ( 11.00431413439704009, 16.10765135836961193, -10.00000000000000000 ) ) ;
#3674 = DIRECTION ( 'NONE',  ( 0.000000000000000000, 0.000000000000000000, -1.000000000000000000 ) ) ;
#3675 = CIRCLE ( 'NONE', #5288, 7.500000000000000000 ) ;
#3676 = DIRECTION ( 'NONE',  ( 0.000000000000000000, 0.000000000000000000, -1.000000000000000000 ) ) ;
#3677 = ORIENTED_EDGE ( 'NONE', *, *, #2369, .T. ) ;
#3678 = CIRCLE ( 'NONE', #3099, 4.499999999999999112 ) ;
#3679 = DIRECTION ( 'NONE',  ( -0.6548607339452890974, 0.7557495743542548272, 0.000000000000000000 ) ) ;
#3680 = ADVANCED_FACE ( 'NONE', ( #5795 ), #5732, .T. ) ;
#3681 = DIRECTION ( 'NONE',  ( -0.000000000000000000, -0.000000000000000000, 1.000000000000000000 ) ) ;
#3682 = DIRECTION ( 'NONE',  ( 1.000000000000000000, 0.000000000000000000, 0.000000000000000000 ) ) ;
#3683 = ORIENTED_EDGE ( 'NONE', *, *, #4126, .F. ) ;
#3684 = DIRECTION ( 'NONE',  ( 1.000000000000000000, 0.000000000000000000, 0.000000000000000000 ) ) ;
#3685 = ORIENTED_EDGE ( 'NONE', *, *, #2859, .F. ) ;
#3686 = EDGE_CURVE ( 'NONE', #4434, #2951, #4392, .T. ) ;
#3687 = VERTEX_POINT ( 'NONE', #2660 ) ;
#3688 = VERTEX_POINT ( 'NONE', #1655 ) ;
#3689 = ORIENTED_EDGE ( 'NONE', *, *, #5357, .F. ) ;
#3690 = VECTOR ( 'NONE', #4161, 1000.000000000000000 ) ;
#3691 = APPLICATION_PROTOCOL_DEFINITION ( 'draft international standard', 'automotive_design', 1998, #720 ) ;
#3692 = VECTOR ( 'NONE', #5432, 1000.000000000000000 ) ;
#3693 = FACE_OUTER_BOUND ( 'NONE', #2659, .T. ) ;
#3694 = DIRECTION ( 'NONE',  ( 0.000000000000000000, -0.000000000000000000, 1.000000000000000000 ) ) ;
#3695 = AXIS2_PLACEMENT_3D ( 'NONE', #284, #173, #1975 ) ;
#3696 = AXIS2_PLACEMENT_3D ( 'NONE', #1783, #328, #2982 ) ;
#3697 = ORIENTED_EDGE ( 'NONE', *, *, #2457, .F. ) ;
#3698 = DIRECTION ( 'NONE',  ( -0.000000000000000000, -0.000000000000000000, 1.000000000000000000 ) ) ;
#3699 = ADVANCED_FACE ( 'NONE', ( #3491 ), #4835, .F. ) ;
#3700 = LINE ( 'NONE', #2796, #3446 ) ;
#3701 = EDGE_CURVE ( 'NONE', #4999, #2564, #298, .T. ) ;
#3702 = DIRECTION ( 'NONE',  ( -0.000000000000000000, 0.000000000000000000, -1.000000000000000000 ) ) ;
#3703 = DIRECTION ( 'NONE',  ( -0.000000000000000000, -0.000000000000000000, 1.000000000000000000 ) ) ;
#3704 = DIRECTION ( 'NONE',  ( 0.6548607339452783282, 0.7557495743542641531, 0.000000000000000000 ) ) ;
#3705 = CIRCLE ( 'NONE', #1900, 4.499999999999999112 ) ;
#3706 = CARTESIAN_POINT ( 'NONE',  ( 6.020512289496848801, 18.55545185715761747, -10.00000000000000000 ) ) ;
#3707 = ADVANCED_FACE ( 'NONE', ( #4479, #322 ), #2123, .T. ) ;
#3708 = CARTESIAN_POINT ( 'NONE',  ( -0.5489643442671623408, -20.12500000000000000, -10.00000000000000000 ) ) ;
#3709 = AXIS2_PLACEMENT_3D ( 'NONE', #1887, #5524, #1449 ) ;
#3710 = ORIENTED_EDGE ( 'NONE', *, *, #802, .T. ) ;
#3711 = CARTESIAN_POINT ( 'NONE',  ( 19.84203074598162786, -3.407462799033397438, 10.00000000000000000 ) ) ;
#3712 = CARTESIAN_POINT ( 'NONE',  ( -20.94945465600706314, 2.715250857188186817, -10.00000000000000000 ) ) ;
#3713 = EDGE_CURVE ( 'NONE', #3490, #3538, #2839, .T. ) ;
#3714 = CIRCLE ( 'NONE', #576, 0.6249999999999988898 ) ;
#3715 = FACE_OUTER_BOUND ( 'NONE', #4776, .T. ) ;
#3716 = EDGE_LOOP ( 'NONE', ( #2763, #2463, #951, #1452 ) ) ;
#3717 = DIRECTION ( 'NONE',  ( 1.000000000000000000, 0.000000000000000000, 0.000000000000000000 ) ) ;
#3718 = ORIENTED_EDGE ( 'NONE', *, *, #1043, .T. ) ;
#3719 = CIRCLE ( 'NONE', #1908, 17.50000000000000355 ) ;
#3720 = EDGE_CURVE ( 'NONE', #5517, #482, #2059, .T. ) ;
#3721 = ORIENTED_EDGE ( 'NONE', *, *, #981, .T. ) ;
#3722 = ORIENTED_EDGE ( 'NONE', *, *, #2262, .F. ) ;
#3723 = DIRECTION ( 'NONE',  ( 1.000000000000000000, 0.000000000000000000, 0.000000000000000000 ) ) ;
#3724 = ORIENTED_EDGE ( 'NONE', *, *, #5739, .F. ) ;
#3725 = LINE ( 'NONE', #102, #1439 ) ;
#3726 = DIRECTION ( 'NONE',  ( -0.1423148382732746797, -0.9898214418809342385, 0.000000000000000000 ) ) ;
#3727 = AXIS2_PLACEMENT_3D ( 'NONE', #435, #1458, #1288 ) ;
#3728 = AXIS2_PLACEMENT_3D ( 'NONE', #4459, #2195, #4011 ) ;
#3729 = CARTESIAN_POINT ( 'NONE',  ( -0.2938047327526475683, 21.12263990084026588, 10.00000000000000000 ) ) ;
#3730 = CARTESIAN_POINT ( 'NONE',  ( 15.56895537727587353, 12.76419270113348681, -10.00000000000000000 ) ) ;
#3731 = AXIS2_PLACEMENT_3D ( 'NONE', #4252, #3385, #1052 ) ;
#3732 = VECTOR ( 'NONE', #79, 1000.000000000000000 ) ;
#3733 = FACE_OUTER_BOUND ( 'NONE', #3527, .T. ) ;
#3734 = AXIS2_PLACEMENT_3D ( 'NONE', #309, #3900, #821 ) ;
#3735 = DIRECTION ( 'NONE',  ( 0.000000000000000000, 1.000000000000000000, 0.000000000000000000 ) ) ;
#3736 = CYLINDRICAL_SURFACE ( 'NONE', #5672, 4.500000000000000000 ) ;
#3737 = ORIENTED_EDGE ( 'NONE', *, *, #486, .T. ) ;
#3738 = VECTOR ( 'NONE', #5248, 1000.000000000000000 ) ;
#3739 = DIRECTION ( 'NONE',  ( -0.1423148382732720985, -0.9898214418809345716, 0.000000000000000000 ) ) ;
#3740 = DIRECTION ( 'NONE',  ( 1.000000000000000000, 0.000000000000000000, 0.000000000000000000 ) ) ;
#3741 = DIRECTION ( 'NONE',  ( 0.1423148382732942474, -0.9898214418809313520, 0.000000000000000000 ) ) ;
#3742 = VERTEX_POINT ( 'NONE', #5341 ) ;
#3743 = DIRECTION ( 'NONE',  ( -0.000000000000000000, 0.000000000000000000, 1.000000000000000000 ) ) ;
#3744 = ORIENTED_EDGE ( 'NONE', *, *, #1640, .T. ) ;
#3745 = EDGE_CURVE ( 'NONE', #2841, #3616, #4272, .T. ) ;
#3746 = ORIENTED_EDGE ( 'NONE', *, *, #915, .F. ) ;
#3747 = VERTEX_POINT ( 'NONE', #2626 ) ;
#3748 = ADVANCED_FACE ( 'NONE', ( #4450 ), #5494, .F. ) ;
#3749 = CARTESIAN_POINT ( 'NONE',  ( 19.33587997703265415, 8.507407543743562783, -10.00000000000000000 ) ) ;
#3750 = DIRECTION ( 'NONE',  ( 0.000000000000000000, 0.000000000000000000, 1.000000000000000000 ) ) ;
#3751 = ORIENTED_EDGE ( 'NONE', *, *, #55, .T. ) ;
#3752 = EDGE_CURVE ( 'NONE', #2731, #149, #2330, .T. ) ;
#3753 = DIRECTION ( 'NONE',  ( 1.000000000000000000, 0.000000000000000000, 0.000000000000000000 ) ) ;
#3754 = ORIENTED_EDGE ( 'NONE', *, *, #3379, .F. ) ;
#3755 = DIRECTION ( 'NONE',  ( -0.000000000000000000, -0.000000000000000000, 1.000000000000000000 ) ) ;
#3756 = CARTESIAN_POINT ( 'NONE',  ( 19.37964388855039388, -2.231762667545112766, -10.00000000000000000 ) ) ;
#3757 = CARTESIAN_POINT ( 'NONE',  ( 6.020512289496848801, 18.55545185715761747, -10.00000000000000000 ) ) ;
#3758 = EDGE_CURVE ( 'NONE', #1628, #5003, #1832, .T. ) ;
#3759 = FACE_OUTER_BOUND ( 'NONE', #5618, .T. ) ;
#3760 = CARTESIAN_POINT ( 'NONE',  ( -10.08067774637095049, -16.70123642204666581, -10.00000000000000000 ) ) ;
#3761 = FACE_OUTER_BOUND ( 'NONE', #423, .T. ) ;
#3762 = ORIENTED_EDGE ( 'NONE', *, *, #1388, .T. ) ;
#3763 = FACE_OUTER_BOUND ( 'NONE', #4249, .T. ) ;
#3764 = VECTOR ( 'NONE', #2501, 1000.000000000000000 ) ;
#3765 = CARTESIAN_POINT ( 'NONE',  ( 15.99856791459341387, 12.31025650762212642, 10.00000000000000000 ) ) ;
#3766 = DIRECTION ( 'NONE',  ( 0.000000000000000000, 0.000000000000000000, 1.000000000000000000 ) ) ;
#3767 = VERTEX_POINT ( 'NONE', #1421 ) ;
#3768 = CIRCLE ( 'NONE', #4336, 24.00000000000000355 ) ;
#3769 = DIRECTION ( 'NONE',  ( 0.000000000000000000, 0.000000000000000000, 1.000000000000000000 ) ) ;
#3770 = ORIENTED_EDGE ( 'NONE', *, *, #3713, .F. ) ;
#3771 = VECTOR ( 'NONE', #773, 1000.000000000000000 ) ;
#3772 = ORIENTED_EDGE ( 'NONE', *, *, #1991, .F. ) ;
#3773 = DIRECTION ( 'NONE',  ( 0.9594929736145013655, -0.2817325568414161263, 0.000000000000000000 ) ) ;
#3774 = EDGE_CURVE ( 'NONE', #4046, #2587, #1773, .T. ) ;
#3775 = ORIENTED_EDGE ( 'NONE', *, *, #5107, .T. ) ;
#3776 = CYLINDRICAL_SURFACE ( 'NONE', #4551, 4.499999999999999112 ) ;
#3777 = CARTESIAN_POINT ( 'NONE',  ( 4.551757892101776726, -19.66667462213681006, 10.00000000000000000 ) ) ;
#3778 = EDGE_LOOP ( 'NONE', ( #1402, #1106, #3531, #4391 ) ) ;
#3779 = CARTESIAN_POINT ( 'NONE',  ( 19.22339234480604375, -3.318516025112599799, -10.00000000000000000 ) ) ;
#3780 = ORIENTED_EDGE ( 'NONE', *, *, #5636, .T. ) ;
#3781 = CARTESIAN_POINT ( 'NONE',  ( -10.41857825728082254, 17.22701988006608431, -10.00000000000000000 ) ) ;
#3782 = AXIS2_PLACEMENT_3D ( 'NONE', #3170, #4994, #3261 ) ;
#3783 = VECTOR ( 'NONE', #2958, 1000.000000000000000 ) ;
#3784 = PLANE ( 'NONE',  #2786 ) ;
#3785 = CARTESIAN_POINT ( 'NONE',  ( -18.07829587629839097, 8.859582668517139936, -10.00000000000000000 ) ) ;
#3786 = FACE_OUTER_BOUND ( 'NONE', #101, .T. ) ;
#3787 = CARTESIAN_POINT ( 'NONE',  ( -18.07829587629839097, 8.859582668517139936, -10.00000000000000000 ) ) ;
#3788 = DIRECTION ( 'NONE',  ( 0.000000000000000000, 0.000000000000000000, 1.000000000000000000 ) ) ;
#3789 = EDGE_LOOP ( 'NONE', ( #4035, #2978, #5651, #4639 ) ) ;
#3790 = EDGE_CURVE ( 'NONE', #3661, #2568, #3133, .T. ) ;
#3791 = DIRECTION ( 'NONE',  ( -0.8412535328311886440, 0.5406408174555861201, 0.000000000000000000 ) ) ;
#3792 = VECTOR ( 'NONE', #2553, 1000.000000000000000 ) ;
#3793 = CARTESIAN_POINT ( 'NONE',  ( 5.143140275344690870, -19.46445722231688791, -10.00000000000000000 ) ) ;
#3794 = CARTESIAN_POINT ( 'NONE',  ( 14.37762150651157000, -13.18466388144850043, -10.00000000000000000 ) ) ;
#3795 = ORIENTED_EDGE ( 'NONE', *, *, #3515, .F. ) ;
#3796 = VECTOR ( 'NONE', #919, 1000.000000000000000 ) ;
#3797 = FACE_OUTER_BOUND ( 'NONE', #3360, .T. ) ;
#3798 = ORIENTED_EDGE ( 'NONE', *, *, #4492, .F. ) ;
#3799 = AXIS2_PLACEMENT_3D ( 'NONE', #467, #4093, #5463 ) ;
#3800 = FACE_OUTER_BOUND ( 'NONE', #1247, .T. ) ;
#3801 = EDGE_CURVE ( 'NONE', #2214, #2445, #4094, .T. ) ;
#3802 = VERTEX_POINT ( 'NONE', #2747 ) ;
#3803 = EDGE_CURVE ( 'NONE', #4727, #941, #1435, .T. ) ;
#3804 = VECTOR ( 'NONE', #3979, 1000.000000000000000 ) ;
#3805 = LINE ( 'NONE', #5744, #2350 ) ;
#3806 = CYLINDRICAL_SURFACE ( 'NONE', #1366, 4.500000000000000000 ) ;
#3807 = ORIENTED_EDGE ( 'NONE', *, *, #1195, .T. ) ;
#3808 = CIRCLE ( 'NONE', #684, 24.00000000000000355 ) ;
#3809 = DIRECTION ( 'NONE',  ( -1.000000000000000000, 0.000000000000000000, 0.000000000000000000 ) ) ;
#3810 = ORIENTED_EDGE ( 'NONE', *, *, #4578, .T. ) ;
#3811 = CARTESIAN_POINT ( 'NONE',  ( -6.803424637022489563, -19.00552561255979711, -10.00000000000000000 ) ) ;
#3812 = FACE_OUTER_BOUND ( 'NONE', #466, .T. ) ;
#3813 = DIRECTION ( 'NONE',  ( 0.1423148382732886408, -0.9898214418809322401, 0.000000000000000000 ) ) ;
#3814 = EDGE_CURVE ( 'NONE', #1103, #2077, #3606, .T. ) ;
#3815 = DIRECTION ( 'NONE',  ( 0.000000000000000000, -0.000000000000000000, -1.000000000000000000 ) ) ;
#3816 = CARTESIAN_POINT ( 'NONE',  ( 10.73283892319509825, 20.18425021047503520, -10.00000000000000000 ) ) ;
#3817 = FACE_OUTER_BOUND ( 'NONE', #3637, .T. ) ;
#3818 = EDGE_CURVE ( 'NONE', #1260, #2267, #1903, .T. ) ;
#3819 = ORIENTED_EDGE ( 'NONE', *, *, #221, .F. ) ;
#3820 = CYLINDRICAL_SURFACE ( 'NONE', #5592, 0.6250000000000005551 ) ;
#3821 = CIRCLE ( 'NONE', #1079, 4.499999999999998224 ) ;
#3822 = VECTOR ( 'NONE', #3479, 1000.000000000000000 ) ;
#3823 = CARTESIAN_POINT ( 'NONE',  ( 6.020512289497252922, -18.55545185715748957, -10.00000000000000000 ) ) ;
#3824 = EDGE_CURVE ( 'NONE', #1578, #3202, #2275, .T. ) ;
#3825 = DIRECTION ( 'NONE',  ( 1.000000000000000000, 0.000000000000000000, 0.000000000000000000 ) ) ;
#3826 = ORIENTED_EDGE ( 'NONE', *, *, #4946, .F. ) ;
#3827 = DIRECTION ( 'NONE',  ( 0.000000000000000000, 0.000000000000000000, 1.000000000000000000 ) ) ;
#3828 = ORIENTED_EDGE ( 'NONE', *, *, #4546, .F. ) ;
#3829 = DIRECTION ( 'NONE',  ( 0.000000000000000000, 0.000000000000000000, -1.000000000000000000 ) ) ;
#3830 = VERTEX_POINT ( 'NONE', #3219 ) ;
#3831 = FACE_OUTER_BOUND ( 'NONE', #2574, .T. ) ;
#3832 = VECTOR ( 'NONE', #5091, 1000.000000000000000 ) ;
#3833 = DIRECTION ( 'NONE',  ( 1.000000000000000000, 0.000000000000000000, 0.000000000000000000 ) ) ;
#3834 = ORIENTED_EDGE ( 'NONE', *, *, #1388, .F. ) ;
#3835 = LINE ( 'NONE', #272, #5075 ) ;
#3836 = VERTEX_POINT ( 'NONE', #1802 ) ;
#3837 = DIRECTION ( 'NONE',  ( 0.4154150130018856579, 0.9096319953545187742, 0.000000000000000000 ) ) ;
#3838 = AXIS2_PLACEMENT_3D ( 'NONE', #2972, #411, #2179 ) ;
#3839 = LINE ( 'NONE', #4680, #809 ) ;
#3840 = CARTESIAN_POINT ( 'NONE',  ( -14.37762150651147763, 13.18466388144860346, 10.00000000000000000 ) ) ;
#3841 = CYLINDRICAL_SURFACE ( 'NONE', #5039, 4.500000000000000888 ) ;
#3842 = FACE_OUTER_BOUND ( 'NONE', #3442, .T. ) ;
#3843 = EDGE_CURVE ( 'NONE', #4912, #5021, #5228, .T. ) ;
#3844 = DIRECTION ( 'NONE',  ( 1.000000000000000000, 0.000000000000000000, 0.000000000000000000 ) ) ;
#3845 = ORIENTED_EDGE ( 'NONE', *, *, #2457, .T. ) ;
#3846 = CARTESIAN_POINT ( 'NONE',  ( 18.07829587629845491, -8.859582668517008486, -10.00000000000000000 ) ) ;
#3847 = EDGE_CURVE ( 'NONE', #2907, #4912, #5700, .T. ) ;
#3848 = DIRECTION ( 'NONE',  ( -0.000000000000000000, 0.000000000000000000, -1.000000000000000000 ) ) ;
#3849 = CARTESIAN_POINT ( 'NONE',  ( 19.09177818327973242, 9.041915914340346916, 10.00000000000000000 ) ) ;
#3850 = ORIENTED_EDGE ( 'NONE', *, *, #4492, .T. ) ;
#3851 = CARTESIAN_POINT ( 'NONE',  ( -5.669031769813693167, -20.34979892761597142, -10.00000000000000000 ) ) ;
#3852 = ORIENTED_EDGE ( 'NONE', *, *, #3608, .F. ) ;
#3853 = LINE ( 'NONE', #5681, #93 ) ;
#3854 = EDGE_CURVE ( 'NONE', #1221, #4943, #393, .T. ) ;
#3855 = VECTOR ( 'NONE', #5601, 1000.000000000000000 ) ;
#3856 = ORIENTED_EDGE ( 'NONE', *, *, #2256, .T. ) ;
#3857 = CIRCLE ( 'NONE', #4334, 24.00000000000000355 ) ;
#3858 = DIRECTION ( 'NONE',  ( -0.9594929736144952592, -0.2817325568414371095, 0.000000000000000000 ) ) ;
#3859 = FACE_OUTER_BOUND ( 'NONE', #5454, .T. ) ;
#3860 = AXIS2_PLACEMENT_3D ( 'NONE', #5032, #2646, #1380 ) ;
#3861 = EDGE_LOOP ( 'NONE', ( #2671, #2186, #1755, #5777, #1814, #5344, #2610, #1199, #2247, #3097, #4370, #2361, #869, #4989, #3154, #5775, #4341, #4693, #1228, #4219, #1598, #2309, #3980, #1437, #436, #3950, #3146, #5707, #1805, #681, #1384, #2980, #4431, #2218, #1982, #4389, #3845, #3235, #451, #4274, #815, #1985, #4848, #1603, #4091, #3476, #2143, #401, #1487, #3496, #2357, #3884, #4610, #5555, #3175, #8, #5509, #3946, #3172, #5631, #4356, #1169, #1258, #2762, #5389, #4837, #3327, #5537, #1952, #159, #3118, #1646, #3754, #2728, #5621, #5070, #3473, #261, #3628, #3029, #209, #1264, #2334, #334, #2964, #4364, #571, #899, #3295, #5569, #5304, #5058, #2224, #1930, #2789, #1728, #4631, #2296, #429, #4218, #1934, #5482, #2905, #1724, #2519, #2948, #4379, #1769, #286, #1370, #5055, #2598, #2957, #3583, #5212, #842, #1790, #4111, #1407, #1365, #3596, #965, #5857, #3276, #4211, #1898, #808, #5286, #5805, #1927, #5422, #935, #4960, #3567, #1609, #1637, #2815, #417, #1901, #2010, #5767, #4174, #3653, #348, #2450, #2367, #3494, #995, #4516, #3163, #4595, #606, #4880 ) ) ;
#3862 = EDGE_CURVE ( 'NONE', #1398, #2164, #3613, .T. ) ;
#3863 = CARTESIAN_POINT ( 'NONE',  ( -23.99250271103942822, 0.5998446972057752680, -10.00000000000000000 ) ) ;
#3864 = ORIENTED_EDGE ( 'NONE', *, *, #1594, .T. ) ;
#3865 = CARTESIAN_POINT ( 'NONE',  ( -14.46178945166794705, -14.08379339726824142, 10.00000000000000000 ) ) ;
#3866 = PRESENTATION_STYLE_ASSIGNMENT (( #3933 ) ) ;
#3867 = DIRECTION ( 'NONE',  ( 0.000000000000000000, 0.000000000000000000, 1.000000000000000000 ) ) ;
#3868 = ORIENTED_EDGE ( 'NONE', *, *, #2256, .F. ) ;
#3869 = EDGE_CURVE ( 'NONE', #596, #616, #5017, .T. ) ;
#3870 = CARTESIAN_POINT ( 'NONE',  ( 22.85164199041760114, -7.335015906034779931, 10.00000000000000000 ) ) ;
#3871 = DIRECTION ( 'NONE',  ( -0.1423148382732963568, 0.9898214418809310189, 0.000000000000000000 ) ) ;
#3872 = ADVANCED_FACE ( 'NONE', ( #4571 ), #2304, .T. ) ;
#3873 = AXIS2_PLACEMENT_3D ( 'NONE', #3711, #588, #3739 ) ;
#3874 = AXIS2_PLACEMENT_3D ( 'NONE', #156, #3159, #4567 ) ;
#3875 = LINE ( 'NONE', #282, #2806 ) ;
#3876 = EDGE_LOOP ( 'NONE', ( #5312, #1659, #398, #2231 ) ) ;
#3877 = LINE ( 'NONE', #644, #270 ) ;
#3878 = EDGE_LOOP ( 'NONE', ( #4337, #4376, #2869, #2106 ) ) ;
#3879 = AXIS2_PLACEMENT_3D ( 'NONE', #5522, #946, #2745 ) ;
#3880 = AXIS2_PLACEMENT_3D ( 'NONE', #3406, #5232, #1163 ) ;
#3881 = CARTESIAN_POINT ( 'NONE',  ( 17.50977587920187517, -8.599948285390835778, -10.00000000000000000 ) ) ;
#3882 = EDGE_CURVE ( 'NONE', #5270, #2075, #572, .T. ) ;
#3883 = LINE ( 'NONE', #5198, #1266 ) ;
#3884 = ORIENTED_EDGE ( 'NONE', *, *, #269, .T. ) ;
#3885 = CARTESIAN_POINT ( 'NONE',  ( 19.85947713967995654, -13.47594774917629223, -10.00000000000000000 ) ) ;
#3886 = EDGE_CURVE ( 'NONE', #1504, #304, #4603, .T. ) ;
#3887 = ORIENTED_EDGE ( 'NONE', *, *, #2387, .F. ) ;
#3888 = CARTESIAN_POINT ( 'NONE',  ( -19.37964388855037612, 2.231762667545253098, -10.00000000000000000 ) ) ;
#3889 = AXIS2_PLACEMENT_3D ( 'NONE', #3071, #4897, #384 ) ;
#3890 = EDGE_LOOP ( 'NONE', ( #3591, #737, #3448, #2400 ) ) ;
#3891 = DIRECTION ( 'NONE',  ( -0.1423148382732887240, 0.9898214418809322401, 0.000000000000000000 ) ) ;
#3892 = EDGE_CURVE ( 'NONE', #2404, #5334, #2280, .T. ) ;
#3893 = AXIS2_PLACEMENT_3D ( 'NONE', #4349, #5818, #249 ) ;
#3894 = CARTESIAN_POINT ( 'NONE',  ( 0.9999999999999997780, 7.433034373659253013, -10.00000000000000000 ) ) ;
#3895 = ORIENTED_EDGE ( 'NONE', *, *, #3312, .F. ) ;
#3896 = FACE_OUTER_BOUND ( 'NONE', #3890, .T. ) ;
#3897 = ORIENTED_EDGE ( 'NONE', *, *, #473, .T. ) ;
#3898 = AXIS2_PLACEMENT_3D ( 'NONE', #2359, #3200, #5024 ) ;
#3899 = DIRECTION ( 'NONE',  ( -0.000000000000000000, -0.000000000000000000, 1.000000000000000000 ) ) ;
#3900 = DIRECTION ( 'NONE',  ( -0.000000000000000000, 0.000000000000000000, -1.000000000000000000 ) ) ;
#3901 = CYLINDRICAL_SURFACE ( 'NONE', #1143, 0.6250000000000005551 ) ;
#3902 = VECTOR ( 'NONE', #4925, 1000.000000000000000 ) ;
#3903 = VERTEX_POINT ( 'NONE', #4232 ) ;
#3904 = AXIS2_PLACEMENT_3D ( 'NONE', #3602, #2321, #438 ) ;
#3905 = DIRECTION ( 'NONE',  ( -0.000000000000000000, 0.000000000000000000, 1.000000000000000000 ) ) ;
#3906 = CARTESIAN_POINT ( 'NONE',  ( -19.37964388855037612, 2.231762667545253098, -10.00000000000000000 ) ) ;
#3907 = FACE_OUTER_BOUND ( 'NONE', #1757, .T. ) ;
#3908 = CARTESIAN_POINT ( 'NONE',  ( 23.99250271103941756, 0.5998446972061260984, -10.00000000000000000 ) ) ;
#3909 = CARTESIAN_POINT ( 'NONE',  ( -16.15582729722532918, 13.61034466660510844, 10.00000000000000000 ) ) ;
#3910 = EDGE_LOOP ( 'NONE', ( #3618, #3487, #4493, #2809 ) ) ;
#3911 = CARTESIAN_POINT ( 'NONE',  ( -14.84996499048279084, -13.59395184016451452, -10.00000000000000000 ) ) ;
#3912 = DIRECTION ( 'NONE',  ( 0.000000000000000000, -0.000000000000000000, 1.000000000000000000 ) ) ;
#3913 = ORIENTED_EDGE ( 'NONE', *, *, #4323, .F. ) ;
#3914 = DIRECTION ( 'NONE',  ( 1.000000000000000000, 0.000000000000000000, 0.000000000000000000 ) ) ;
#3915 = CIRCLE ( 'NONE', #886, 0.6250000000000011102 ) ;
#3916 = ORIENTED_EDGE ( 'NONE', *, *, #4323, .T. ) ;
#3917 = VECTOR ( 'NONE', #4489, 1000.000000000000114 ) ;
#3918 = VECTOR ( 'NONE', #2225, 1000.000000000000000 ) ;
#3919 = CYLINDRICAL_SURFACE ( 'NONE', #2920, 24.00000000000000355 ) ;
#3920 = VECTOR ( 'NONE', #3585, 1000.000000000000000 ) ;
#3921 = ORIENTED_EDGE ( 'NONE', *, *, #5503, .F. ) ;
#3922 = LINE ( 'NONE', #5742, #3621 ) ;
#3923 = ADVANCED_FACE ( 'NONE', ( #3759 ), #3282, .T. ) ;
#3924 = DIRECTION ( 'NONE',  ( -0.000000000000000000, -0.000000000000000000, -1.000000000000000000 ) ) ;
#3925 = CARTESIAN_POINT ( 'NONE',  ( 10.41857825728094511, -17.22701988006600970, 10.00000000000000000 ) ) ;
#3926 = CIRCLE ( 'NONE', #1373, 4.499999999999999112 ) ;
#3927 = ORIENTED_EDGE ( 'NONE', *, *, #4414, .F. ) ;
#3928 = DIRECTION ( 'NONE',  ( -1.000000000000000000, 0.000000000000000000, 0.000000000000000000 ) ) ;
#3929 = ORIENTED_EDGE ( 'NONE', *, *, #1312, .T. ) ;
#3930 = EDGE_CURVE ( 'NONE', #4843, #1624, #1051, .T. ) ;
#3931 = DIRECTION ( 'NONE',  ( -0.000000000000000000, -0.000000000000000000, 1.000000000000000000 ) ) ;
#3932 = ADVANCED_FACE ( 'NONE', ( #3733 ), #1971, .T. ) ;
#3933 = SURFACE_STYLE_USAGE ( .BOTH. , #2966 ) ;
#3934 = CARTESIAN_POINT ( 'NONE',  ( -17.84384848860648276, -9.438943887796286347, -10.00000000000000000 ) ) ;
#3935 = EDGE_CURVE ( 'NONE', #4406, #4461, #105, .T. ) ;
#3936 = CARTESIAN_POINT ( 'NONE',  ( 19.85947713967965811, 13.47594774917672389, -10.00000000000000000 ) ) ;
#3937 = DIRECTION ( 'NONE',  ( -0.000000000000000000, -0.000000000000000000, 1.000000000000000000 ) ) ;
#3938 = AXIS2_PLACEMENT_3D ( 'NONE', #3160, #5014, #1859 ) ;
#3939 = DIRECTION ( 'NONE',  ( 0.000000000000000000, 0.000000000000000000, 1.000000000000000000 ) ) ;
#3940 = ORIENTED_EDGE ( 'NONE', *, *, #3571, .T. ) ;
#3941 = EDGE_CURVE ( 'NONE', #4086, #2907, #5607, .T. ) ;
#3942 = CARTESIAN_POINT ( 'NONE',  ( 2.820749999999999424, 23.83366042884517100, -10.00000000000000000 ) ) ;
#3943 = EDGE_LOOP ( 'NONE', ( #1020, #2580, #13, #4877 ) ) ;
#3944 = DIRECTION ( 'NONE',  ( 0.4154150130018841036, 0.9096319953545194403, 0.000000000000000000 ) ) ;
#3945 = CARTESIAN_POINT ( 'NONE',  ( 11.66692557220095416, 17.61065260841518310, 10.00000000000000000 ) ) ;
#3946 = ORIENTED_EDGE ( 'NONE', *, *, #909, .T. ) ;
#3947 = CARTESIAN_POINT ( 'NONE',  ( 0.9999999999999997780, 7.433034373659253013, 10.00000000000000000 ) ) ;
#3948 = VERTEX_POINT ( 'NONE', #194 ) ;
#3949 = DIRECTION ( 'NONE',  ( 0.000000000000000000, -0.000000000000000000, 1.000000000000000000 ) ) ;
#3950 = ORIENTED_EDGE ( 'NONE', *, *, #1585, .T. ) ;
#3951 = CARTESIAN_POINT ( 'NONE',  ( 11.88231346068048211, 16.31892206683524904, 10.00000000000000000 ) ) ;
#3952 = EDGE_LOOP ( 'NONE', ( #542, #3665, #5019, #3564 ) ) ;
#3953 = ADVANCED_FACE ( 'NONE', ( #3786 ), #4741, .F. ) ;
#3954 = EDGE_LOOP ( 'NONE', ( #1083, #324, #5340, #5274 ) ) ;
#3955 = VECTOR ( 'NONE', #5497, 1000.000000000000000 ) ;
#3956 = FACE_OUTER_BOUND ( 'NONE', #4971, .T. ) ;
#3957 = ORIENTED_EDGE ( 'NONE', *, *, #3424, .F. ) ;
#3958 = EDGE_CURVE ( 'NONE', #4809, #2634, #3026, .T. ) ;
#3959 = CARTESIAN_POINT ( 'NONE',  ( -6.196595137523016383, 19.15513496566659413, -10.00000000000000000 ) ) ;
#3960 = CIRCLE ( 'NONE', #1023, 0.6250000000000002220 ) ;
#3961 = CARTESIAN_POINT ( 'NONE',  ( 2.820749999999999424, -23.83366042884517100, -10.00000000000000000 ) ) ;
#3962 = CARTESIAN_POINT ( 'NONE',  ( 0.000000000000000000, 0.000000000000000000, -10.00000000000000000 ) ) ;
#3963 = ORIENTED_EDGE ( 'NONE', *, *, #5636, .F. ) ;
#3964 = CARTESIAN_POINT ( 'NONE',  ( -23.18963355092070699, 6.183922361577058879, 10.00000000000000000 ) ) ;
#3965 = DIRECTION ( 'NONE',  ( 0.1423148382732818129, 0.9898214418809332393, 0.000000000000000000 ) ) ;
#3966 = DIRECTION ( 'NONE',  ( -1.000000000000000000, 0.000000000000000000, 0.000000000000000000 ) ) ;
#3967 = CARTESIAN_POINT ( 'NONE',  ( 0.000000000000000000, 0.000000000000000000, 10.00000000000000000 ) ) ;
#3968 = CARTESIAN_POINT ( 'NONE',  ( 19.84203074598155325, 3.407462799033829093, -10.00000000000000000 ) ) ;
#3969 = ORIENTED_EDGE ( 'NONE', *, *, #2636, .F. ) ;
#3970 = DIRECTION ( 'NONE',  ( -0.1423148382732817019, -0.9898214418809332393, 0.000000000000000000 ) ) ;
#3971 = CIRCLE ( 'NONE', #3874, 4.499999999999999112 ) ;
#3972 = CARTESIAN_POINT ( 'NONE',  ( -17.50977587920175083, -8.599948285391088021, -10.00000000000000000 ) ) ;
#3973 = EDGE_LOOP ( 'NONE', ( #903, #3208, #3718, #3780 ) ) ;
#3974 = EDGE_CURVE ( 'NONE', #3202, #1153, #487, .T. ) ;
#3975 = DIRECTION ( 'NONE',  ( -1.000000000000000000, 0.000000000000000000, 0.000000000000000000 ) ) ;
#3976 = ORIENTED_EDGE ( 'NONE', *, *, #4237, .F. ) ;
#3977 = AXIS2_PLACEMENT_3D ( 'NONE', #3461, #3004, #4832 ) ;
#3978 = AXIS2_PLACEMENT_3D ( 'NONE', #2899, #152, #2423 ) ;
#3979 = DIRECTION ( 'NONE',  ( 0.000000000000000000, -0.000000000000000000, 1.000000000000000000 ) ) ;
#3980 = ORIENTED_EDGE ( 'NONE', *, *, #3312, .T. ) ;
#3981 = LINE ( 'NONE', #1689, #3534 ) ;
#3982 = ORIENTED_EDGE ( 'NONE', *, *, #181, .T. ) ;
#3983 = VERTEX_POINT ( 'NONE', #5551 ) ;
#3984 = CARTESIAN_POINT ( 'NONE',  ( -1.000000000000000222, 8.499999999999998224, -10.00000000000000000 ) ) ;
#3985 = VERTEX_POINT ( 'NONE', #2468 ) ;
#3986 = CARTESIAN_POINT ( 'NONE',  ( -15.77102493137133621, 14.05443027004727341, -10.00000000000000000 ) ) ;
#3987 = AXIS2_PLACEMENT_3D ( 'NONE', #4540, #5468, #4155 ) ;
#3988 = DIRECTION ( 'NONE',  ( 0.000000000000000000, 0.000000000000000000, 1.000000000000000000 ) ) ;
#3989 = LINE ( 'NONE', #4823, #3792 ) ;
#3990 = VERTEX_POINT ( 'NONE', #2029 ) ;
#3991 = VECTOR ( 'NONE', #5124, 1000.000000000000000 ) ;
#3992 = DIRECTION ( 'NONE',  ( -0.000000000000000000, -0.000000000000000000, 1.000000000000000000 ) ) ;
#3993 = DIRECTION ( 'NONE',  ( 1.000000000000000000, 0.000000000000000000, 0.000000000000000000 ) ) ;
#3994 = CARTESIAN_POINT ( 'NONE',  ( 0.000000000000000000, 0.000000000000000000, 5.000000000000000000 ) ) ;
#3995 = AXIS2_PLACEMENT_3D ( 'NONE', #3622, #5445, #4608 ) ;
#3996 = ADVANCED_FACE ( 'NONE', ( #3393 ), #3841, .T. ) ;
#3997 = ORIENTED_EDGE ( 'NONE', *, *, #1026, .F. ) ;
#3998 = CARTESIAN_POINT ( 'NONE',  ( -17.45329587629832702, -8.859582668517271387, 10.00000000000000000 ) ) ;
#3999 = ORIENTED_EDGE ( 'NONE', *, *, #558, .F. ) ;
#4000 = FACE_OUTER_BOUND ( 'NONE', #3789, .T. ) ;
#4001 = DIRECTION ( 'NONE',  ( -1.000000000000000000, 0.000000000000000000, 0.000000000000000000 ) ) ;
#4002 = AXIS2_PLACEMENT_3D ( 'NONE', #4217, #3769, #2451 ) ;
#4003 = ORIENTED_EDGE ( 'NONE', *, *, #4121, .T. ) ;
#4004 = EDGE_CURVE ( 'NONE', #5310, #1036, #2459, .T. ) ;
#4005 = DIRECTION ( 'NONE',  ( 0.000000000000000000, 0.000000000000000000, 1.000000000000000000 ) ) ;
#4006 = EDGE_LOOP ( 'NONE', ( #5252, #2104, #5512, #507 ) ) ;
#4007 = EDGE_CURVE ( 'NONE', #2511, #2194, #1559, .T. ) ;
#4008 = DIRECTION ( 'NONE',  ( 0.8412535328311790961, 0.5406408174556007751, 0.000000000000000000 ) ) ;
#4009 = EDGE_LOOP ( 'NONE', ( #4790, #1110, #4247, #544 ) ) ;
#4010 = AXIS2_PLACEMENT_3D ( 'NONE', #4188, #4019, #1483 ) ;
#4011 = DIRECTION ( 'NONE',  ( 1.000000000000000000, 0.000000000000000000, 0.000000000000000000 ) ) ;
#4012 = AXIS2_PLACEMENT_3D ( 'NONE', #4053, #4560, #3212 ) ;
#4013 = ORIENTED_EDGE ( 'NONE', *, *, #733, .F. ) ;
#4014 = VECTOR ( 'NONE', #1635, 1000.000000000000000 ) ;
#4015 = CIRCLE ( 'NONE', #3344, 0.6250000000000000000 ) ;
#4016 = ORIENTED_EDGE ( 'NONE', *, *, #5683, .F. ) ;
#4017 = CIRCLE ( 'NONE', #5544, 4.499999999999999112 ) ;
#4018 = ORIENTED_EDGE ( 'NONE', *, *, #2193, .F. ) ;
#4019 = DIRECTION ( 'NONE',  ( -0.000000000000000000, -0.000000000000000000, -1.000000000000000000 ) ) ;
#4020 = ORIENTED_EDGE ( 'NONE', *, *, #1420, .F. ) ;
#4021 = CARTESIAN_POINT ( 'NONE',  ( 0.000000000000000000, 0.000000000000000000, 0.000000000000000000 ) ) ;
#4022 = AXIS2_PLACEMENT_3D ( 'NONE', #1092, #5641, #195 ) ;
#4023 = DIRECTION ( 'NONE',  ( -0.6548607339452946485, 0.7557495743542500533, 0.000000000000000000 ) ) ;
#4024 = LINE ( 'NONE', #730, #5516 ) ;
#4025 = ORIENTED_EDGE ( 'NONE', *, *, #3417, .T. ) ;
#4026 = CIRCLE ( 'NONE', #4785, 0.6249999999999998890 ) ;
#4027 = FACE_OUTER_BOUND ( 'NONE', #1871, .T. ) ;
#4028 = DIRECTION ( 'NONE',  ( 1.000000000000000000, 0.000000000000000000, 0.000000000000000000 ) ) ;
#4029 = AXIS2_PLACEMENT_3D ( 'NONE', #4708, #5664, #1114 ) ;
#4030 = DIRECTION ( 'NONE',  ( 0.000000000000000000, 0.000000000000000000, 1.000000000000000000 ) ) ;
#4031 = VERTEX_POINT ( 'NONE', #581 ) ;
#4032 = CARTESIAN_POINT ( 'NONE',  ( -0.5489643442671610085, 19.50000000000000000, -10.00000000000000000 ) ) ;
#4033 = ORIENTED_EDGE ( 'NONE', *, *, #2032, .T. ) ;
#4034 = DIRECTION ( 'NONE',  ( 0.000000000000000000, -0.000000000000000000, 1.000000000000000000 ) ) ;
#4035 = ORIENTED_EDGE ( 'NONE', *, *, #343, .T. ) ;
#4036 = EDGE_CURVE ( 'NONE', #2710, #779, #5804, .T. ) ;
#4037 = DIRECTION ( 'NONE',  ( 0.000000000000000000, 0.000000000000000000, 1.000000000000000000 ) ) ;
#4038 = ORIENTED_EDGE ( 'NONE', *, *, #721, .F. ) ;
#4039 = CARTESIAN_POINT ( 'NONE',  ( 0.000000000000000000, 0.000000000000000000, 10.00000000000000000 ) ) ;
#4040 = ORIENTED_EDGE ( 'NONE', *, *, #664, .F. ) ;
#4041 = DIRECTION ( 'NONE',  ( 1.000000000000000000, 0.000000000000000000, 0.000000000000000000 ) ) ;
#4042 = VECTOR ( 'NONE', #5073, 1000.000000000000000 ) ;
#4043 = CARTESIAN_POINT ( 'NONE',  ( -22.85164199041749455, -7.335015906035110334, -10.00000000000000000 ) ) ;
#4044 = ORIENTED_EDGE ( 'NONE', *, *, #124, .F. ) ;
#4045 = LINE ( 'NONE', #5417, #3917 ) ;
#4046 = VERTEX_POINT ( 'NONE', #5132 ) ;
#4047 = EDGE_CURVE ( 'NONE', #616, #4765, #2551, .T. ) ;
#4048 = EDGE_LOOP ( 'NONE', ( #3206, #830, #5528, #3005 ) ) ;
#4049 = ORIENTED_EDGE ( 'NONE', *, *, #715, .F. ) ;
#4050 = FACE_OUTER_BOUND ( 'NONE', #2816, .T. ) ;
#4051 = ORIENTED_EDGE ( 'NONE', *, *, #5141, .F. ) ;
#4052 = CARTESIAN_POINT ( 'NONE',  ( 0.000000000000000000, 0.000000000000000000, 10.00000000000000000 ) ) ;
#4053 = CARTESIAN_POINT ( 'NONE',  ( -14.84996499048289031, 13.59395184016440616, 10.00000000000000000 ) ) ;
#4054 = EDGE_CURVE ( 'NONE', #5291, #3983, #140, .T. ) ;
#4055 = ORIENTED_EDGE ( 'NONE', *, *, #1601, .T. ) ;
#4056 = AXIS2_PLACEMENT_3D ( 'NONE', #3222, #1837, #2696 ) ;
#4057 = FACE_OUTER_BOUND ( 'NONE', #5481, .T. ) ;
#4058 = CARTESIAN_POINT ( 'NONE',  ( 0.2938047327523353180, 21.12263990084027299, -10.00000000000000000 ) ) ;
#4059 = AXIS2_PLACEMENT_3D ( 'NONE', #3507, #1233, #1669 ) ;
#4060 = VECTOR ( 'NONE', #1570, 1000.000000000000000 ) ;
#4061 = DIRECTION ( 'NONE',  ( 0.000000000000000000, 0.000000000000000000, -1.000000000000000000 ) ) ;
#4062 = LINE ( 'NONE', #975, #2883 ) ;
#4063 = CARTESIAN_POINT ( 'NONE',  ( -19.37964388855036191, -2.231762667545391210, -10.00000000000000000 ) ) ;
#4064 = EDGE_CURVE ( 'NONE', #2267, #1346, #2441, .T. ) ;
#4065 = CARTESIAN_POINT ( 'NONE',  ( -11.00431413439727812, 16.10765135836944850, -10.00000000000000000 ) ) ;
#4066 = VERTEX_POINT ( 'NONE', #4684 ) ;
#4067 = EDGE_CURVE ( 'NONE', #683, #5205, #3324, .T. ) ;
#4068 = DIRECTION ( 'NONE',  ( -0.000000000000000000, -0.000000000000000000, 1.000000000000000000 ) ) ;
#4069 = ORIENTED_EDGE ( 'NONE', *, *, #2699, .T. ) ;
#4070 = CARTESIAN_POINT ( 'NONE',  ( 19.22339234480596915, 3.318516025113019019, -10.00000000000000000 ) ) ;
#4071 = AXIS2_PLACEMENT_3D ( 'NONE', #968, #2767, #2708 ) ;
#4072 = VERTEX_POINT ( 'NONE', #3870 ) ;
#4073 = CARTESIAN_POINT ( 'NONE',  ( 4.967057427318381180, 18.86477411380793612, 10.00000000000000000 ) ) ;
#4074 = EDGE_CURVE ( 'NONE', #5318, #993, #2284, .T. ) ;
#4075 = LINE ( 'NONE', #453, #14 ) ;
#4076 = EDGE_LOOP ( 'NONE', ( #872, #3008, #1282, #512 ) ) ;
#4077 = EDGE_CURVE ( 'NONE', #1042, #4704, #2555, .T. ) ;
#4078 = DIRECTION ( 'NONE',  ( -0.000000000000000000, 0.000000000000000000, 1.000000000000000000 ) ) ;
#4079 = AXIS2_PLACEMENT_3D ( 'NONE', #798, #2594, #5339 ) ;
#4080 = AXIS2_PLACEMENT_3D ( 'NONE', #2592, #2178, #1650 ) ;
#4081 = VERTEX_POINT ( 'NONE', #1182 ) ;
#4082 = EDGE_LOOP ( 'NONE', ( #1541, #1936, #3230, #5387 ) ) ;
#4083 = ORIENTED_EDGE ( 'NONE', *, *, #2324, .F. ) ;
#4084 = AXIS2_PLACEMENT_3D ( 'NONE', #4539, #528, #5437 ) ;
#4085 = PRODUCT_DEFINITION_SHAPE ( 'NONE', 'NONE',  #5224 ) ;
#4086 = VERTEX_POINT ( 'NONE', #1672 ) ;
#4087 = EDGE_CURVE ( 'NONE', #304, #1835, #3714, .T. ) ;
#4088 = DIRECTION ( 'NONE',  ( 0.000000000000000000, -0.000000000000000000, -1.000000000000000000 ) ) ;
#4089 = CARTESIAN_POINT ( 'NONE',  ( 11.00431413439739003, -16.10765135836936679, -10.00000000000000000 ) ) ;
#4090 = CIRCLE ( 'NONE', #191, 0.6249999999999993339 ) ;
#4091 = ORIENTED_EDGE ( 'NONE', *, *, #1774, .T. ) ;
#4092 = EDGE_CURVE ( 'NONE', #1628, #147, #1152, .T. ) ;
#4093 = DIRECTION ( 'NONE',  ( -0.000000000000000000, -0.000000000000000000, -1.000000000000000000 ) ) ;
#4094 = CIRCLE ( 'NONE', #3407, 0.6249999999999995559 ) ;
#4095 = FACE_OUTER_BOUND ( 'NONE', #1410, .T. ) ;
#4096 = DIRECTION ( 'NONE',  ( -0.000000000000000000, 0.000000000000000000, -1.000000000000000000 ) ) ;
#4097 = CARTESIAN_POINT ( 'NONE',  ( 0.000000000000000000, 0.000000000000000000, -10.00000000000000000 ) ) ;
#4098 = CARTESIAN_POINT ( 'NONE',  ( 6.232838923195538783, -20.18425021047489665, 10.00000000000000000 ) ) ;
#4099 = AXIS2_PLACEMENT_3D ( 'NONE', #3064, #3905, #5721 ) ;
#4100 = CARTESIAN_POINT ( 'NONE',  ( 20.11427891976024540, -1.706567941630007246, -10.00000000000000000 ) ) ;
#4101 = CARTESIAN_POINT ( 'NONE',  ( 16.16692557220133963, -17.61065260841493085, -10.00000000000000000 ) ) ;
#4102 = ORIENTED_EDGE ( 'NONE', *, *, #5610, .F. ) ;
#4103 = AXIS2_PLACEMENT_3D ( 'NONE', #3288, #589, #3317 ) ;
#4104 = CARTESIAN_POINT ( 'NONE',  ( -19.09177818327986387, 9.041915914340068028, 10.00000000000000000 ) ) ;
#4105 = ORIENTED_EDGE ( 'NONE', *, *, #4092, .F. ) ;
#4106 = CARTESIAN_POINT ( 'NONE',  ( 14.37762150651128401, 13.18466388144881307, -10.00000000000000000 ) ) ;
#4107 = CARTESIAN_POINT ( 'NONE',  ( 15.25841555994328935, 18.52513845022705752, -10.00000000000000000 ) ) ;
#4108 = ORIENTED_EDGE ( 'NONE', *, *, #5629, .T. ) ;
#4109 = DIRECTION ( 'NONE',  ( 1.000000000000000000, 0.000000000000000000, 0.000000000000000000 ) ) ;
#4110 = ORIENTED_EDGE ( 'NONE', *, *, #1043, .F. ) ;
#4111 = ORIENTED_EDGE ( 'NONE', *, *, #4669, .T. ) ;
#4112 = ORIENTED_EDGE ( 'NONE', *, *, #3536, .T. ) ;
#4113 = VERTEX_POINT ( 'NONE', #3964 ) ;
#4114 = EDGE_CURVE ( 'NONE', #2260, #2951, #197, .T. ) ;
#4115 = VECTOR ( 'NONE', #3735, 1000.000000000000000 ) ;
#4116 = EDGE_CURVE ( 'NONE', #1398, #3377, #3612, .T. ) ;
#4117 = CYLINDRICAL_SURFACE ( 'NONE', #3364, 24.00000000000000355 ) ;
#4118 = AXIS2_PLACEMENT_3D ( 'NONE', #5385, #4904, #900 ) ;
#4119 = LINE ( 'NONE', #1854, #5539 ) ;
#4120 = ORIENTED_EDGE ( 'NONE', *, *, #2760, .F. ) ;
#4121 = EDGE_CURVE ( 'NONE', #661, #2157, #4187, .T. ) ;
#4122 = CARTESIAN_POINT ( 'NONE',  ( -9.793578257280696420, -17.22701988006615892, 10.00000000000000000 ) ) ;
#4123 = VECTOR ( 'NONE', #4068, 1000.000000000000000 ) ;
#4124 = CARTESIAN_POINT ( 'NONE',  ( 14.37762150651128401, 13.18466388144881307, -10.00000000000000000 ) ) ;
#4125 = DIRECTION ( 'NONE',  ( 0.9594929736144972576, 0.2817325568414299486, 0.000000000000000000 ) ) ;
#4126 = EDGE_CURVE ( 'NONE', #3616, #2896, #1704, .T. ) ;
#4127 = CARTESIAN_POINT ( 'NONE',  ( -15.09661189330455855, -12.35490474241756687, -10.00000000000000000 ) ) ;
#4128 = DIRECTION ( 'NONE',  ( -0.2817325568414371095, 0.9594929736144952592, 0.000000000000000000 ) ) ;
#4129 = AXIS2_PLACEMENT_3D ( 'NONE', #4058, #943, #2712 ) ;
#4130 = AXIS2_PLACEMENT_3D ( 'NONE', #578, #1557, #4204 ) ;
#4131 = CARTESIAN_POINT ( 'NONE',  ( 5.669031769813693167, -20.34979892761597142, -10.00000000000000000 ) ) ;
#4132 = DIRECTION ( 'NONE',  ( 0.000000000000000000, 0.000000000000000000, 1.000000000000000000 ) ) ;
#4133 = FACE_OUTER_BOUND ( 'NONE', #5208, .T. ) ;
#4134 = ADVANCED_FACE ( 'NONE', ( #3547 ), #3514, .F. ) ;
#4135 = VERTEX_POINT ( 'NONE', #761 ) ;
#4136 = DIRECTION ( 'NONE',  ( 0.000000000000000000, -0.000000000000000000, 1.000000000000000000 ) ) ;
#4137 = DIRECTION ( 'NONE',  ( 1.000000000000000000, 0.000000000000000000, 0.000000000000000000 ) ) ;
#4138 = VERTEX_POINT ( 'NONE', #5246 ) ;
#4139 = FACE_OUTER_BOUND ( 'NONE', #3778, .T. ) ;
#4140 = AXIS2_PLACEMENT_3D ( 'NONE', #2797, #2300, #75 ) ;
#4141 = ORIENTED_EDGE ( 'NONE', *, *, #1420, .T. ) ;
#4142 = ORIENTED_EDGE ( 'NONE', *, *, #3299, .F. ) ;
#4143 = ORIENTED_EDGE ( 'NONE', *, *, #5739, .T. ) ;
#4144 = VERTEX_POINT ( 'NONE', #2526 ) ;
#4145 = EDGE_CURVE ( 'NONE', #786, #4487, #5367, .T. ) ;
#4146 = DIRECTION ( 'NONE',  ( 1.000000000000000000, 0.000000000000000000, 0.000000000000000000 ) ) ;
#4147 = FACE_OUTER_BOUND ( 'NONE', #858, .T. ) ;
#4148 = ORIENTED_EDGE ( 'NONE', *, *, #1142, .F. ) ;
#4149 = EDGE_CURVE ( 'NONE', #2992, #514, #4471, .T. ) ;
#4150 = CARTESIAN_POINT ( 'NONE',  ( 6.232838923195538783, -20.18425021047489665, -10.00000000000000000 ) ) ;
#4151 = CARTESIAN_POINT ( 'NONE',  ( 0.000000000000000000, 0.000000000000000000, 10.00000000000000000 ) ) ;
#4152 = DIRECTION ( 'NONE',  ( 0.000000000000000000, 0.000000000000000000, -1.000000000000000000 ) ) ;
#4153 = DIRECTION ( 'NONE',  ( 0.000000000000000000, 0.000000000000000000, -1.000000000000000000 ) ) ;
#4154 = EDGE_CURVE ( 'NONE', #4285, #1242, #2842, .T. ) ;
#4155 = DIRECTION ( 'NONE',  ( 0.6548607339452783282, 0.7557495743542641531, 0.000000000000000000 ) ) ;
#4156 = CARTESIAN_POINT ( 'NONE',  ( 16.16508030912766714, -17.73950897289587303, 10.00000000000000000 ) ) ;
#4157 = CIRCLE ( 'NONE', #3095, 24.00000000000000355 ) ;
#4158 = CARTESIAN_POINT ( 'NONE',  ( 0.000000000000000000, 0.000000000000000000, -10.00000000000000000 ) ) ;
#4159 = ORIENTED_EDGE ( 'NONE', *, *, #1238, .F. ) ;
#4160 = CIRCLE ( 'NONE', #4909, 24.00000000000000355 ) ;
#4161 = DIRECTION ( 'NONE',  ( -0.000000000000000000, -0.000000000000000000, 1.000000000000000000 ) ) ;
#4162 = DIRECTION ( 'NONE',  ( 1.000000000000000000, 0.000000000000000000, 0.000000000000000000 ) ) ;
#4163 = CYLINDRICAL_SURFACE ( 'NONE', #4969, 4.499999999999999112 ) ;
#4164 = EDGE_LOOP ( 'NONE', ( #5654, #1818, #5716, #1335 ) ) ;
#4165 = CYLINDRICAL_SURFACE ( 'NONE', #2679, 0.6250000000000005551 ) ;
#4166 = ORIENTED_EDGE ( 'NONE', *, *, #526, .F. ) ;
#4167 = ORIENTED_EDGE ( 'NONE', *, *, #4145, .F. ) ;
#4168 = ORIENTED_EDGE ( 'NONE', *, *, #1361, .T. ) ;
#4169 = AXIS2_PLACEMENT_3D ( 'NONE', #2945, #2917, #1592 ) ;
#4170 = CYLINDRICAL_SURFACE ( 'NONE', #235, 0.6250000000000005551 ) ;
#4171 = VECTOR ( 'NONE', #3645, 1000.000000000000000 ) ;
#4172 = ORIENTED_EDGE ( 'NONE', *, *, #5796, .F. ) ;
#4173 = FACE_OUTER_BOUND ( 'NONE', #1137, .T. ) ;
#4174 = ORIENTED_EDGE ( 'NONE', *, *, #4990, .F. ) ;
#4175 = DIRECTION ( 'NONE',  ( 0.000000000000000000, 0.000000000000000000, 1.000000000000000000 ) ) ;
#4176 = DIRECTION ( 'NONE',  ( 0.8412535328311884220, -0.5406408174555862312, 0.000000000000000000 ) ) ;
#4177 = LINE ( 'NONE', #2274, #3598 ) ;
#4178 = DIRECTION ( 'NONE',  ( -0.000000000000000000, -0.000000000000000000, 1.000000000000000000 ) ) ;
#4179 = LINE ( 'NONE', #3134, #4123 ) ;
#4180 = ADVANCED_FACE ( 'NONE', ( #2085 ), #2556, .T. ) ;
#4181 = CYLINDRICAL_SURFACE ( 'NONE', #1025, 10.00000000000000000 ) ;
#4182 = VECTOR ( 'NONE', #2325, 1000.000000000000000 ) ;
#4183 = ORIENTED_EDGE ( 'NONE', *, *, #426, .F. ) ;
#4184 = DIRECTION ( 'NONE',  ( -0.6548607339452902076, 0.7557495743542538280, 0.000000000000000000 ) ) ;
#4185 = CARTESIAN_POINT ( 'NONE',  ( 14.37762150651128401, 13.18466388144881307, -10.00000000000000000 ) ) ;
#4186 = EDGE_CURVE ( 'NONE', #3983, #3830, #5612, .T. ) ;
#4187 = CIRCLE ( 'NONE', #3030, 4.499999999999999112 ) ;
#4188 = CARTESIAN_POINT ( 'NONE',  ( 0.000000000000000000, 0.000000000000000000, 10.00000000000000000 ) ) ;
#4189 = VERTEX_POINT ( 'NONE', #345 ) ;
#4190 = DIRECTION ( 'NONE',  ( 0.000000000000000000, 0.000000000000000000, 1.000000000000000000 ) ) ;
#4191 = VERTEX_POINT ( 'NONE', #4386 ) ;
#4192 = VECTOR ( 'NONE', #4935, 1000.000000000000114 ) ;
#4193 = EDGE_CURVE ( 'NONE', #5643, #5152, #4654, .T. ) ;
#4194 = ORIENTED_EDGE ( 'NONE', *, *, #3194, .T. ) ;
#4195 = ORIENTED_EDGE ( 'NONE', *, *, #5821, .T. ) ;
#4196 = EDGE_CURVE ( 'NONE', #1297, #2313, #4275, .T. ) ;
#4197 = LINE ( 'NONE', #132, #1077 ) ;
#4198 = ORIENTED_EDGE ( 'NONE', *, *, #2127, .T. ) ;
#4199 = CYLINDRICAL_SURFACE ( 'NONE', #4306, 4.499999999999999112 ) ;
#4200 = EDGE_LOOP ( 'NONE', ( #3214, #5227, #5087, #5183 ) ) ;
#4201 = DIRECTION ( 'NONE',  ( -0.000000000000000000, 0.000000000000000000, -1.000000000000000000 ) ) ;
#4202 = VECTOR ( 'NONE', #2991, 1000.000000000000000 ) ;
#4203 = AXIS2_PLACEMENT_3D ( 'NONE', #330, #3501, #2229 ) ;
#4204 = DIRECTION ( 'NONE',  ( 1.000000000000000000, 0.000000000000000000, 0.000000000000000000 ) ) ;
#4205 = DIRECTION ( 'NONE',  ( 0.1423148382732943029, -0.9898214418809313520, 0.000000000000000000 ) ) ;
#4206 = VECTOR ( 'NONE', #954, 1000.000000000000000 ) ;
#4207 = CIRCLE ( 'NONE', #1642, 4.499999999999999112 ) ;
#4208 = DIRECTION ( 'NONE',  ( 0.9594929736145006993, -0.2817325568414185688, 0.000000000000000000 ) ) ;
#4209 = FACE_OUTER_BOUND ( 'NONE', #4616, .T. ) ;
#4210 = FACE_OUTER_BOUND ( 'NONE', #2317, .T. ) ;
#4211 = ORIENTED_EDGE ( 'NONE', *, *, #5814, .T. ) ;
#4212 = CIRCLE ( 'NONE', #5457, 4.499999999999998224 ) ;
#4213 = CYLINDRICAL_SURFACE ( 'NONE', #1836, 0.6250000000000005551 ) ;
#4214 = CARTESIAN_POINT ( 'NONE',  ( 1.173964344267162119, 20.12500000000000000, -10.00000000000000000 ) ) ;
#4215 = DIRECTION ( 'NONE',  ( 1.000000000000000000, 0.000000000000000000, 0.000000000000000000 ) ) ;
#4216 = VERTEX_POINT ( 'NONE', #3936 ) ;
#4217 = CARTESIAN_POINT ( 'NONE',  ( 0.000000000000000000, 0.000000000000000000, -10.00000000000000000 ) ) ;
#4218 = ORIENTED_EDGE ( 'NONE', *, *, #2401, .T. ) ;
#4219 = ORIENTED_EDGE ( 'NONE', *, *, #5785, .T. ) ;
#4220 = CARTESIAN_POINT ( 'NONE',  ( 0.000000000000000000, 0.000000000000000000, 10.00000000000000000 ) ) ;
#4221 = VERTEX_POINT ( 'NONE', #2617 ) ;
#4222 = DIRECTION ( 'NONE',  ( -0.000000000000000000, -0.000000000000000000, 1.000000000000000000 ) ) ;
#4223 = CARTESIAN_POINT ( 'NONE',  ( 23.18963355092061818, 6.183922361577398163, 10.00000000000000000 ) ) ;
#4224 = ADVANCED_FACE ( 'NONE', ( #2174 ), #4472, .T. ) ;
#4225 = VERTEX_POINT ( 'NONE', #2238 ) ;
#4226 = CARTESIAN_POINT ( 'NONE',  ( -20.86582910995580420, -3.296879305597673060, -10.00000000000000000 ) ) ;
#4227 = ORIENTED_EDGE ( 'NONE', *, *, #1825, .F. ) ;
#4228 = DIRECTION ( 'NONE',  ( -0.000000000000000000, -0.000000000000000000, 1.000000000000000000 ) ) ;
#4229 = ADVANCED_FACE ( 'NONE', ( #3092 ), #2711, .F. ) ;
#4230 = LINE ( 'NONE', #3756, #4602 ) ;
#4231 = FACE_OUTER_BOUND ( 'NONE', #2343, .T. ) ;
#4232 = CARTESIAN_POINT ( 'NONE',  ( -9.421207896831901962, -22.07353260728043409, -10.00000000000000000 ) ) ;
#4233 = DIRECTION ( 'NONE',  ( 0.8412535328311804284, 0.5406408174555987767, 0.000000000000000000 ) ) ;
#4234 = FACE_OUTER_BOUND ( 'NONE', #5048, .T. ) ;
#4235 = VERTEX_POINT ( 'NONE', #1766 ) ;
#4236 = DIRECTION ( 'NONE',  ( 0.000000000000000000, -0.000000000000000000, 1.000000000000000000 ) ) ;
#4237 = EDGE_CURVE ( 'NONE', #1816, #2095, #3605, .T. ) ;
#4238 = EDGE_CURVE ( 'NONE', #490, #1816, #5231, .T. ) ;
#4239 = CIRCLE ( 'NONE', #1674, 0.6249999999999996669 ) ;
#4240 = CARTESIAN_POINT ( 'NONE',  ( -19.37964388855037612, 2.231762667545253098, -10.00000000000000000 ) ) ;
#4241 = CARTESIAN_POINT ( 'NONE',  ( 10.73283892319509825, 20.18425021047503520, 10.00000000000000000 ) ) ;
#4242 = ORIENTED_EDGE ( 'NONE', *, *, #5197, .F. ) ;
#4243 = CIRCLE ( 'NONE', #2624, 4.500000000000000000 ) ;
#4244 = DIRECTION ( 'NONE',  ( 0.000000000000000000, 0.000000000000000000, 1.000000000000000000 ) ) ;
#4245 = ORIENTED_EDGE ( 'NONE', *, *, #5372, .F. ) ;
#4246 = AXIS2_PLACEMENT_3D ( 'NONE', #5261, #2979, #5345 ) ;
#4247 = ORIENTED_EDGE ( 'NONE', *, *, #2368, .F. ) ;
#4248 = CARTESIAN_POINT ( 'NONE',  ( -20.50807819456742109, 12.46670480782746715, -10.00000000000000000 ) ) ;
#4249 = EDGE_LOOP ( 'NONE', ( #3355, #2701, #871, #4606 ) ) ;
#4250 = EDGE_CURVE ( 'NONE', #5480, #290, #4918, .T. ) ;
#4251 = CARTESIAN_POINT ( 'NONE',  ( 19.85947713967995654, -13.47594774917629223, -10.00000000000000000 ) ) ;
#4252 = CARTESIAN_POINT ( 'NONE',  ( -10.41857825728069642, -17.22701988006615892, 10.00000000000000000 ) ) ;
#4253 = ORIENTED_EDGE ( 'NONE', *, *, #5033, .T. ) ;
#4254 = FACE_OUTER_BOUND ( 'NONE', #294, .T. ) ;
#4255 = ORIENTED_EDGE ( 'NONE', *, *, #3046, .T. ) ;
#4256 = EDGE_CURVE ( 'NONE', #5270, #2392, #852, .T. ) ;
#4257 = DIRECTION ( 'NONE',  ( 0.1423148382732830619, 0.9898214418809330173, 0.000000000000000000 ) ) ;
#4258 = CIRCLE ( 'NONE', #3977, 0.6250000000000002220 ) ;
#4259 = VECTOR ( 'NONE', #1959, 1000.000000000000000 ) ;
#4260 = CYLINDRICAL_SURFACE ( 'NONE', #4130, 0.6250000000000005551 ) ;
#4261 = CYLINDRICAL_SURFACE ( 'NONE', #667, 4.499999999999999112 ) ;
#4262 = EDGE_CURVE ( 'NONE', #4576, #4556, #4533, .T. ) ;
#4263 = CARTESIAN_POINT ( 'NONE',  ( 6.232838923195098246, 20.18425021047503520, -10.00000000000000000 ) ) ;
#4264 = DIRECTION ( 'NONE',  ( -0.9594929736144992560, 0.2817325568414232873, 0.000000000000000000 ) ) ;
#4265 = CARTESIAN_POINT ( 'NONE',  ( 10.08067774637082614, 16.70123642204674752, -10.00000000000000000 ) ) ;
#4266 = ORIENTED_EDGE ( 'NONE', *, *, #1210, .F. ) ;
#4267 = CARTESIAN_POINT ( 'NONE',  ( 1.173964344267160786, -20.12500000000000000, -10.00000000000000000 ) ) ;
#4268 = AXIS2_PLACEMENT_3D ( 'NONE', #2856, #2410, #3813 ) ;
#4269 = FACE_OUTER_BOUND ( 'NONE', #5420, .T. ) ;
#4270 = CARTESIAN_POINT ( 'NONE',  ( -11.66692557220121351, 17.61065260841501612, -10.00000000000000000 ) ) ;
#4271 = ORIENTED_EDGE ( 'NONE', *, *, #3882, .T. ) ;
#4272 = CIRCLE ( 'NONE', #3889, 4.499999999999998224 ) ;
#4273 = CYLINDRICAL_SURFACE ( 'NONE', #5531, 10.00000000000000000 ) ;
#4274 = ORIENTED_EDGE ( 'NONE', *, *, #3882, .F. ) ;
#4275 = CIRCLE ( 'NONE', #1617, 4.499999999999998224 ) ;
#4276 = CARTESIAN_POINT ( 'NONE',  ( 15.09661189330473441, -12.35490474241735015, -10.00000000000000000 ) ) ;
#4277 = VERTEX_POINT ( 'NONE', #1826 ) ;
#4278 = CIRCLE ( 'NONE', #3898, 17.50000000000000355 ) ;
#4279 = DIRECTION ( 'NONE',  ( -0.000000000000000000, -0.000000000000000000, 1.000000000000000000 ) ) ;
#4280 = LINE ( 'NONE', #5658, #5727 ) ;
#4281 = VERTEX_POINT ( 'NONE', #881 ) ;
#4282 = EDGE_CURVE ( 'NONE', #5682, #3903, #4570, .T. ) ;
#4283 = AXIS2_PLACEMENT_3D ( 'NONE', #1629, #148, #1951 ) ;
#4284 = CARTESIAN_POINT ( 'NONE',  ( -0.5489643442671610085, 19.50000000000000000, 10.00000000000000000 ) ) ;
#4285 = VERTEX_POINT ( 'NONE', #4122 ) ;
#4286 = LINE ( 'NONE', #2936, #1116 ) ;
#4287 = EDGE_CURVE ( 'NONE', #5517, #4235, #4947, .T. ) ;
#4288 = DIRECTION ( 'NONE',  ( 0.8412535328311890881, -0.5406408174555853430, 0.000000000000000000 ) ) ;
#4289 = CARTESIAN_POINT ( 'NONE',  ( 11.34221464530678247, 16.63343481638910148, -10.00000000000000000 ) ) ;
#4290 = DIRECTION ( 'NONE',  ( 1.000000000000000000, 0.000000000000000000, 0.000000000000000000 ) ) ;
#4291 = CARTESIAN_POINT ( 'NONE',  ( 14.46178945166784047, 14.08379339726834800, -10.00000000000000000 ) ) ;
#4292 = CIRCLE ( 'NONE', #5827, 0.6250000000000011102 ) ;
#4293 = ADVANCED_FACE ( 'NONE', ( #4027 ), #524, .F. ) ;
#4294 = CYLINDRICAL_SURFACE ( 'NONE', #3382, 24.00000000000000355 ) ;
#4295 = ORIENTED_EDGE ( 'NONE', *, *, #1785, .T. ) ;
#4296 = CARTESIAN_POINT ( 'NONE',  ( -10.41857825728069642, -17.22701988006615892, -10.00000000000000000 ) ) ;
#4297 = CIRCLE ( 'NONE', #893, 0.6250000000000006661 ) ;
#4298 = ADVANCED_FACE ( 'NONE', ( #1323 ), #3156, .F. ) ;
#4299 = AXIS2_PLACEMENT_3D ( 'NONE', #2170, #3988, #5848 ) ;
#4300 = CARTESIAN_POINT ( 'NONE',  ( 16.16692557220095239, 17.61065260841518310, -10.00000000000000000 ) ) ;
#4301 = DIRECTION ( 'NONE',  ( -0.000000000000000000, 0.000000000000000000, 1.000000000000000000 ) ) ;
#4302 = ORIENTED_EDGE ( 'NONE', *, *, #4907, .T. ) ;
#4303 = ADVANCED_FACE ( 'NONE', ( #4057 ), #5881, .F. ) ;
#4304 = DIRECTION ( 'NONE',  ( 1.000000000000000000, 0.000000000000000000, 0.000000000000000000 ) ) ;
#4305 = VERTEX_POINT ( 'NONE', #1357 ) ;
#4306 = AXIS2_PLACEMENT_3D ( 'NONE', #1111, #1444, #188 ) ;
#4307 = DIRECTION ( 'NONE',  ( 0.9594929736144972576, 0.2817325568414299486, 0.000000000000000000 ) ) ;
#4308 = PRESENTATION_LAYER_ASSIGNMENT (  '', '', ( #3267 ) ) ;
#4309 = EDGE_LOOP ( 'NONE', ( #1668, #1376, #3429, #3850 ) ) ;
#4310 = DIRECTION ( 'NONE',  ( 0.000000000000000000, 0.000000000000000000, -1.000000000000000000 ) ) ;
#4311 = ADVANCED_FACE ( 'NONE', ( #4979 ), #3666, .T. ) ;
#4312 = CARTESIAN_POINT ( 'NONE',  ( 0.9999999999999997780, 8.499999999999998224, -10.00000000000000000 ) ) ;
#4313 = EDGE_LOOP ( 'NONE', ( #3721, #3074, #4166, #4013 ) ) ;
#4314 = ADVANCED_FACE ( 'NONE', ( #5009, #1414 ), #942, .F. ) ;
#4315 = DIRECTION ( 'NONE',  ( 0.000000000000000000, 0.000000000000000000, 1.000000000000000000 ) ) ;
#4316 = ORIENTED_EDGE ( 'NONE', *, *, #5423, .F. ) ;
#4317 = CARTESIAN_POINT ( 'NONE',  ( 17.84384848860641526, 9.438943887796417798, 10.00000000000000000 ) ) ;
#4318 = AXIS2_PLACEMENT_3D ( 'NONE', #4510, #2241, #4984 ) ;
#4319 = CARTESIAN_POINT ( 'NONE',  ( -17.50977587920175083, -8.599948285391088021, -10.00000000000000000 ) ) ;
#4320 = ADVANCED_FACE ( 'NONE', ( #1857 ), #5488, .T. ) ;
#4321 = CARTESIAN_POINT ( 'NONE',  ( -14.84996499048289031, 13.59395184016440616, -10.00000000000000000 ) ) ;
#4322 = CARTESIAN_POINT ( 'NONE',  ( 11.34221464530678247, 16.63343481638910148, 10.00000000000000000 ) ) ;
#4323 = EDGE_CURVE ( 'NONE', #3948, #4867, #1082, .T. ) ;
#4324 = CARTESIAN_POINT ( 'NONE',  ( 15.77102493137143213, -14.05443027004715795, -10.00000000000000000 ) ) ;
#4325 = CARTESIAN_POINT ( 'NONE',  ( 6.232838923195098246, 20.18425021047503520, -10.00000000000000000 ) ) ;
#4326 = ORIENTED_EDGE ( 'NONE', *, *, #2988, .T. ) ;
#4327 = DIRECTION ( 'NONE',  ( 1.000000000000000000, 0.000000000000000000, 0.000000000000000000 ) ) ;
#4328 = DIRECTION ( 'NONE',  ( 0.5406408174555925594, 0.8412535328311844252, 0.000000000000000000 ) ) ;
#4329 = CARTESIAN_POINT ( 'NONE',  ( 1.173362810797226041, 20.15241450336780105, -10.00000000000000000 ) ) ;
#4330 = EDGE_LOOP ( 'NONE', ( #864, #4141, #1662, #5710, #5199, #5174 ) ) ;
#4331 = EDGE_CURVE ( 'NONE', #5080, #1850, #5184, .T. ) ;
#4332 = FACE_OUTER_BOUND ( 'NONE', #4076, .T. ) ;
#4333 = ORIENTED_EDGE ( 'NONE', *, *, #3039, .T. ) ;
#4334 = AXIS2_PLACEMENT_3D ( 'NONE', #4158, #1451, #532 ) ;
#4335 = DIRECTION ( 'NONE',  ( -0.000000000000000000, -0.000000000000000000, 1.000000000000000000 ) ) ;
#4336 = AXIS2_PLACEMENT_3D ( 'NONE', #2882, #5662, #2908 ) ;
#4337 = ORIENTED_EDGE ( 'NONE', *, *, #4500, .T. ) ;
#4338 = CIRCLE ( 'NONE', #5102, 24.00000000000000355 ) ;
#4339 = CARTESIAN_POINT ( 'NONE',  ( -19.99828228972594246, -2.320709441466197287, -10.00000000000000000 ) ) ;
#4340 = CARTESIAN_POINT ( 'NONE',  ( -10.00000000000000000, 1.224646799147353256E-15, 5.000000000000000000 ) ) ;
#4341 = ORIENTED_EDGE ( 'NONE', *, *, #3958, .T. ) ;
#4342 = LINE ( 'NONE', #4791, #2677 ) ;
#4343 = ORIENTED_EDGE ( 'NONE', *, *, #4800, .F. ) ;
#4344 = CARTESIAN_POINT ( 'NONE',  ( 11.88231346068048211, 16.31892206683524904, -10.00000000000000000 ) ) ;
#4345 = EDGE_CURVE ( 'NONE', #2033, #5822, #3725, .T. ) ;
#4346 = DIRECTION ( 'NONE',  ( -0.1423148382732720985, -0.9898214418809345716, 0.000000000000000000 ) ) ;
#4347 = CARTESIAN_POINT ( 'NONE',  ( 0.5489643442671608975, -20.12500000000000000, -10.00000000000000000 ) ) ;
#4348 = ORIENTED_EDGE ( 'NONE', *, *, #3194, .F. ) ;
#4349 = CARTESIAN_POINT ( 'NONE',  ( -19.09177818327979637, -9.041915914340204807, -10.00000000000000000 ) ) ;
#4350 = CARTESIAN_POINT ( 'NONE',  ( -23.99250271103942822, 0.5998446972057752680, -10.00000000000000000 ) ) ;
#4351 = VECTOR ( 'NONE', #560, 1000.000000000000000 ) ;
#4352 = CIRCLE ( 'NONE', #1508, 4.499999999999999112 ) ;
#4353 = CARTESIAN_POINT ( 'NONE',  ( 19.09177818327993137, -9.041915914339931248, -10.00000000000000000 ) ) ;
#4354 = ORIENTED_EDGE ( 'NONE', *, *, #3262, .F. ) ;
#4355 = DIRECTION ( 'NONE',  ( 0.000000000000000000, 0.000000000000000000, 1.000000000000000000 ) ) ;
#4356 = ORIENTED_EDGE ( 'NONE', *, *, #1159, .F. ) ;
#4357 = VECTOR ( 'NONE', #5550, 1000.000000000000000 ) ;
#4358 = CIRCLE ( 'NONE', #3696, 4.499999999999999112 ) ;
#4359 = DIRECTION ( 'NONE',  ( 0.000000000000000000, 0.000000000000000000, 1.000000000000000000 ) ) ;
#4360 = EDGE_CURVE ( 'NONE', #2881, #5714, #2374, .T. ) ;
#4361 = CARTESIAN_POINT ( 'NONE',  ( -18.53439193672101837, 7.860871604808695068, 10.00000000000000000 ) ) ;
#4362 = ORIENTED_EDGE ( 'NONE', *, *, #118, .F. ) ;
#4363 = DIRECTION ( 'NONE',  ( 1.000000000000000000, 0.000000000000000000, 0.000000000000000000 ) ) ;
#4364 = ORIENTED_EDGE ( 'NONE', *, *, #2746, .T. ) ;
#4365 = AXIS2_PLACEMENT_3D ( 'NONE', #3785, #1615, #4794 ) ;
#4366 = EDGE_CURVE ( 'NONE', #1630, #4730, #2187, .T. ) ;
#4367 = ADVANCED_FACE ( 'NONE', ( #1909 ), #3277, .T. ) ;
#4368 = CARTESIAN_POINT ( 'NONE',  ( 0.5489643442671608975, -20.12500000000000000, 10.00000000000000000 ) ) ;
#4369 = AXIS2_PLACEMENT_3D ( 'NONE', #5608, #3815, #1531 ) ;
#4370 = ORIENTED_EDGE ( 'NONE', *, *, #2440, .F. ) ;
#4371 = CARTESIAN_POINT ( 'NONE',  ( -2.820749999999999424, 23.83366042884517100, -10.00000000000000000 ) ) ;
#4372 = EDGE_CURVE ( 'NONE', #45, #2907, #5546, .T. ) ;
#4373 = DIRECTION ( 'NONE',  ( -0.000000000000000000, -0.000000000000000000, 1.000000000000000000 ) ) ;
#4374 = AXIS2_PLACEMENT_3D ( 'NONE', #4263, #5189, #1117 ) ;
#4375 = LINE ( 'NONE', #5745, #3918 ) ;
#4376 = ORIENTED_EDGE ( 'NONE', *, *, #86, .F. ) ;
#4377 = ORIENTED_EDGE ( 'NONE', *, *, #301, .T. ) ;
#4378 = DIRECTION ( 'NONE',  ( -1.000000000000000000, 0.000000000000000000, 0.000000000000000000 ) ) ;
#4379 = ORIENTED_EDGE ( 'NONE', *, *, #4826, .T. ) ;
#4380 = AXIS2_PLACEMENT_3D ( 'NONE', #2131, #3949, #811 ) ;
#4381 = DIRECTION ( 'NONE',  ( 0.8412535328311766536, 0.5406408174556046609, 0.000000000000000000 ) ) ;
#4382 = EDGE_CURVE ( 'NONE', #1064, #3985, #2795, .T. ) ;
#4383 = CARTESIAN_POINT ( 'NONE',  ( 19.22339234480596915, 3.318516025113019019, 10.00000000000000000 ) ) ;
#4384 = ORIENTED_EDGE ( 'NONE', *, *, #2766, .F. ) ;
#4385 = AXIS2_PLACEMENT_3D ( 'NONE', #593, #4244, #2510 ) ;
#4386 = CARTESIAN_POINT ( 'NONE',  ( 17.50000000000000355, 0.000000000000000000, 10.00000000000000000 ) ) ;
#4387 = FACE_OUTER_BOUND ( 'NONE', #431, .T. ) ;
#4388 = DIRECTION ( 'NONE',  ( -0.000000000000000000, -0.000000000000000000, 1.000000000000000000 ) ) ;
#4389 = ORIENTED_EDGE ( 'NONE', *, *, #533, .T. ) ;
#4390 = CARTESIAN_POINT ( 'NONE',  ( 16.16508030912727634, 17.73950897289622475, 10.00000000000000000 ) ) ;
#4391 = ORIENTED_EDGE ( 'NONE', *, *, #426, .T. ) ;
#4392 = LINE ( 'NONE', #859, #3902 ) ;
#4393 = DIRECTION ( 'NONE',  ( 0.000000000000000000, 0.000000000000000000, 1.000000000000000000 ) ) ;
#4394 = ORIENTED_EDGE ( 'NONE', *, *, #1088, .T. ) ;
#4395 = DIRECTION ( 'NONE',  ( -0.000000000000000000, -0.000000000000000000, 1.000000000000000000 ) ) ;
#4396 = EDGE_CURVE ( 'NONE', #2164, #4081, #3915, .T. ) ;
#4397 = VECTOR ( 'NONE', #5552, 1000.000000000000000 ) ;
#4398 = VERTEX_POINT ( 'NONE', #1027 ) ;
#4399 = VECTOR ( 'NONE', #4577, 1000.000000000000000 ) ;
#4400 = DIRECTION ( 'NONE',  ( -0.000000000000000000, -0.000000000000000000, -1.000000000000000000 ) ) ;
#4401 = VECTOR ( 'NONE', #3912, 1000.000000000000000 ) ;
#4402 = ORIENTED_EDGE ( 'NONE', *, *, #2650, .F. ) ;
#4403 = DIRECTION ( 'NONE',  ( 0.8412535328311805394, 0.5406408174555985546, 0.000000000000000000 ) ) ;
#4404 = ORIENTED_EDGE ( 'NONE', *, *, #2455, .F. ) ;
#4405 = AXIS2_PLACEMENT_3D ( 'NONE', #4444, #2176, #3993 ) ;
#4406 = VERTEX_POINT ( 'NONE', #2405 ) ;
#4407 = LINE ( 'NONE', #5329, #2013 ) ;
#4408 = ORIENTED_EDGE ( 'NONE', *, *, #1640, .F. ) ;
#4409 = CARTESIAN_POINT ( 'NONE',  ( 22.85164199041760114, -7.335015906034779931, -10.00000000000000000 ) ) ;
#4410 = DIRECTION ( 'NONE',  ( -0.9594929736144991450, 0.2817325568414240644, 0.000000000000000000 ) ) ;
#4411 = DIRECTION ( 'NONE',  ( 1.000000000000000000, 0.000000000000000000, 0.000000000000000000 ) ) ;
#4412 = ORIENTED_EDGE ( 'NONE', *, *, #5725, .F. ) ;
#4413 = DIRECTION ( 'NONE',  ( -0.4154150130018789966, -0.9096319953545218828, 0.000000000000000000 ) ) ;
#4414 = EDGE_CURVE ( 'NONE', #5571, #5834, #2022, .T. ) ;
#4415 = LINE ( 'NONE', #4350, #5351 ) ;
#4416 = CIRCLE ( 'NONE', #4700, 17.50000000000000355 ) ;
#4417 = FACE_OUTER_BOUND ( 'NONE', #4428, .T. ) ;
#4418 = DIRECTION ( 'NONE',  ( 0.000000000000000000, -0.000000000000000000, 1.000000000000000000 ) ) ;
#4419 = FACE_OUTER_BOUND ( 'NONE', #2503, .T. ) ;
#4420 = ORIENTED_EDGE ( 'NONE', *, *, #4554, .T. ) ;
#4421 = DIRECTION ( 'NONE',  ( 1.000000000000000000, 0.000000000000000000, 0.000000000000000000 ) ) ;
#4422 = DIRECTION ( 'NONE',  ( -0.6548607339452887643, 0.7557495743542550493, 0.000000000000000000 ) ) ;
#4423 = EDGE_LOOP ( 'NONE', ( #835, #4110, #3081, #3085 ) ) ;
#4424 = DIRECTION ( 'NONE',  ( 0.000000000000000000, 0.000000000000000000, 1.000000000000000000 ) ) ;
#4425 = ORIENTED_EDGE ( 'NONE', *, *, #1440, .F. ) ;
#4426 = ADVANCED_FACE ( 'NONE', ( #4173 ), #2435, .T. ) ;
#4427 = DIRECTION ( 'NONE',  ( -0.000000000000000000, -0.000000000000000000, 1.000000000000000000 ) ) ;
#4428 = EDGE_LOOP ( 'NONE', ( #4016, #1466, #356, #2983 ) ) ;
#4429 = DIRECTION ( 'NONE',  ( -0.000000000000000000, -0.000000000000000000, 1.000000000000000000 ) ) ;
#4430 = ORIENTED_EDGE ( 'NONE', *, *, #5882, .F. ) ;
#4431 = ORIENTED_EDGE ( 'NONE', *, *, #2324, .T. ) ;
#4432 = CIRCLE ( 'NONE', #1776, 0.6249999999999996669 ) ;
#4433 = DIRECTION ( 'NONE',  ( 0.000000000000000000, 0.000000000000000000, 1.000000000000000000 ) ) ;
#4434 = VERTEX_POINT ( 'NONE', #161 ) ;
#4435 = ADVANCED_FACE ( 'NONE', ( #4254 ), #5518, .T. ) ;
#4436 = CYLINDRICAL_SURFACE ( 'NONE', #2724, 4.499999999999999112 ) ;
#4437 = CIRCLE ( 'NONE', #1214, 0.6250000000000000000 ) ;
#4438 =( NAMED_UNIT ( * ) SI_UNIT ( $, .STERADIAN. ) SOLID_ANGLE_UNIT ( ) );
#4439 = CARTESIAN_POINT ( 'NONE',  ( 19.78030504245119303, 4.029407280095991695, -10.00000000000000000 ) ) ;
#4440 = ORIENTED_EDGE ( 'NONE', *, *, #90, .F. ) ;
#4441 = ADVANCED_FACE ( 'NONE', ( #1964 ), #4199, .T. ) ;
#4442 = EDGE_CURVE ( 'NONE', #2392, #5397, #2103, .T. ) ;
#4443 = DIRECTION ( 'NONE',  ( 0.000000000000000000, 0.000000000000000000, -1.000000000000000000 ) ) ;
#4444 = CARTESIAN_POINT ( 'NONE',  ( 0.000000000000000000, 0.000000000000000000, 5.000000000000000000 ) ) ;
#4445 = DIRECTION ( 'NONE',  ( 1.000000000000000000, 0.000000000000000000, -0.000000000000000000 ) ) ;
#4446 = ADVANCED_FACE ( 'NONE', ( #1935 ), #1525, .F. ) ;
#4447 = CARTESIAN_POINT ( 'NONE',  ( 0.000000000000000000, 0.000000000000000000, 10.00000000000000000 ) ) ;
#4448 = CARTESIAN_POINT ( 'NONE',  ( -14.37762150651138171, -13.18466388144870649, 10.00000000000000000 ) ) ;
#4449 = VERTEX_POINT ( 'NONE', #3333 ) ;
#4450 = FACE_OUTER_BOUND ( 'NONE', #3954, .T. ) ;
#4451 = AXIS2_PLACEMENT_3D ( 'NONE', #2714, #4030, #4125 ) ;
#4452 = CARTESIAN_POINT ( 'NONE',  ( 15.25841555994328935, 18.52513845022705752, 10.00000000000000000 ) ) ;
#4453 = VERTEX_POINT ( 'NONE', #5153 ) ;
#4454 = CARTESIAN_POINT ( 'NONE',  ( 16.16508030912766714, -17.73950897289587303, -10.00000000000000000 ) ) ;
#4455 = ORIENTED_EDGE ( 'NONE', *, *, #2172, .T. ) ;
#4456 = AXIS2_PLACEMENT_3D ( 'NONE', #2301, #4599, #1475 ) ;
#4457 = DIRECTION ( 'NONE',  ( 0.000000000000000000, 0.000000000000000000, 1.000000000000000000 ) ) ;
#4458 = ORIENTED_EDGE ( 'NONE', *, *, #5191, .F. ) ;
#4459 = CARTESIAN_POINT ( 'NONE',  ( 19.33587997703265415, 8.507407543743562783, -10.00000000000000000 ) ) ;
#4460 = VERTEX_POINT ( 'NONE', #4733 ) ;
#4461 = VERTEX_POINT ( 'NONE', #2963 ) ;
#4462 = CIRCLE ( 'NONE', #5036, 4.499999999999998224 ) ;
#4463 = FACE_OUTER_BOUND ( 'NONE', #4695, .T. ) ;
#4464 = VERTEX_POINT ( 'NONE', #3449 ) ;
#4465 = SHAPE_DEFINITION_REPRESENTATION ( #4085, #3332 ) ;
#4466 = AXIS2_PLACEMENT_3D ( 'NONE', #168, #2913, #4627 ) ;
#4467 = CARTESIAN_POINT ( 'NONE',  ( 4.967057427318381180, 18.86477411380793612, -10.00000000000000000 ) ) ;
#4468 = CARTESIAN_POINT ( 'NONE',  ( 6.232838923195098246, 20.18425021047503520, -10.00000000000000000 ) ) ;
#4469 = ADVANCED_FACE ( 'NONE', ( #3956 ), #5269, .F. ) ;
#4470 = VERTEX_POINT ( 'NONE', #1610 ) ;
#4471 = CIRCLE ( 'NONE', #1811, 24.00000000000000355 ) ;
#4472 = CYLINDRICAL_SURFACE ( 'NONE', #5808, 4.499999999999997335 ) ;
#4473 = DIRECTION ( 'NONE',  ( 1.000000000000000000, 0.000000000000000000, 0.000000000000000000 ) ) ;
#4474 = CARTESIAN_POINT ( 'NONE',  ( -17.96587193962438533, -7.601237221682644929, -10.00000000000000000 ) ) ;
#4475 = CIRCLE ( 'NONE', #1626, 0.6250000000000006661 ) ;
#4476 = DIRECTION ( 'NONE',  ( -1.000000000000000000, 0.000000000000000000, 0.000000000000000000 ) ) ;
#4477 = CYLINDRICAL_SURFACE ( 'NONE', #1133, 0.6249999999999996669 ) ;
#4478 = ORIENTED_EDGE ( 'NONE', *, *, #465, .F. ) ;
#4479 = FACE_OUTER_BOUND ( 'NONE', #2323, .T. ) ;
#4480 = LINE ( 'NONE', #1775, #3920 ) ;
#4481 = VERTEX_POINT ( 'NONE', #3863 ) ;
#4482 = DIRECTION ( 'NONE',  ( -1.000000000000000000, 0.000000000000000000, 0.000000000000000000 ) ) ;
#4483 = EDGE_CURVE ( 'NONE', #2750, #3412, #5824, .T. ) ;
#4484 = VERTEX_POINT ( 'NONE', #1200 ) ;
#4485 = DIRECTION ( 'NONE',  ( 0.000000000000000000, -0.000000000000000000, 1.000000000000000000 ) ) ;
#4486 = CARTESIAN_POINT ( 'NONE',  ( 19.78030504245119303, 4.029407280095991695, -10.00000000000000000 ) ) ;
#4487 = VERTEX_POINT ( 'NONE', #4882 ) ;
#4488 = CIRCLE ( 'NONE', #1918, 0.6249999999999991118 ) ;
#4489 = DIRECTION ( 'NONE',  ( 0.9594929736144971466, 0.2817325568414302817, 0.000000000000000000 ) ) ;
#4490 = CIRCLE ( 'NONE', #4012, 0.6249999999999996669 ) ;
#4491 = EDGE_CURVE ( 'NONE', #779, #1484, #2491, .T. ) ;
#4492 = EDGE_CURVE ( 'NONE', #1250, #5028, #3388, .T. ) ;
#4493 = ORIENTED_EDGE ( 'NONE', *, *, #2894, .T. ) ;
#4494 = CIRCLE ( 'NONE', #2207, 24.00000000000000355 ) ;
#4495 = CIRCLE ( 'NONE', #4683, 0.6249999999999995559 ) ;
#4496 = ORIENTED_EDGE ( 'NONE', *, *, #1162, .F. ) ;
#4497 = EDGE_LOOP ( 'NONE', ( #3744, #2182, #4402, #3810 ) ) ;
#4498 = DIRECTION ( 'NONE',  ( -0.000000000000000000, -0.000000000000000000, 1.000000000000000000 ) ) ;
#4499 = ORIENTED_EDGE ( 'NONE', *, *, #5171, .F. ) ;
#4500 = EDGE_CURVE ( 'NONE', #1226, #4449, #2479, .T. ) ;
#4501 = CIRCLE ( 'NONE', #2397, 0.6249999999999988898 ) ;
#4502 = CARTESIAN_POINT ( 'NONE',  ( 19.09177818327973242, 9.041915914340346916, -10.00000000000000000 ) ) ;
#4503 = FACE_OUTER_BOUND ( 'NONE', #2819, .T. ) ;
#4504 = EDGE_CURVE ( 'NONE', #3503, #3412, #4342, .T. ) ;
#4505 = ORIENTED_EDGE ( 'NONE', *, *, #2453, .F. ) ;
#4506 = CARTESIAN_POINT ( 'NONE',  ( 0.5489643442671623408, 20.12500000000000000, -10.00000000000000000 ) ) ;
#4507 = CARTESIAN_POINT ( 'NONE',  ( -14.22496499048279084, -13.59395184016451452, 10.00000000000000000 ) ) ;
#4508 = CARTESIAN_POINT ( 'NONE',  ( 0.000000000000000000, 0.000000000000000000, -10.00000000000000000 ) ) ;
#4509 = EDGE_CURVE ( 'NONE', #1850, #1630, #706, .T. ) ;
#4510 = CARTESIAN_POINT ( 'NONE',  ( -11.17259703341971111, -17.92833827019052961, -10.00000000000000000 ) ) ;
#4511 = DIRECTION ( 'NONE',  ( 1.000000000000000000, 0.000000000000000000, 0.000000000000000000 ) ) ;
#4512 = EDGE_CURVE ( 'NONE', #4688, #890, #1747, .T. ) ;
#4513 = ORIENTED_EDGE ( 'NONE', *, *, #4812, .T. ) ;
#4514 = CARTESIAN_POINT ( 'NONE',  ( 11.17259703341996691, -17.92833827019036974, 10.00000000000000000 ) ) ;
#4515 = CARTESIAN_POINT ( 'NONE',  ( -19.84203074598157812, -3.407462799033682099, 10.00000000000000000 ) ) ;
#4516 = ORIENTED_EDGE ( 'NONE', *, *, #2138, .F. ) ;
#4517 = CARTESIAN_POINT ( 'NONE',  ( -20.11427891976022408, -1.706567941630297236, 10.00000000000000000 ) ) ;
#4518 = EDGE_LOOP ( 'NONE', ( #5871, #5110, #1356, #327 ) ) ;
#4519 = CARTESIAN_POINT ( 'NONE',  ( 4.967057427318791518, -18.86477411380782954, -10.00000000000000000 ) ) ;
#4520 = CARTESIAN_POINT ( 'NONE',  ( 17.96587193962450257, -7.601237221682385581, -10.00000000000000000 ) ) ;
#4521 = EDGE_CURVE ( 'NONE', #663, #3623, #3835, .T. ) ;
#4522 = ORIENTED_EDGE ( 'NONE', *, *, #1756, .F. ) ;
#4523 = CARTESIAN_POINT ( 'NONE',  ( -0.5489643442671623408, -19.50000000000000000, -10.00000000000000000 ) ) ;
#4524 = ORIENTED_EDGE ( 'NONE', *, *, #670, .F. ) ;
#4525 = EDGE_CURVE ( 'NONE', #5822, #2545, #126, .T. ) ;
#4526 = ORIENTED_EDGE ( 'NONE', *, *, #155, .T. ) ;
#4527 = ORIENTED_EDGE ( 'NONE', *, *, #2213, .T. ) ;
#4528 = ORIENTED_EDGE ( 'NONE', *, *, #2498, .F. ) ;
#4529 = LINE ( 'NONE', #3663, #2633 ) ;
#4530 = CARTESIAN_POINT ( 'NONE',  ( 23.18963355092074963, -6.183922361576891014, 10.00000000000000000 ) ) ;
#4531 = ORIENTED_EDGE ( 'NONE', *, *, #2559, .T. ) ;
#4532 = AXIS2_PLACEMENT_3D ( 'NONE', #2971, #1675, #3966 ) ;
#4533 = LINE ( 'NONE', #2297, #1716 ) ;
#4534 = PLANE ( 'NONE',  #5735 ) ;
#4535 = AXIS2_PLACEMENT_3D ( 'NONE', #3986, #787, #3089 ) ;
#4536 = AXIS2_PLACEMENT_3D ( 'NONE', #2096, #1249, #3075 ) ;
#4537 = CARTESIAN_POINT ( 'NONE',  ( -19.37964388855037612, 2.231762667545253098, 10.00000000000000000 ) ) ;
#4538 = DIRECTION ( 'NONE',  ( -0.4154150130018774423, -0.9096319953545225490, 0.000000000000000000 ) ) ;
#4539 = CARTESIAN_POINT ( 'NONE',  ( 5.143140275344266321, 19.46445722231699804, -10.00000000000000000 ) ) ;
#4540 = CARTESIAN_POINT ( 'NONE',  ( 11.66692557220133963, -17.61065260841493085, 10.00000000000000000 ) ) ;
#4541 = CARTESIAN_POINT ( 'NONE',  ( 23.99250271103943177, -0.5998446972056022952, 10.00000000000000000 ) ) ;
#4542 = ORIENTED_EDGE ( 'NONE', *, *, #2368, .T. ) ;
#4543 = DIRECTION ( 'NONE',  ( 0.000000000000000000, -0.000000000000000000, -1.000000000000000000 ) ) ;
#4544 = VERTEX_POINT ( 'NONE', #2076 ) ;
#4545 = CARTESIAN_POINT ( 'NONE',  ( 11.66692557220133963, -17.61065260841493085, -10.00000000000000000 ) ) ;
#4546 = EDGE_CURVE ( 'NONE', #365, #4727, #5211, .T. ) ;
#4547 = DIRECTION ( 'NONE',  ( 0.000000000000000000, 0.000000000000000000, 1.000000000000000000 ) ) ;
#4548 = ORIENTED_EDGE ( 'NONE', *, *, #5372, .T. ) ;
#4549 = CARTESIAN_POINT ( 'NONE',  ( 18.07829587629845491, -8.859582668517008486, 10.00000000000000000 ) ) ;
#4550 = CIRCLE ( 'NONE', #5307, 0.6249999999999991118 ) ;
#4551 = AXIS2_PLACEMENT_3D ( 'NONE', #5150, #4222, #5594 ) ;
#4552 = VERTEX_POINT ( 'NONE', #244 ) ;
#4553 = ADVANCED_FACE ( 'NONE', ( #3896 ), #2046, .T. ) ;
#4554 = EDGE_CURVE ( 'NONE', #941, #841, #4026, .T. ) ;
#4555 = ORIENTED_EDGE ( 'NONE', *, *, #3481, .F. ) ;
#4556 = VERTEX_POINT ( 'NONE', #5748 ) ;
#4557 = ORIENTED_EDGE ( 'NONE', *, *, #4800, .T. ) ;
#4558 = ADVANCED_FACE ( 'NONE', ( #1667 ), #3475, .T. ) ;
#4559 = DIRECTION ( 'NONE',  ( -0.000000000000000000, -0.000000000000000000, 1.000000000000000000 ) ) ;
#4560 = DIRECTION ( 'NONE',  ( 0.000000000000000000, 0.000000000000000000, 1.000000000000000000 ) ) ;
#4561 = CIRCLE ( 'NONE', #5319, 4.499999999999999112 ) ;
#4562 = EDGE_LOOP ( 'NONE', ( #5061, #1081, #64, #2070 ) ) ;
#4563 = DIRECTION ( 'NONE',  ( 0.000000000000000000, 0.000000000000000000, 1.000000000000000000 ) ) ;
#4564 = EDGE_CURVE ( 'NONE', #5067, #2445, #3023, .T. ) ;
#4565 = AXIS2_PLACEMENT_3D ( 'NONE', #1331, #4034, #4961 ) ;
#4566 = DIRECTION ( 'NONE',  ( -0.000000000000000000, -0.000000000000000000, 1.000000000000000000 ) ) ;
#4567 = DIRECTION ( 'NONE',  ( -0.1423148382732817019, -0.9898214418809332393, 0.000000000000000000 ) ) ;
#4568 = CARTESIAN_POINT ( 'NONE',  ( -11.34221464530690504, -16.63343481638901267, 10.00000000000000000 ) ) ;
#4569 = CYLINDRICAL_SURFACE ( 'NONE', #4456, 0.6250000000000005551 ) ;
#4570 = CIRCLE ( 'NONE', #3415, 4.500000000000000000 ) ;
#4571 = FACE_OUTER_BOUND ( 'NONE', #5029, .T. ) ;
#4572 = DIRECTION ( 'NONE',  ( 0.9594929736144972576, 0.2817325568414299486, 0.000000000000000000 ) ) ;
#4573 = ORIENTED_EDGE ( 'NONE', *, *, #2175, .T. ) ;
#4574 = AXIS2_PLACEMENT_3D ( 'NONE', #2252, #1401, #3227 ) ;
#4575 = DIRECTION ( 'NONE',  ( 0.000000000000000000, -0.000000000000000000, 1.000000000000000000 ) ) ;
#4576 = VERTEX_POINT ( 'NONE', #3505 ) ;
#4577 = DIRECTION ( 'NONE',  ( 0.6548607339452946485, -0.7557495743542499422, 0.000000000000000000 ) ) ;
#4578 = EDGE_CURVE ( 'NONE', #1929, #2062, #4407, .T. ) ;
#4579 = CIRCLE ( 'NONE', #19, 4.499999999999999112 ) ;
#4580 = DIRECTION ( 'NONE',  ( -0.1423148382732747630, -0.9898214418809341275, 0.000000000000000000 ) ) ;
#4581 = ORIENTED_EDGE ( 'NONE', *, *, #5530, .F. ) ;
#4582 = ADVANCED_FACE ( 'NONE', ( #3715 ), #1015, .F. ) ;
#4583 = DIRECTION ( 'NONE',  ( 0.000000000000000000, 0.000000000000000000, -1.000000000000000000 ) ) ;
#4584 = EDGE_LOOP ( 'NONE', ( #1639, #254, #1374, #57 ) ) ;
#4585 = ADVANCED_FACE ( 'NONE', ( #2199 ), #5052, .T. ) ;
#4586 = ORIENTED_EDGE ( 'NONE', *, *, #3745, .F. ) ;
#4587 = VERTEX_POINT ( 'NONE', #5533 ) ;
#4588 = VECTOR ( 'NONE', #2579, 1000.000000000000000 ) ;
#4589 = ORIENTED_EDGE ( 'NONE', *, *, #3974, .F. ) ;
#4590 = CYLINDRICAL_SURFACE ( 'NONE', #3860, 0.6250000000000005551 ) ;
#4591 = AXIS2_PLACEMENT_3D ( 'NONE', #2476, #5648, #648 ) ;
#4592 = CARTESIAN_POINT ( 'NONE',  ( 0.000000000000000000, 0.000000000000000000, 10.00000000000000000 ) ) ;
#4593 = CIRCLE ( 'NONE', #992, 0.6249999999999994449 ) ;
#4594 = DIRECTION ( 'NONE',  ( 0.000000000000000000, 0.000000000000000000, 1.000000000000000000 ) ) ;
#4595 = ORIENTED_EDGE ( 'NONE', *, *, #2805, .T. ) ;
#4596 = DIRECTION ( 'NONE',  ( 0.9594929736144993671, -0.2817325568414231207, 0.000000000000000000 ) ) ;
#4597 = CARTESIAN_POINT ( 'NONE',  ( 5.669031769813693167, 20.34979892761597142, -10.00000000000000000 ) ) ;
#4598 = DIRECTION ( 'NONE',  ( -0.000000000000000000, -0.000000000000000000, -1.000000000000000000 ) ) ;
#4599 = DIRECTION ( 'NONE',  ( -0.000000000000000000, -0.000000000000000000, 1.000000000000000000 ) ) ;
#4600 = CIRCLE ( 'NONE', #2489, 4.499999999999999112 ) ;
#4601 = EDGE_CURVE ( 'NONE', #4135, #993, #5059, .T. ) ;
#4602 = VECTOR ( 'NONE', #1498, 1000.000000000000000 ) ;
#4603 = LINE ( 'NONE', #3673, #1522 ) ;
#4604 = CARTESIAN_POINT ( 'NONE',  ( 9.421207896832219930, -22.07353260728029554, -10.00000000000000000 ) ) ;
#4605 = CARTESIAN_POINT ( 'NONE',  ( 6.196595137523151386, -19.15513496566654794, -10.00000000000000000 ) ) ;
#4606 = ORIENTED_EDGE ( 'NONE', *, *, #3869, .T. ) ;
#4607 = CARTESIAN_POINT ( 'NONE',  ( 10.51248375447613981, 21.57516362190274961, -10.00000000000000000 ) ) ;
#4608 = DIRECTION ( 'NONE',  ( 1.000000000000000000, 0.000000000000000000, 0.000000000000000000 ) ) ;
#4609 = DIRECTION ( 'NONE',  ( -0.000000000000000000, -0.000000000000000000, 1.000000000000000000 ) ) ;
#4610 = ORIENTED_EDGE ( 'NONE', *, *, #1030, .T. ) ;
#4611 = DIRECTION ( 'NONE',  ( -0.4154150130018789966, -0.9096319953545218828, 0.000000000000000000 ) ) ;
#4612 = CIRCLE ( 'NONE', #3077, 24.00000000000000355 ) ;
#4613 = ORIENTED_EDGE ( 'NONE', *, *, #4983, .T. ) ;
#4614 = VERTEX_POINT ( 'NONE', #3568 ) ;
#4615 = ORIENTED_EDGE ( 'NONE', *, *, #2060, .F. ) ;
#4616 = EDGE_LOOP ( 'NONE', ( #3144, #2452, #4524, #1515 ) ) ;
#4617 = DIRECTION ( 'NONE',  ( -0.000000000000000000, 0.000000000000000000, -1.000000000000000000 ) ) ;
#4618 = ORIENTED_EDGE ( 'NONE', *, *, #4696, .F. ) ;
#4619 = EDGE_CURVE ( 'NONE', #4614, #1954, #5504, .T. ) ;
#4620 = CARTESIAN_POINT ( 'NONE',  ( -6.020512289496987357, -18.55545185715757839, -10.00000000000000000 ) ) ;
#4621 = ORIENTED_EDGE ( 'NONE', *, *, #4414, .T. ) ;
#4622 = DIRECTION ( 'NONE',  ( 0.000000000000000000, 0.000000000000000000, 1.000000000000000000 ) ) ;
#4623 = DIRECTION ( 'NONE',  ( 0.000000000000000000, -0.000000000000000000, -1.000000000000000000 ) ) ;
#4624 = EDGE_CURVE ( 'NONE', #5880, #1322, #2675, .T. ) ;
#4625 = CARTESIAN_POINT ( 'NONE',  ( 0.000000000000000000, 0.000000000000000000, -10.00000000000000000 ) ) ;
#4626 = AXIS2_PLACEMENT_3D ( 'NONE', #3959, #5301, #2078 ) ;
#4627 = DIRECTION ( 'NONE',  ( 0.1423148382732817019, 0.9898214418809332393, 0.000000000000000000 ) ) ;
#4628 = CARTESIAN_POINT ( 'NONE',  ( -18.07829587629832702, -8.859582668517271387, -10.00000000000000000 ) ) ;
#4629 = EDGE_CURVE ( 'NONE', #4484, #488, #2837, .T. ) ;
#4630 = DIRECTION ( 'NONE',  ( 0.000000000000000000, 0.000000000000000000, 1.000000000000000000 ) ) ;
#4631 = ORIENTED_EDGE ( 'NONE', *, *, #1180, .T. ) ;
#4632 = DIRECTION ( 'NONE',  ( 0.000000000000000000, 0.000000000000000000, 1.000000000000000000 ) ) ;
#4633 = DIRECTION ( 'NONE',  ( -0.000000000000000000, -0.000000000000000000, 1.000000000000000000 ) ) ;
#4634 = LINE ( 'NONE', #3539, #2950 ) ;
#4635 = ORIENTED_EDGE ( 'NONE', *, *, #3119, .F. ) ;
#4636 = CARTESIAN_POINT ( 'NONE',  ( -24.00000000000000355, 0.000000000000000000, 10.00000000000000000 ) ) ;
#4637 = ORIENTED_EDGE ( 'NONE', *, *, #269, .F. ) ;
#4638 = ORIENTED_EDGE ( 'NONE', *, *, #4149, .T. ) ;
#4639 = ORIENTED_EDGE ( 'NONE', *, *, #46, .T. ) ;
#4640 = AXIS2_PLACEMENT_3D ( 'NONE', #2358, #2310, #5105 ) ;
#4641 = VECTOR ( 'NONE', #2299, 1000.000000000000000 ) ;
#4642 = DIRECTION ( 'NONE',  ( -0.4154150130018906539, 0.9096319953545164427, 0.000000000000000000 ) ) ;
#4643 = CIRCLE ( 'NONE', #3017, 24.00000000000000355 ) ;
#4644 = CIRCLE ( 'NONE', #2829, 0.6250000000000000000 ) ;
#4645 = ORIENTED_EDGE ( 'NONE', *, *, #4939, .F. ) ;
#4646 = DIRECTION ( 'NONE',  ( -0.000000000000000000, -0.000000000000000000, -1.000000000000000000 ) ) ;
#4647 = CARTESIAN_POINT ( 'NONE',  ( 16.15582729722513022, 13.61034466660534292, 10.00000000000000000 ) ) ;
#4648 = ADVANCED_FACE ( 'NONE', ( #2167 ), #3087, .F. ) ;
#4649 = FACE_OUTER_BOUND ( 'NONE', #3660, .T. ) ;
#4650 = CYLINDRICAL_SURFACE ( 'NONE', #5121, 4.499999999999999112 ) ;
#4651 = DIRECTION ( 'NONE',  ( 0.1423148382732830619, 0.9898214418809330173, 0.000000000000000000 ) ) ;
#4652 = DIRECTION ( 'NONE',  ( -0.000000000000000000, -0.000000000000000000, 1.000000000000000000 ) ) ;
#4653 = CARTESIAN_POINT ( 'NONE',  ( 0.000000000000000000, 0.000000000000000000, -10.00000000000000000 ) ) ;
#4654 = CIRCLE ( 'NONE', #5326, 4.499999999999999112 ) ;
#4655 = ORIENTED_EDGE ( 'NONE', *, *, #2823, .F. ) ;
#4656 = CARTESIAN_POINT ( 'NONE',  ( 15.25841555994328935, 18.52513845022705752, -10.00000000000000000 ) ) ;
#4657 = DIRECTION ( 'NONE',  ( 1.000000000000000000, 0.000000000000000000, 0.000000000000000000 ) ) ;
#4658 = VECTOR ( 'NONE', #5321, 1000.000000000000000 ) ;
#4659 = CARTESIAN_POINT ( 'NONE',  ( 19.99828228972592470, 2.320709441466345613, -10.00000000000000000 ) ) ;
#4660 = ORIENTED_EDGE ( 'NONE', *, *, #5123, .F. ) ;
#4661 = ADVANCED_FACE ( 'NONE', ( #5391 ), #5810, .T. ) ;
#4662 = DIRECTION ( 'NONE',  ( 1.000000000000000000, 0.000000000000000000, 0.000000000000000000 ) ) ;
#4663 = ORIENTED_EDGE ( 'NONE', *, *, #5633, .F. ) ;
#4664 = AXIS2_PLACEMENT_3D ( 'NONE', #3911, #4359, #831 ) ;
#4665 = AXIS2_PLACEMENT_3D ( 'NONE', #3145, #4429, #1283 ) ;
#4666 = ORIENTED_EDGE ( 'NONE', *, *, #1756, .T. ) ;
#4667 = CARTESIAN_POINT ( 'NONE',  ( 17.84384848860661776, -9.438943887796030552, -10.00000000000000000 ) ) ;
#4668 = ORIENTED_EDGE ( 'NONE', *, *, #1332, .T. ) ;
#4669 = EDGE_CURVE ( 'NONE', #3314, #3948, #2337, .T. ) ;
#4670 = CARTESIAN_POINT ( 'NONE',  ( -4.967057427318659180, 18.86477411380786151, -10.00000000000000000 ) ) ;
#4671 = CARTESIAN_POINT ( 'NONE',  ( -20.86582910995582907, 3.296879305597522070, -10.00000000000000000 ) ) ;
#4672 = EDGE_LOOP ( 'NONE', ( #2541, #5560, #351, #4655 ) ) ;
#4673 = CARTESIAN_POINT ( 'NONE',  ( 14.46178945166814955, -14.08379339726803181, -10.00000000000000000 ) ) ;
#4674 = ORIENTED_EDGE ( 'NONE', *, *, #3492, .F. ) ;
#4675 = DIRECTION ( 'NONE',  ( 0.5406408174555987767, -0.8412535328311805394, 0.000000000000000000 ) ) ;
#4676 = VECTOR ( 'NONE', #5617, 1000.000000000000000 ) ;
#4677 = EDGE_CURVE ( 'NONE', #3629, #655, #4634, .T. ) ;
#4678 = AXIS2_PLACEMENT_3D ( 'NONE', #395, #1663, #4403 ) ;
#4679 = ADVANCED_FACE ( 'NONE', ( #4050 ), #5360, .F. ) ;
#4680 = CARTESIAN_POINT ( 'NONE',  ( 17.50977587920169398, 8.599948285391217695, -10.00000000000000000 ) ) ;
#4681 = DIRECTION ( 'NONE',  ( 0.000000000000000000, 0.000000000000000000, 1.000000000000000000 ) ) ;
#4682 = AXIS2_PLACEMENT_3D ( 'NONE', #5151, #2460, #2878 ) ;
#4683 = AXIS2_PLACEMENT_3D ( 'NONE', #950, #2749, #4572 ) ;
#4684 = CARTESIAN_POINT ( 'NONE',  ( 17.50000000000000355, 2.143131898507868643E-15, -5.000000000000000000 ) ) ;
#4685 = DIRECTION ( 'NONE',  ( -0.000000000000000000, 0.000000000000000000, 1.000000000000000000 ) ) ;
#4686 = ADVANCED_FACE ( 'NONE', ( #4463 ), #4163, .T. ) ;
#4687 = CARTESIAN_POINT ( 'NONE',  ( 0.000000000000000000, 0.000000000000000000, 10.00000000000000000 ) ) ;
#4688 = VERTEX_POINT ( 'NONE', #3264 ) ;
#4689 = AXIS2_PLACEMENT_3D ( 'NONE', #1673, #3484, #1208 ) ;
#4690 = DIRECTION ( 'NONE',  ( 0.000000000000000000, 1.000000000000000000, 0.000000000000000000 ) ) ;
#4691 = CYLINDRICAL_SURFACE ( 'NONE', #4103, 24.00000000000000355 ) ;
#4692 = DIRECTION ( 'NONE',  ( 1.000000000000000000, 0.000000000000000000, 0.000000000000000000 ) ) ;
#4693 = ORIENTED_EDGE ( 'NONE', *, *, #2473, .F. ) ;
#4694 = CARTESIAN_POINT ( 'NONE',  ( -10.41857825728069642, -17.22701988006615892, -10.00000000000000000 ) ) ;
#4695 = EDGE_LOOP ( 'NONE', ( #2570, #5403, #5001, #1974 ) ) ;
#4696 = EDGE_CURVE ( 'NONE', #5446, #1905, #4488, .T. ) ;
#4697 = VERTEX_POINT ( 'NONE', #874 ) ;
#4698 = DIRECTION ( 'NONE',  ( 1.000000000000000000, 0.000000000000000000, 0.000000000000000000 ) ) ;
#4699 = ORIENTED_EDGE ( 'NONE', *, *, #4087, .T. ) ;
#4700 = AXIS2_PLACEMENT_3D ( 'NONE', #4097, #1911, #5492 ) ;
#4701 = EDGE_CURVE ( 'NONE', #5264, #5850, #1430, .T. ) ;
#4702 = CARTESIAN_POINT ( 'NONE',  ( 0.000000000000000000, 0.000000000000000000, 10.00000000000000000 ) ) ;
#4703 = DIRECTION ( 'NONE',  ( 0.000000000000000000, -0.000000000000000000, -1.000000000000000000 ) ) ;
#4704 = VERTEX_POINT ( 'NONE', #5083 ) ;
#4705 = DIRECTION ( 'NONE',  ( -0.000000000000000000, -0.000000000000000000, 1.000000000000000000 ) ) ;
#4706 = ORIENTED_EDGE ( 'NONE', *, *, #77, .T. ) ;
#4707 = DIRECTION ( 'NONE',  ( 0.1423148382732747630, 0.9898214418809341275, 0.000000000000000000 ) ) ;
#4708 = CARTESIAN_POINT ( 'NONE',  ( 0.000000000000000000, 0.000000000000000000, 5.000000000000000000 ) ) ;
#4709 = CYLINDRICAL_SURFACE ( 'NONE', #1049, 0.6249999999999987788 ) ;
#4710 = DIRECTION ( 'NONE',  ( 0.000000000000000000, 0.000000000000000000, 1.000000000000000000 ) ) ;
#4711 = AXIS2_PLACEMENT_3D ( 'NONE', #1000, #1762, #3180 ) ;
#4712 = CYLINDRICAL_SURFACE ( 'NONE', #2960, 24.00000000000000355 ) ;
#4713 = CARTESIAN_POINT ( 'NONE',  ( 16.15582729722542510, -13.61034466660498943, -10.00000000000000000 ) ) ;
#4714 = VERTEX_POINT ( 'NONE', #2808 ) ;
#4715 = CARTESIAN_POINT ( 'NONE',  ( 20.50807819456750636, -12.46670480782731794, 10.00000000000000000 ) ) ;
#4716 = VECTOR ( 'NONE', #5668, 1000.000000000000000 ) ;
#4717 = DIRECTION ( 'NONE',  ( -0.9594929736144992560, 0.2817325568414232317, 0.000000000000000000 ) ) ;
#4718 = PLANE ( 'NONE',  #5541 ) ;
#4719 = VERTEX_POINT ( 'NONE', #1923 ) ;
#4720 = VECTOR ( 'NONE', #4884, 1000.000000000000000 ) ;
#4721 = CARTESIAN_POINT ( 'NONE',  ( 0.000000000000000000, 0.000000000000000000, -10.00000000000000000 ) ) ;
#4722 = ORIENTED_EDGE ( 'NONE', *, *, #3417, .F. ) ;
#4723 = AXIS2_PLACEMENT_3D ( 'NONE', #4900, #5020, #2778 ) ;
#4724 = EDGE_CURVE ( 'NONE', #783, #1666, #2386, .T. ) ;
#4725 = LINE ( 'NONE', #4667, #4934 ) ;
#4726 = EDGE_CURVE ( 'NONE', #151, #290, #3150, .T. ) ;
#4727 = VERTEX_POINT ( 'NONE', #1627 ) ;
#4728 = CARTESIAN_POINT ( 'NONE',  ( -20.86582910995580420, -3.296879305597673060, 10.00000000000000000 ) ) ;
#4729 = CARTESIAN_POINT ( 'NONE',  ( -14.37762150651138349, -13.18466388144870827, -10.00000000000000000 ) ) ;
#4730 = VERTEX_POINT ( 'NONE', #1595 ) ;
#4731 = CIRCLE ( 'NONE', #2825, 4.499999999999998224 ) ;
#4732 = EDGE_CURVE ( 'NONE', #2761, #4086, #3348, .T. ) ;
#4733 = CARTESIAN_POINT ( 'NONE',  ( -4.551757892101638170, 19.66667462213684558, -10.00000000000000000 ) ) ;
#4734 = ORIENTED_EDGE ( 'NONE', *, *, #5203, .F. ) ;
#4735 = CARTESIAN_POINT ( 'NONE',  ( 17.96587193962449902, -7.601237221682385581, -10.00000000000000000 ) ) ;
#4736 = VECTOR ( 'NONE', #1770, 1000.000000000000000 ) ;
#4737 = AXIS2_PLACEMENT_3D ( 'NONE', #1573, #1072, #4307 ) ;
#4738 = DIRECTION ( 'NONE',  ( -0.9594929736144991450, 0.2817325568414240644, 0.000000000000000000 ) ) ;
#4739 = DIRECTION ( 'NONE',  ( -0.000000000000000000, -0.000000000000000000, 1.000000000000000000 ) ) ;
#4740 = EDGE_CURVE ( 'NONE', #2841, #1221, #621, .T. ) ;
#4741 = CYLINDRICAL_SURFACE ( 'NONE', #1613, 0.6250000000000005551 ) ;
#4742 = DIRECTION ( 'NONE',  ( -0.000000000000000000, 0.000000000000000000, 1.000000000000000000 ) ) ;
#4743 = DIRECTION ( 'NONE',  ( -1.000000000000000000, 0.000000000000000000, 0.000000000000000000 ) ) ;
#4744 = ORIENTED_EDGE ( 'NONE', *, *, #4262, .F. ) ;
#4745 = DIRECTION ( 'NONE',  ( -0.000000000000000000, -0.000000000000000000, 1.000000000000000000 ) ) ;
#4746 = VECTOR ( 'NONE', #2142, 1000.000000000000114 ) ;
#4747 = LINE ( 'NONE', #2893, #5812 ) ;
#4748 = CARTESIAN_POINT ( 'NONE',  ( 23.18963355092074963, -6.183922361576891014, -10.00000000000000000 ) ) ;
#4749 = ORIENTED_EDGE ( 'NONE', *, *, #3686, .F. ) ;
#4750 = EDGE_CURVE ( 'NONE', #1201, #162, #1545, .T. ) ;
#4751 = VECTOR ( 'NONE', #5438, 1000.000000000000000 ) ;
#4752 = CYLINDRICAL_SURFACE ( 'NONE', #936, 0.6249999999999996669 ) ;
#4753 = VERTEX_POINT ( 'NONE', #2417 ) ;
#4754 = ADVANCED_FACE ( 'NONE', ( #5675 ), #5585, .T. ) ;
#4755 = VECTOR ( 'NONE', #1054, 1000.000000000000000 ) ;
#4756 = DIRECTION ( 'NONE',  ( -0.000000000000000000, -0.000000000000000000, 1.000000000000000000 ) ) ;
#4757 = ORIENTED_EDGE ( 'NONE', *, *, #3814, .F. ) ;
#4758 = ADVANCED_FACE ( 'NONE', ( #3318 ), #1949, .T. ) ;
#4759 = CIRCLE ( 'NONE', #3234, 4.499999999999999112 ) ;
#4760 = LINE ( 'NONE', #4816, #184 ) ;
#4761 = CARTESIAN_POINT ( 'NONE',  ( -0.2938047327526475683, 21.12263990084026588, -10.00000000000000000 ) ) ;
#4762 = ORIENTED_EDGE ( 'NONE', *, *, #388, .T. ) ;
#4763 = CIRCLE ( 'NONE', #3239, 0.6250000000000002220 ) ;
#4764 = DIRECTION ( 'NONE',  ( -0.000000000000000000, -0.000000000000000000, 1.000000000000000000 ) ) ;
#4765 = VERTEX_POINT ( 'NONE', #233 ) ;
#4766 = ADVANCED_FACE ( 'NONE', ( #2391 ), #146, .F. ) ;
#4767 = CARTESIAN_POINT ( 'NONE',  ( 0.000000000000000000, 0.000000000000000000, 10.00000000000000000 ) ) ;
#4768 = CARTESIAN_POINT ( 'NONE',  ( -17.50977587920175083, -8.599948285391088021, 10.00000000000000000 ) ) ;
#4769 = CYLINDRICAL_SURFACE ( 'NONE', #3504, 7.500000000000000000 ) ;
#4770 = DIRECTION ( 'NONE',  ( 0.4154150130018843812, 0.9096319953545193293, 0.000000000000000000 ) ) ;
#4771 = VECTOR ( 'NONE', #1316, 1000.000000000000000 ) ;
#4772 = DIRECTION ( 'NONE',  ( -0.000000000000000000, -0.000000000000000000, -1.000000000000000000 ) ) ;
#4773 = AXIS2_PLACEMENT_3D ( 'NONE', #3664, #4594, #4977 ) ;
#4774 = DIRECTION ( 'NONE',  ( 0.000000000000000000, 0.000000000000000000, 1.000000000000000000 ) ) ;
#4775 = AXIS2_PLACEMENT_3D ( 'NONE', #3925, #4966, #425 ) ;
#4776 = EDGE_LOOP ( 'NONE', ( #4937, #5753, #600, #4762 ) ) ;
#4777 = DIRECTION ( 'NONE',  ( 0.000000000000000000, 0.000000000000000000, 1.000000000000000000 ) ) ;
#4778 = VECTOR ( 'NONE', #5045, 1000.000000000000000 ) ;
#4779 = CARTESIAN_POINT ( 'NONE',  ( 20.11427891976021343, 1.706567941630446672, -10.00000000000000000 ) ) ;
#4780 = FACE_OUTER_BOUND ( 'NONE', #961, .T. ) ;
#4781 = ORIENTED_EDGE ( 'NONE', *, *, #658, .T. ) ;
#4782 = AXIS2_PLACEMENT_3D ( 'NONE', #1502, #5133, #3871 ) ;
#4783 = CARTESIAN_POINT ( 'NONE',  ( 0.000000000000000000, 0.000000000000000000, -5.000000000000000000 ) ) ;
#4784 = VERTEX_POINT ( 'NONE', #4241 ) ;
#4785 = AXIS2_PLACEMENT_3D ( 'NONE', #5688, #2107, #3928 ) ;
#4786 = LINE ( 'NONE', #654, #5414 ) ;
#4787 = EDGE_LOOP ( 'NONE', ( #5860, #4807, #2989, #4548 ) ) ;
#4788 = DIRECTION ( 'NONE',  ( 0.000000000000000000, 0.000000000000000000, 1.000000000000000000 ) ) ;
#4789 = DIRECTION ( 'NONE',  ( 0.000000000000000000, -0.000000000000000000, 1.000000000000000000 ) ) ;
#4790 = ORIENTED_EDGE ( 'NONE', *, *, #2440, .T. ) ;
#4791 = CARTESIAN_POINT ( 'NONE',  ( 10.00000000000000000, 1.224646799147353256E-15, -5.000000000000000000 ) ) ;
#4792 = ORIENTED_EDGE ( 'NONE', *, *, #5577, .T. ) ;
#4793 = DIRECTION ( 'NONE',  ( 1.000000000000000000, 0.000000000000000000, 0.000000000000000000 ) ) ;
#4794 = DIRECTION ( 'NONE',  ( 1.000000000000000000, 0.000000000000000000, 0.000000000000000000 ) ) ;
#4795 = EDGE_CURVE ( 'NONE', #3616, #5291, #3821, .T. ) ;
#4796 = EDGE_LOOP ( 'NONE', ( #2006, #1459, #2472, #1480 ) ) ;
#4797 = DIRECTION ( 'NONE',  ( 0.000000000000000000, 0.000000000000000000, 1.000000000000000000 ) ) ;
#4798 = DIRECTION ( 'NONE',  ( -0.000000000000000000, -0.000000000000000000, -1.000000000000000000 ) ) ;
#4799 = CYLINDRICAL_SURFACE ( 'NONE', #5023, 0.6250000000000005551 ) ;
#4800 = EDGE_CURVE ( 'NONE', #5440, #1004, #5833, .T. ) ;
#4801 = DIRECTION ( 'NONE',  ( 0.6548607339452946485, -0.7557495743542499422, 0.000000000000000000 ) ) ;
#4802 = CARTESIAN_POINT ( 'NONE',  ( 14.37762150651128401, 13.18466388144881307, 10.00000000000000000 ) ) ;
#4803 = VERTEX_POINT ( 'NONE', #4329 ) ;
#4804 = LINE ( 'NONE', #1216, #583 ) ;
#4805 = ADVANCED_FACE ( 'NONE', ( #4780 ), #2977, .T. ) ;
#4806 = CARTESIAN_POINT ( 'NONE',  ( 10.08067774637119030, -16.70123642204652015, 10.00000000000000000 ) ) ;
#4807 = ORIENTED_EDGE ( 'NONE', *, *, #2820, .F. ) ;
#4808 = CARTESIAN_POINT ( 'NONE',  ( -5.669031769813693167, 20.34979892761597142, 10.00000000000000000 ) ) ;
#4809 = VERTEX_POINT ( 'NONE', #3374 ) ;
#4810 = VECTOR ( 'NONE', #5757, 1000.000000000000000 ) ;
#4811 = CARTESIAN_POINT ( 'NONE',  ( -5.143140275344411094, -19.46445722231696607, -10.00000000000000000 ) ) ;
#4812 = EDGE_CURVE ( 'NONE', #3285, #1341, #3883, .T. ) ;
#4813 = CIRCLE ( 'NONE', #2248, 0.6249999999999991118 ) ;
#4814 = ORIENTED_EDGE ( 'NONE', *, *, #3631, .F. ) ;
#4815 = AXIS2_PLACEMENT_3D ( 'NONE', #5173, #3827, #260 ) ;
#4816 = CARTESIAN_POINT ( 'NONE',  ( 6.020512289497252922, -18.55545185715748957, 10.00000000000000000 ) ) ;
#4817 = CARTESIAN_POINT ( 'NONE',  ( 19.78030504245119303, 4.029407280095991695, 10.00000000000000000 ) ) ;
#4818 = ORIENTED_EDGE ( 'NONE', *, *, #2193, .T. ) ;
#4819 = DIRECTION ( 'NONE',  ( -0.000000000000000000, -0.000000000000000000, -1.000000000000000000 ) ) ;
#4820 = ORIENTED_EDGE ( 'NONE', *, *, #4958, .F. ) ;
#4821 = CARTESIAN_POINT ( 'NONE',  ( 0.000000000000000000, 0.000000000000000000, 10.00000000000000000 ) ) ;
#4822 = DIRECTION ( 'NONE',  ( 0.4154150130018969267, -0.9096319953545135562, 0.000000000000000000 ) ) ;
#4823 = CARTESIAN_POINT ( 'NONE',  ( 9.908122240929063906, -17.58765772523782545, -10.00000000000000000 ) ) ;
#4824 = ORIENTED_EDGE ( 'NONE', *, *, #3803, .F. ) ;
#4825 = DIRECTION ( 'NONE',  ( 0.8412535328311890881, -0.5406408174555853430, 0.000000000000000000 ) ) ;
#4826 = EDGE_CURVE ( 'NONE', #365, #2873, #2111, .T. ) ;
#4827 = CARTESIAN_POINT ( 'NONE',  ( 0.000000000000000000, 0.000000000000000000, 10.00000000000000000 ) ) ;
#4828 = CIRCLE ( 'NONE', #3012, 4.499999999999998224 ) ;
#4829 = VECTOR ( 'NONE', #5119, 1000.000000000000000 ) ;
#4830 = LINE ( 'NONE', #253, #4810 ) ;
#4831 = CARTESIAN_POINT ( 'NONE',  ( -17.84384848860655381, 9.438943887796160226, 10.00000000000000000 ) ) ;
#4832 = DIRECTION ( 'NONE',  ( -0.9594929736144991450, 0.2817325568414240644, 0.000000000000000000 ) ) ;
#4833 = VERTEX_POINT ( 'NONE', #1189 ) ;
#4834 = AXIS2_PLACEMENT_3D ( 'NONE', #4098, #4153, #4985 ) ;
#4835 = PLANE ( 'NONE',  #2093 ) ;
#4836 = CARTESIAN_POINT ( 'NONE',  ( -11.88231346068060112, -16.31892206683515667, -10.00000000000000000 ) ) ;
#4837 = ORIENTED_EDGE ( 'NONE', *, *, #5557, .T. ) ;
#4838 = CARTESIAN_POINT ( 'NONE',  ( -4.551757892101638170, 19.66667462213684558, -10.00000000000000000 ) ) ;
#4839 = VERTEX_POINT ( 'NONE', #1979 ) ;
#4840 = CIRCLE ( 'NONE', #960, 0.6249999999999998890 ) ;
#4841 = CARTESIAN_POINT ( 'NONE',  ( -10.08067774637107306, 16.70123642204659831, -10.00000000000000000 ) ) ;
#4842 = AXIS2_PLACEMENT_3D ( 'NONE', #1363, #2691, #504 ) ;
#4843 = VERTEX_POINT ( 'NONE', #591 ) ;
#4844 = CARTESIAN_POINT ( 'NONE',  ( 0.5489643442671623408, 19.50000000000000000, 10.00000000000000000 ) ) ;
#4845 = ORIENTED_EDGE ( 'NONE', *, *, #986, .T. ) ;
#4846 = AXIS2_PLACEMENT_3D ( 'NONE', #2054, #792, #3483 ) ;
#4847 = ADVANCED_FACE ( 'NONE', ( #2895 ), #4718, .F. ) ;
#4848 = ORIENTED_EDGE ( 'NONE', *, *, #4036, .T. ) ;
#4849 = CARTESIAN_POINT ( 'NONE',  ( -15.56895537727606005, 12.76419270113326121, 10.00000000000000000 ) ) ;
#4850 = ORIENTED_EDGE ( 'NONE', *, *, #1506, .T. ) ;
#4851 = CIRCLE ( 'NONE', #4952, 7.500000000000000000 ) ;
#4852 = DIRECTION ( 'NONE',  ( -0.8412535328311844252, 0.5406408174555925594, 0.000000000000000000 ) ) ;
#4853 = CARTESIAN_POINT ( 'NONE',  ( 1.173362810797226041, 20.15241450336780105, -10.00000000000000000 ) ) ;
#4854 = FACE_OUTER_BOUND ( 'NONE', #5373, .T. ) ;
#4855 = ORIENTED_EDGE ( 'NONE', *, *, #5106, .T. ) ;
#4856 = CIRCLE ( 'NONE', #207, 0.6249999999999998890 ) ;
#4857 = DIRECTION ( 'NONE',  ( -0.000000000000000000, -0.000000000000000000, 1.000000000000000000 ) ) ;
#4858 = CARTESIAN_POINT ( 'NONE',  ( 0.000000000000000000, 0.000000000000000000, 10.00000000000000000 ) ) ;
#4859 = EDGE_CURVE ( 'NONE', #4552, #1714, #2922, .T. ) ;
#4860 = EDGE_CURVE ( 'NONE', #3574, #5334, #5156, .T. ) ;
#4861 = FACE_BOUND ( 'NONE', #2425, .T. ) ;
#4862 = CARTESIAN_POINT ( 'NONE',  ( 14.37762150651128401, 13.18466388144881307, -10.00000000000000000 ) ) ;
#4863 = CARTESIAN_POINT ( 'NONE',  ( 22.85164199041760114, -7.335015906034779931, -10.00000000000000000 ) ) ;
#4864 = VERTEX_POINT ( 'NONE', #323 ) ;
#4865 = DIRECTION ( 'NONE',  ( 1.000000000000000000, 0.000000000000000000, 0.000000000000000000 ) ) ;
#4866 = CARTESIAN_POINT ( 'NONE',  ( 0.000000000000000000, 0.000000000000000000, -10.00000000000000000 ) ) ;
#4867 = VERTEX_POINT ( 'NONE', #5797 ) ;
#4868 = CARTESIAN_POINT ( 'NONE',  ( 9.908122240928681990, 17.58765772523803861, -10.00000000000000000 ) ) ;
#4869 = AXIS2_PLACEMENT_3D ( 'NONE', #531, #3674, #4988 ) ;
#4870 = VERTEX_POINT ( 'NONE', #1656 ) ;
#4871 = VECTOR ( 'NONE', #1846, 1000.000000000000000 ) ;
#4872 = AXIS2_PLACEMENT_3D ( 'NONE', #2403, #1080, #3833 ) ;
#4873 = ADVANCED_FACE ( 'NONE', ( #2566 ), #5283, .F. ) ;
#4874 = DIRECTION ( 'NONE',  ( -0.000000000000000000, 0.000000000000000000, 1.000000000000000000 ) ) ;
#4875 = EDGE_LOOP ( 'NONE', ( #1413, #4513, #189, #4744 ) ) ;
#4876 = DIRECTION ( 'NONE',  ( 1.000000000000000000, 0.000000000000000000, 0.000000000000000000 ) ) ;
#4877 = ORIENTED_EDGE ( 'NONE', *, *, #3892, .F. ) ;
#4878 = EDGE_CURVE ( 'NONE', #419, #4765, #5314, .T. ) ;
#4879 = CIRCLE ( 'NONE', #3646, 0.6249999999999996669 ) ;
#4880 = ORIENTED_EDGE ( 'NONE', *, *, #5297, .T. ) ;
#4881 = AXIS2_PLACEMENT_3D ( 'NONE', #192, #2409, #1939 ) ;
#4882 = CARTESIAN_POINT ( 'NONE',  ( 0.9999999999999997780, 8.499999999999998224, 10.00000000000000000 ) ) ;
#4883 = ORIENTED_EDGE ( 'NONE', *, *, #4983, .F. ) ;
#4884 = DIRECTION ( 'NONE',  ( -1.000000000000000000, -0.000000000000000000, -0.000000000000000000 ) ) ;
#4885 = EDGE_CURVE ( 'NONE', #3482, #1695, #5452, .T. ) ;
#4886 = LINE ( 'NONE', #4853, #3255 ) ;
#4887 = DIRECTION ( 'NONE',  ( -0.000000000000000000, 0.000000000000000000, 1.000000000000000000 ) ) ;
#4888 = ORIENTED_EDGE ( 'NONE', *, *, #1825, .T. ) ;
#4889 = DIRECTION ( 'NONE',  ( 0.000000000000000000, 0.000000000000000000, -1.000000000000000000 ) ) ;
#4890 = FACE_OUTER_BOUND ( 'NONE', #2968, .T. ) ;
#4891 = CIRCLE ( 'NONE', #5646, 0.6250000000000002220 ) ;
#4892 = DIRECTION ( 'NONE',  ( -0.000000000000000000, 0.000000000000000000, 1.000000000000000000 ) ) ;
#4893 = ORIENTED_EDGE ( 'NONE', *, *, #4256, .F. ) ;
#4894 = PRODUCT_DEFINITION_CONTEXT ( 'detailed design', #2065, 'design' ) ;
#4895 = CARTESIAN_POINT ( 'NONE',  ( 4.793804732752795950, -21.12263990084026588, 10.00000000000000000 ) ) ;
#4896 = ORIENTED_EDGE ( 'NONE', *, *, #1165, .F. ) ;
#4897 = DIRECTION ( 'NONE',  ( -0.000000000000000000, 0.000000000000000000, -1.000000000000000000 ) ) ;
#4898 = DIRECTION ( 'NONE',  ( 0.000000000000000000, 0.000000000000000000, 1.000000000000000000 ) ) ;
#4899 = ORIENTED_EDGE ( 'NONE', *, *, #4193, .F. ) ;
#4900 = CARTESIAN_POINT ( 'NONE',  ( 19.37964388855039388, -2.231762667545112766, -10.00000000000000000 ) ) ;
#4901 = VERTEX_POINT ( 'NONE', #2661 ) ;
#4902 = CARTESIAN_POINT ( 'NONE',  ( 11.00431413439739003, -16.10765135836936679, -10.00000000000000000 ) ) ;
#4903 = ORIENTED_EDGE ( 'NONE', *, *, #2257, .F. ) ;
#4904 = DIRECTION ( 'NONE',  ( 0.000000000000000000, 0.000000000000000000, 1.000000000000000000 ) ) ;
#4905 = EDGE_CURVE ( 'NONE', #953, #565, #320, .T. ) ;
#4906 = EDGE_LOOP ( 'NONE', ( #4394, #3016, #2083, #2057 ) ) ;
#4907 = EDGE_CURVE ( 'NONE', #1221, #2896, #5730, .T. ) ;
#4908 = ORIENTED_EDGE ( 'NONE', *, *, #5554, .T. ) ;
#4909 = AXIS2_PLACEMENT_3D ( 'NONE', #4821, #2493, #727 ) ;
#4910 = AXIS2_PLACEMENT_3D ( 'NONE', #4713, #1503, #2444 ) ;
#4911 = CARTESIAN_POINT ( 'NONE',  ( 22.85164199041744482, 7.335015906035278199, -10.00000000000000000 ) ) ;
#4912 = VERTEX_POINT ( 'NONE', #2533 ) ;
#4913 = APPLICATION_PROTOCOL_DEFINITION ( 'draft international standard', 'automotive_design', 1998, #2065 ) ;
#4914 = DIRECTION ( 'NONE',  ( 0.000000000000000000, 0.000000000000000000, 1.000000000000000000 ) ) ;
#4915 = DIRECTION ( 'NONE',  ( 0.000000000000000000, -0.000000000000000000, 1.000000000000000000 ) ) ;
#4916 = EDGE_CURVE ( 'NONE', #2157, #2062, #990, .T. ) ;
#4917 = ORIENTED_EDGE ( 'NONE', *, *, #3644, .T. ) ;
#4918 = LINE ( 'NONE', #2771, #5136 ) ;
#4919 = DIRECTION ( 'NONE',  ( 0.000000000000000000, 0.000000000000000000, 1.000000000000000000 ) ) ;
#4920 = EDGE_CURVE ( 'NONE', #5383, #445, #5634, .T. ) ;
#4921 = DIRECTION ( 'NONE',  ( 1.000000000000000000, 0.000000000000000000, 0.000000000000000000 ) ) ;
#4922 = DIRECTION ( 'NONE',  ( 1.000000000000000000, 0.000000000000000000, 0.000000000000000000 ) ) ;
#4923 = CARTESIAN_POINT ( 'NONE',  ( 6.232838923195538783, -20.18425021047489665, -10.00000000000000000 ) ) ;
#4924 = EDGE_LOOP ( 'NONE', ( #937, #982, #3108, #5330 ) ) ;
#4925 = DIRECTION ( 'NONE',  ( -0.000000000000000000, -0.000000000000000000, 1.000000000000000000 ) ) ;
#4926 = ADVANCED_FACE ( 'NONE', ( #3493 ), #3073, .F. ) ;
#4927 = CIRCLE ( 'NONE', #4079, 10.00000000000000000 ) ;
#4928 = VECTOR ( 'NONE', #3642, 1000.000000000000000 ) ;
#4929 = DIRECTION ( 'NONE',  ( -0.000000000000000000, -0.000000000000000000, 1.000000000000000000 ) ) ;
#4930 = ORIENTED_EDGE ( 'NONE', *, *, #3270, .T. ) ;
#4931 = CARTESIAN_POINT ( 'NONE',  ( -19.33587997703271455, -8.507407543743418898, 10.00000000000000000 ) ) ;
#4932 = ORIENTED_EDGE ( 'NONE', *, *, #399, .F. ) ;
#4933 = DIRECTION ( 'NONE',  ( 1.000000000000000000, 0.000000000000000000, 0.000000000000000000 ) ) ;
#4934 = VECTOR ( 'NONE', #3326, 1000.000000000000000 ) ;
#4935 = DIRECTION ( 'NONE',  ( -0.4154150130018774423, -0.9096319953545223269, 0.000000000000000000 ) ) ;
#4936 = EDGE_CURVE ( 'NONE', #4839, #3574, #3537, .T. ) ;
#4937 = ORIENTED_EDGE ( 'NONE', *, *, #1142, .T. ) ;
#4938 = LINE ( 'NONE', #3018, #4871 ) ;
#4939 = EDGE_CURVE ( 'NONE', #5741, #5474, #4297, .T. ) ;
#4940 = ORIENTED_EDGE ( 'NONE', *, *, #2328, .F. ) ;
#4941 = AXIS2_PLACEMENT_3D ( 'NONE', #5077, #2800, #3704 ) ;
#4942 = ORIENTED_EDGE ( 'NONE', *, *, #3306, .F. ) ;
#4943 = VERTEX_POINT ( 'NONE', #4452 ) ;
#4944 = DIRECTION ( 'NONE',  ( 0.4154150130018969267, -0.9096319953545135562, 0.000000000000000000 ) ) ;
#4945 = ORIENTED_EDGE ( 'NONE', *, *, #5309, .T. ) ;
#4946 = EDGE_CURVE ( 'NONE', #5177, #2157, #1246, .T. ) ;
#4947 = CIRCLE ( 'NONE', #967, 4.499999999999999112 ) ;
#4948 = EDGE_CURVE ( 'NONE', #2761, #45, #4015, .T. ) ;
#4949 = DIRECTION ( 'NONE',  ( -0.000000000000000000, -0.000000000000000000, -1.000000000000000000 ) ) ;
#4950 = DIRECTION ( 'NONE',  ( 1.000000000000000000, 0.000000000000000000, 0.000000000000000000 ) ) ;
#4951 = ORIENTED_EDGE ( 'NONE', *, *, #4916, .F. ) ;
#4952 = AXIS2_PLACEMENT_3D ( 'NONE', #2336, #5532, #4162 ) ;
#4953 = CARTESIAN_POINT ( 'NONE',  ( -19.37964388855037612, 2.231762667545253098, -10.00000000000000000 ) ) ;
#4954 = CARTESIAN_POINT ( 'NONE',  ( 15.09661189330473441, -12.35490474241735015, -10.00000000000000000 ) ) ;
#4955 = CARTESIAN_POINT ( 'NONE',  ( -20.94945465600704182, -2.715250857188337807, -10.00000000000000000 ) ) ;
#4956 = AXIS2_PLACEMENT_3D ( 'NONE', #4368, #295, #358 ) ;
#4957 = CARTESIAN_POINT ( 'NONE',  ( -1.000000000000000222, 8.499999999999998224, -10.00000000000000000 ) ) ;
#4958 = EDGE_CURVE ( 'NONE', #3103, #3243, #803, .T. ) ;
#4959 = CARTESIAN_POINT ( 'NONE',  ( 20.94945465600702406, 2.715250857188489242, -10.00000000000000000 ) ) ;
#4960 = ORIENTED_EDGE ( 'NONE', *, *, #1933, .T. ) ;
#4961 = DIRECTION ( 'NONE',  ( 1.000000000000000000, 0.000000000000000000, 0.000000000000000000 ) ) ;
#4962 = CARTESIAN_POINT ( 'NONE',  ( 0.000000000000000000, 0.000000000000000000, -5.000000000000000000 ) ) ;
#4963 = ORIENTED_EDGE ( 'NONE', *, *, #744, .F. ) ;
#4964 = DIRECTION ( 'NONE',  ( -0.000000000000000000, 0.000000000000000000, 1.000000000000000000 ) ) ;
#4965 = VERTEX_POINT ( 'NONE', #1334 ) ;
#4966 = DIRECTION ( 'NONE',  ( 0.000000000000000000, 0.000000000000000000, 1.000000000000000000 ) ) ;
#4967 = FACE_OUTER_BOUND ( 'NONE', #2603, .T. ) ;
#4968 = VERTEX_POINT ( 'NONE', #4806 ) ;
#4969 = AXIS2_PLACEMENT_3D ( 'NONE', #1867, #2233, #3682 ) ;
#4970 = CARTESIAN_POINT ( 'NONE',  ( -19.99828228972596023, 2.320709441466054290, 10.00000000000000000 ) ) ;
#4971 = EDGE_LOOP ( 'NONE', ( #1622, #375, #2318, #4917 ) ) ;
#4972 = AXIS2_PLACEMENT_3D ( 'NONE', #4270, #2061, #4215 ) ;
#4973 = EDGE_LOOP ( 'NONE', ( #4978, #812, #5296, #2606 ) ) ;
#4974 = EDGE_LOOP ( 'NONE', ( #1746, #116, #4333, #5844 ) ) ;
#4975 = ORIENTED_EDGE ( 'NONE', *, *, #2050, .T. ) ;
#4976 = CARTESIAN_POINT ( 'NONE',  ( -23.99250271103942467, -0.5998446972059479076, -10.00000000000000000 ) ) ;
#4977 = DIRECTION ( 'NONE',  ( 1.000000000000000000, 0.000000000000000000, 0.000000000000000000 ) ) ;
#4978 = ORIENTED_EDGE ( 'NONE', *, *, #3814, .T. ) ;
#4979 = FACE_OUTER_BOUND ( 'NONE', #712, .T. ) ;
#4980 = FACE_OUTER_BOUND ( 'NONE', #39, .T. ) ;
#4981 = DIRECTION ( 'NONE',  ( 0.000000000000000000, -0.000000000000000000, 1.000000000000000000 ) ) ;
#4982 = PRODUCT ( 'Planet Gear', 'Planet Gear', '', ( #1351 ) ) ;
#4983 = EDGE_CURVE ( 'NONE', #3630, #904, #2156, .T. ) ;
#4984 = DIRECTION ( 'NONE',  ( 1.000000000000000000, 0.000000000000000000, 0.000000000000000000 ) ) ;
#4985 = DIRECTION ( 'NONE',  ( 0.8412535328311766536, 0.5406408174556046609, 0.000000000000000000 ) ) ;
#4986 = CARTESIAN_POINT ( 'NONE',  ( 18.81871354321311784, -7.304287178075487219, -10.00000000000000000 ) ) ;
#4987 = VECTOR ( 'NONE', #4418, 1000.000000000000000 ) ;
#4988 = DIRECTION ( 'NONE',  ( -0.9594929736144993671, 0.2817325568414231207, 0.000000000000000000 ) ) ;
#4989 = ORIENTED_EDGE ( 'NONE', *, *, #2068, .T. ) ;
#4990 = EDGE_CURVE ( 'NONE', #4576, #3285, #2393, .T. ) ;
#4991 = EDGE_CURVE ( 'NONE', #97, #2975, #5376, .T. ) ;
#4992 = DIRECTION ( 'NONE',  ( 1.000000000000000000, 0.000000000000000000, 0.000000000000000000 ) ) ;
#4993 = ORIENTED_EDGE ( 'NONE', *, *, #4360, .F. ) ;
#4994 = DIRECTION ( 'NONE',  ( -0.000000000000000000, 0.000000000000000000, -1.000000000000000000 ) ) ;
#4995 = EDGE_CURVE ( 'NONE', #2064, #694, #4480, .T. ) ;
#4996 = CARTESIAN_POINT ( 'NONE',  ( -1.169031769813694721, 20.34979892761597142, -10.00000000000000000 ) ) ;
#4997 = ORIENTED_EDGE ( 'NONE', *, *, #1966, .F. ) ;
#4998 = CARTESIAN_POINT ( 'NONE',  ( 11.34221464530714485, -16.63343481638885635, -10.00000000000000000 ) ) ;
#4999 = VERTEX_POINT ( 'NONE', #5078 ) ;
#5000 = EDGE_CURVE ( 'NONE', #3245, #1666, #2331, .T. ) ;
#5001 = ORIENTED_EDGE ( 'NONE', *, *, #4074, .F. ) ;
#5002 = EDGE_LOOP ( 'NONE', ( #335, #4820, #3997, #627 ) ) ;
#5003 = VERTEX_POINT ( 'NONE', #1890 ) ;
#5004 = CARTESIAN_POINT ( 'NONE',  ( 0.5489643442671623408, 19.50000000000000000, -10.00000000000000000 ) ) ;
#5005 = DIRECTION ( 'NONE',  ( 0.000000000000000000, 0.000000000000000000, 1.000000000000000000 ) ) ;
#5006 = CARTESIAN_POINT ( 'NONE',  ( 6.196595137522733943, 19.15513496566667939, -10.00000000000000000 ) ) ;
#5007 = ORIENTED_EDGE ( 'NONE', *, *, #2868, .F. ) ;
#5008 = AXIS2_PLACEMENT_3D ( 'NONE', #922, #3676, #2722 ) ;
#5009 = FACE_BOUND ( 'NONE', #3166, .T. ) ;
#5010 = CARTESIAN_POINT ( 'NONE',  ( 4.793804732752334097, 21.12263990084027299, -10.00000000000000000 ) ) ;
#5011 = AXIS2_PLACEMENT_3D ( 'NONE', #5883, #1882, #882 ) ;
#5012 = CIRCLE ( 'NONE', #5772, 4.499999999999999112 ) ;
#5013 = CARTESIAN_POINT ( 'NONE',  ( -17.84384848860655381, 9.438943887796160226, -10.00000000000000000 ) ) ;
#5014 = DIRECTION ( 'NONE',  ( 0.000000000000000000, 0.000000000000000000, 1.000000000000000000 ) ) ;
#5015 = CARTESIAN_POINT ( 'NONE',  ( 15.25841555994369259, -18.52513845022672001, 10.00000000000000000 ) ) ;
#5016 = EDGE_CURVE ( 'NONE', #2259, #4487, #1914, .T. ) ;
#5017 = LINE ( 'NONE', #4100, #1710 ) ;
#5018 = LINE ( 'NONE', #4604, #1073 ) ;
#5019 = ORIENTED_EDGE ( 'NONE', *, *, #2996, .T. ) ;
#5020 = DIRECTION ( 'NONE',  ( -0.9898214418809342385, 0.1423148382732746797, 0.000000000000000000 ) ) ;
#5021 = VERTEX_POINT ( 'NONE', #4156 ) ;
#5022 = DIRECTION ( 'NONE',  ( 0.9594929736144972576, 0.2817325568414302817, 0.000000000000000000 ) ) ;
#5023 = AXIS2_PLACEMENT_3D ( 'NONE', #736, #1620, #4921 ) ;
#5024 = DIRECTION ( 'NONE',  ( 1.000000000000000000, 0.000000000000000000, 0.000000000000000000 ) ) ;
#5025 = ORIENTED_EDGE ( 'NONE', *, *, #3270, .F. ) ;
#5026 = CARTESIAN_POINT ( 'NONE',  ( -14.84996499048289031, 13.59395184016440616, -10.00000000000000000 ) ) ;
#5027 = AXIS2_PLACEMENT_3D ( 'NONE', #3472, #4788, #719 ) ;
#5028 = VERTEX_POINT ( 'NONE', #4541 ) ;
#5029 = EDGE_LOOP ( 'NONE', ( #3062, #5669, #1284, #2097 ) ) ;
#5030 = ORIENTED_EDGE ( 'NONE', *, *, #2375, .F. ) ;
#5031 = ORIENTED_EDGE ( 'NONE', *, *, #3565, .T. ) ;
#5032 = CARTESIAN_POINT ( 'NONE',  ( -11.34221464530702761, 16.63343481638893806, -10.00000000000000000 ) ) ;
#5033 = EDGE_CURVE ( 'NONE', #3985, #2132, #2209, .T. ) ;
#5034 = DIRECTION ( 'NONE',  ( 0.000000000000000000, 0.000000000000000000, 1.000000000000000000 ) ) ;
#5035 = DIRECTION ( 'NONE',  ( -0.000000000000000000, -0.000000000000000000, 1.000000000000000000 ) ) ;
#5036 = AXIS2_PLACEMENT_3D ( 'NONE', #3121, #2114, #277 ) ;
#5037 = ORIENTED_EDGE ( 'NONE', *, *, #3272, .T. ) ;
#5038 = CARTESIAN_POINT ( 'NONE',  ( 14.84996499048269136, 13.59395184016462110, -10.00000000000000000 ) ) ;
#5039 = AXIS2_PLACEMENT_3D ( 'NONE', #2828, #4178, #1476 ) ;
#5040 = DIRECTION ( 'NONE',  ( -0.1423148382732889461, 0.9898214418809321291, 0.000000000000000000 ) ) ;
#5041 = FACE_OUTER_BOUND ( 'NONE', #4796, .T. ) ;
#5042 = DIRECTION ( 'NONE',  ( 1.000000000000000000, 0.000000000000000000, 0.000000000000000000 ) ) ;
#5043 = CARTESIAN_POINT ( 'NONE',  ( 0.000000000000000000, 0.000000000000000000, 10.00000000000000000 ) ) ;
#5044 = EDGE_CURVE ( 'NONE', #243, #1103, #5018, .T. ) ;
#5045 = DIRECTION ( 'NONE',  ( -0.000000000000000000, -0.000000000000000000, 1.000000000000000000 ) ) ;
#5046 = VECTOR ( 'NONE', #1593, 1000.000000000000000 ) ;
#5047 = DIRECTION ( 'NONE',  ( -1.000000000000000000, 0.000000000000000000, 0.000000000000000000 ) ) ;
#5048 = EDGE_LOOP ( 'NONE', ( #3807, #2023, #4618, #5125 ) ) ;
#5049 = FACE_OUTER_BOUND ( 'NONE', #4924, .T. ) ;
#5050 = AXIS2_PLACEMENT_3D ( 'NONE', #566, #4190, #3684 ) ;
#5051 = LINE ( 'NONE', #987, #114 ) ;
#5052 = CYLINDRICAL_SURFACE ( 'NONE', #3435, 4.500000000000000888 ) ;
#5053 = ORIENTED_EDGE ( 'NONE', *, *, #4054, .F. ) ;
#5054 = LINE ( 'NONE', #4636, #1546 ) ;
#5055 = ORIENTED_EDGE ( 'NONE', *, *, #2396, .T. ) ;
#5056 = EDGE_CURVE ( 'NONE', #4464, #4066, #422, .T. ) ;
#5057 = ORIENTED_EDGE ( 'NONE', *, *, #1506, .F. ) ;
#5058 = ORIENTED_EDGE ( 'NONE', *, *, #2032, .F. ) ;
#5059 = CIRCLE ( 'NONE', #413, 24.00000000000000355 ) ;
#5060 = CIRCLE ( 'NONE', #585, 24.00000000000000355 ) ;
#5061 = ORIENTED_EDGE ( 'NONE', *, *, #5598, .T. ) ;
#5062 = EDGE_CURVE ( 'NONE', #772, #3767, #5495, .T. ) ;
#5063 = VECTOR ( 'NONE', #4301, 1000.000000000000000 ) ;
#5064 = CARTESIAN_POINT ( 'NONE',  ( 0.000000000000000000, 0.000000000000000000, 5.000000000000000000 ) ) ;
#5065 = CIRCLE ( 'NONE', #1462, 4.499999999999999112 ) ;
#5066 = DIRECTION ( 'NONE',  ( -0.9594929736144991450, 0.2817325568414240644, 0.000000000000000000 ) ) ;
#5067 = VERTEX_POINT ( 'NONE', #1424 ) ;
#5068 = EDGE_CURVE ( 'NONE', #445, #5880, #1175, .T. ) ;
#5069 = DIRECTION ( 'NONE',  ( -0.000000000000000000, -0.000000000000000000, 1.000000000000000000 ) ) ;
#5070 = ORIENTED_EDGE ( 'NONE', *, *, #362, .T. ) ;
#5071 = CARTESIAN_POINT ( 'NONE',  ( -2.820749999999999424, -23.83366042884517100, -10.00000000000000000 ) ) ;
#5072 = VECTOR ( 'NONE', #1767, 1000.000000000000000 ) ;
#5073 = DIRECTION ( 'NONE',  ( -1.000000000000000000, -0.000000000000000000, -0.000000000000000000 ) ) ;
#5074 = CYLINDRICAL_SURFACE ( 'NONE', #4084, 0.6249999999999996669 ) ;
#5075 = VECTOR ( 'NONE', #5660, 1000.000000000000000 ) ;
#5076 = CIRCLE ( 'NONE', #4881, 4.499999999999999112 ) ;
#5077 = CARTESIAN_POINT ( 'NONE',  ( 11.66692557220133963, -17.61065260841493085, 10.00000000000000000 ) ) ;
#5078 = CARTESIAN_POINT ( 'NONE',  ( 17.50000000000000355, 0.000000000000000000, 5.000000000000000000 ) ) ;
#5079 = DIRECTION ( 'NONE',  ( -0.6548607339452782172, -0.7557495743542642641, 0.000000000000000000 ) ) ;
#5080 = VERTEX_POINT ( 'NONE', #3615 ) ;
#5081 = DIRECTION ( 'NONE',  ( 0.2817325568414302817, -0.9594929736144972576, 0.000000000000000000 ) ) ;
#5082 = CARTESIAN_POINT ( 'NONE',  ( 15.09661189330446618, 12.35490474241767700, -10.00000000000000000 ) ) ;
#5083 = CARTESIAN_POINT ( 'NONE',  ( -9.421207896831901962, -22.07353260728043409, 10.00000000000000000 ) ) ;
#5084 = ORIENTED_EDGE ( 'NONE', *, *, #1217, .F. ) ;
#5085 = DIRECTION ( 'NONE',  ( -0.000000000000000000, -0.000000000000000000, 1.000000000000000000 ) ) ;
#5086 = VECTOR ( 'NONE', #3581, 1000.000000000000000 ) ;
#5087 = ORIENTED_EDGE ( 'NONE', *, *, #4491, .F. ) ;
#5088 = ORIENTED_EDGE ( 'NONE', *, *, #646, .F. ) ;
#5089 = ORIENTED_EDGE ( 'NONE', *, *, #1947, .F. ) ;
#5090 = EDGE_CURVE ( 'NONE', #1484, #631, #54, .T. ) ;
#5091 = DIRECTION ( 'NONE',  ( -0.000000000000000000, -0.000000000000000000, 1.000000000000000000 ) ) ;
#5092 = ORIENTED_EDGE ( 'NONE', *, *, #3058, .F. ) ;
#5093 = DIRECTION ( 'NONE',  ( -0.000000000000000000, 0.000000000000000000, -1.000000000000000000 ) ) ;
#5094 = DIRECTION ( 'NONE',  ( 1.000000000000000000, 0.000000000000000000, 0.000000000000000000 ) ) ;
#5095 = LINE ( 'NONE', #4768, #2025 ) ;
#5096 = AXIS2_PLACEMENT_3D ( 'NONE', #2943, #1973, #171 ) ;
#5097 = CARTESIAN_POINT ( 'NONE',  ( -22.85164199041749455, -7.335015906035110334, 10.00000000000000000 ) ) ;
#5098 = EDGE_CURVE ( 'NONE', #3469, #772, #4495, .T. ) ;
#5099 = VECTOR ( 'NONE', #666, 1000.000000000000000 ) ;
#5100 = CARTESIAN_POINT ( 'NONE',  ( 14.84996499048298624, -13.59395184016429958, 10.00000000000000000 ) ) ;
#5101 = CARTESIAN_POINT ( 'NONE',  ( 19.33587997703283889, -8.507407543743140010, -10.00000000000000000 ) ) ;
#5102 = AXIS2_PLACEMENT_3D ( 'NONE', #3195, #4630, #2751 ) ;
#5103 = DIRECTION ( 'NONE',  ( 1.000000000000000000, 0.000000000000000000, 0.000000000000000000 ) ) ;
#5104 = VERTEX_POINT ( 'NONE', #1450 ) ;
#5105 = DIRECTION ( 'NONE',  ( 1.000000000000000000, 0.000000000000000000, 0.000000000000000000 ) ) ;
#5106 = EDGE_CURVE ( 'NONE', #3659, #3623, #1925, .T. ) ;
#5107 = EDGE_CURVE ( 'NONE', #4784, #151, #4207, .T. ) ;
#5108 = CARTESIAN_POINT ( 'NONE',  ( 15.77102493137113193, 14.05443027004750434, -10.00000000000000000 ) ) ;
#5109 = DIRECTION ( 'NONE',  ( 0.000000000000000000, -0.000000000000000000, 1.000000000000000000 ) ) ;
#5110 = ORIENTED_EDGE ( 'NONE', *, *, #3181, .F. ) ;
#5111 = CIRCLE ( 'NONE', #4071, 0.6250000000000000000 ) ;
#5112 = CYLINDRICAL_SURFACE ( 'NONE', #2567, 4.499999999999997335 ) ;
#5113 = ORIENTED_EDGE ( 'NONE', *, *, #4885, .T. ) ;
#5114 = ORIENTED_EDGE ( 'NONE', *, *, #807, .F. ) ;
#5115 = EDGE_CURVE ( 'NONE', #3314, #1695, #3256, .T. ) ;
#5116 = ORIENTED_EDGE ( 'NONE', *, *, #2217, .F. ) ;
#5117 = EDGE_CURVE ( 'NONE', #4461, #5659, #37, .T. ) ;
#5118 = AXIS2_PLACEMENT_3D ( 'NONE', #5138, #1186, #738 ) ;
#5119 = DIRECTION ( 'NONE',  ( -0.8412535328311844252, 0.5406408174555925594, 0.000000000000000000 ) ) ;
#5120 = CARTESIAN_POINT ( 'NONE',  ( -19.21703074598157812, -3.407462799033682099, -10.00000000000000000 ) ) ;
#5121 = AXIS2_PLACEMENT_3D ( 'NONE', #3281, #20, #1801 ) ;
#5122 = ORIENTED_EDGE ( 'NONE', *, *, #1086, .T. ) ;
#5123 = EDGE_CURVE ( 'NONE', #3742, #4912, #2777, .T. ) ;
#5124 = DIRECTION ( 'NONE',  ( 1.000000000000000000, 0.000000000000000000, 0.000000000000000000 ) ) ;
#5125 = ORIENTED_EDGE ( 'NONE', *, *, #1517, .T. ) ;
#5126 = CARTESIAN_POINT ( 'NONE',  ( -5.669031769813693167, -20.34979892761597142, 10.00000000000000000 ) ) ;
#5127 = ADVANCED_FACE ( 'NONE', ( #476 ), #2277, .F. ) ;
#5128 = VECTOR ( 'NONE', #1058, 1000.000000000000000 ) ;
#5129 = CARTESIAN_POINT ( 'NONE',  ( 11.00431413439704009, 16.10765135836961193, 10.00000000000000000 ) ) ;
#5130 = CARTESIAN_POINT ( 'NONE',  ( 20.50807819456723990, 12.46670480782776558, -10.00000000000000000 ) ) ;
#5131 = VECTOR ( 'NONE', #5161, 1000.000000000000114 ) ;
#5132 = CARTESIAN_POINT ( 'NONE',  ( 15.99856791459368388, -12.31025650762178003, -10.00000000000000000 ) ) ;
#5133 = DIRECTION ( 'NONE',  ( -0.000000000000000000, 0.000000000000000000, -1.000000000000000000 ) ) ;
#5134 = FACE_OUTER_BOUND ( 'NONE', #989, .T. ) ;
#5135 = ADVANCED_FACE ( 'NONE', ( #2244 ), #2801, .F. ) ;
#5136 = VECTOR ( 'NONE', #5851, 1000.000000000000000 ) ;
#5137 = ORIENTED_EDGE ( 'NONE', *, *, #2003, .F. ) ;
#5138 = CARTESIAN_POINT ( 'NONE',  ( 16.15582729722513022, 13.61034466660534292, -10.00000000000000000 ) ) ;
#5139 = CYLINDRICAL_SURFACE ( 'NONE', #1156, 0.6249999999999996669 ) ;
#5140 = CIRCLE ( 'NONE', #1251, 4.499999999999999112 ) ;
#5141 = EDGE_CURVE ( 'NONE', #3535, #1630, #4179, .T. ) ;
#5142 = DIRECTION ( 'NONE',  ( -0.000000000000000000, -0.000000000000000000, 1.000000000000000000 ) ) ;
#5143 = ORIENTED_EDGE ( 'NONE', *, *, #3241, .F. ) ;
#5144 = CARTESIAN_POINT ( 'NONE',  ( -15.25841555994356291, 18.52513845022683014, -10.00000000000000000 ) ) ;
#5145 = ORIENTED_EDGE ( 'NONE', *, *, #1131, .F. ) ;
#5146 = AXIS2_PLACEMENT_3D ( 'NONE', #3268, #5085, #3717 ) ;
#5147 = ORIENTED_EDGE ( 'NONE', *, *, #4859, .F. ) ;
#5148 = CARTESIAN_POINT ( 'NONE',  ( -19.85947713967985706, 13.47594774917643434, 10.00000000000000000 ) ) ;
#5149 = ORIENTED_EDGE ( 'NONE', *, *, #2251, .T. ) ;
#5150 = CARTESIAN_POINT ( 'NONE',  ( -0.2938047327526475683, 21.12263990084026588, -10.00000000000000000 ) ) ;
#5151 = CARTESIAN_POINT ( 'NONE',  ( 11.66692557220133963, -17.61065260841493085, -10.00000000000000000 ) ) ;
#5152 = VERTEX_POINT ( 'NONE', #1834 ) ;
#5153 = CARTESIAN_POINT ( 'NONE',  ( 4.551757892101776726, -19.66667462213681006, -10.00000000000000000 ) ) ;
#5154 = ORIENTED_EDGE ( 'NONE', *, *, #150, .F. ) ;
#5155 = LINE ( 'NONE', #216, #2339 ) ;
#5156 = CIRCLE ( 'NONE', #2016, 4.499999999999998224 ) ;
#5157 = AXIS2_PLACEMENT_3D ( 'NONE', #2236, #878, #1382 ) ;
#5158 = CARTESIAN_POINT ( 'NONE',  ( 9.421207896832219930, -22.07353260728029554, -10.00000000000000000 ) ) ;
#5159 = CARTESIAN_POINT ( 'NONE',  ( -6.196595137523016383, 19.15513496566659413, 10.00000000000000000 ) ) ;
#5160 = CIRCLE ( 'NONE', #2738, 0.6249999999999993339 ) ;
#5161 = DIRECTION ( 'NONE',  ( 0.9594929736144971466, 0.2817325568414302817, 0.000000000000000000 ) ) ;
#5162 = DIRECTION ( 'NONE',  ( 0.2817325568414232873, 0.9594929736144992560, 0.000000000000000000 ) ) ;
#5163 = ADVANCED_FACE ( 'NONE', ( #3649 ), #224, .T. ) ;
#5164 = CARTESIAN_POINT ( 'NONE',  ( 0.5489643442671623408, 20.12500000000000000, -10.00000000000000000 ) ) ;
#5165 = ORIENTED_EDGE ( 'NONE', *, *, #927, .F. ) ;
#5166 = CIRCLE ( 'NONE', #4129, 4.499999999999999112 ) ;
#5167 = CYLINDRICAL_SURFACE ( 'NONE', #3695, 0.6249999999999996669 ) ;
#5168 = EDGE_CURVE ( 'NONE', #5377, #1242, #2500, .T. ) ;
#5169 = CARTESIAN_POINT ( 'NONE',  ( 4.551757892101776726, -19.66667462213681006, -10.00000000000000000 ) ) ;
#5170 = DIRECTION ( 'NONE',  ( -0.4154150130018911535, 0.9096319953545161097, 0.000000000000000000 ) ) ;
#5171 = EDGE_CURVE ( 'NONE', #964, #4704, #3162, .T. ) ;
#5172 = ORIENTED_EDGE ( 'NONE', *, *, #4382, .T. ) ;
#5173 = CARTESIAN_POINT ( 'NONE',  ( -18.07829587629832702, -8.859582668517271387, 10.00000000000000000 ) ) ;
#5174 = ORIENTED_EDGE ( 'NONE', *, *, #113, .T. ) ;
#5175 = ADVANCED_FACE ( 'NONE', ( #1972 ), #250, .F. ) ;
#5176 = LINE ( 'NONE', #1955, #1889 ) ;
#5177 = VERTEX_POINT ( 'NONE', #2055 ) ;
#5178 = AXIS2_PLACEMENT_3D ( 'NONE', #1885, #3702, #1446 ) ;
#5179 = AXIS2_PLACEMENT_3D ( 'NONE', #2263, #2678, #1792 ) ;
#5180 = DIRECTION ( 'NONE',  ( -0.000000000000000000, -0.000000000000000000, -1.000000000000000000 ) ) ;
#5181 = ADVANCED_FACE ( 'NONE', ( #2914 ), #2469, .F. ) ;
#5182 = DIRECTION ( 'NONE',  ( 0.4154150130018843812, 0.9096319953545193293, 0.000000000000000000 ) ) ;
#5183 = ORIENTED_EDGE ( 'NONE', *, *, #3651, .T. ) ;
#5184 = LINE ( 'NONE', #4284, #3991 ) ;
#5185 = ORIENTED_EDGE ( 'NONE', *, *, #1607, .F. ) ;
#5186 = DIRECTION ( 'NONE',  ( 0.000000000000000000, -0.000000000000000000, 1.000000000000000000 ) ) ;
#5187 = DIRECTION ( 'NONE',  ( -0.1423148382732889461, 0.9898214418809321291, 0.000000000000000000 ) ) ;
#5188 = CARTESIAN_POINT ( 'NONE',  ( 0.2938047327527967267, -21.12263990084026588, 10.00000000000000000 ) ) ;
#5189 = DIRECTION ( 'NONE',  ( -0.000000000000000000, 0.000000000000000000, -1.000000000000000000 ) ) ;
#5190 = CYLINDRICAL_SURFACE ( 'NONE', #1843, 0.6250000000000005551 ) ;
#5191 = EDGE_CURVE ( 'NONE', #128, #366, #2830, .T. ) ;
#5192 = CARTESIAN_POINT ( 'NONE',  ( -17.50000000000000355, 2.143131898507868643E-15, 5.000000000000000000 ) ) ;
#5193 = EDGE_LOOP ( 'NONE', ( #2418, #1394, #26, #1071 ) ) ;
#5194 = FACE_OUTER_BOUND ( 'NONE', #5513, .T. ) ;
#5195 = VECTOR ( 'NONE', #5079, 1000.000000000000000 ) ;
#5196 = CARTESIAN_POINT ( 'NONE',  ( -4.518140275344411982, -19.46445722231696607, 10.00000000000000000 ) ) ;
#5197 = EDGE_CURVE ( 'NONE', #4864, #2115, #5644, .T. ) ;
#5198 = CARTESIAN_POINT ( 'NONE',  ( -22.85164199041749455, -7.335015906035110334, -10.00000000000000000 ) ) ;
#5199 = ORIENTED_EDGE ( 'NONE', *, *, #810, .T. ) ;
#5200 = CIRCLE ( 'NONE', #359, 24.00000000000000355 ) ;
#5201 = CARTESIAN_POINT ( 'NONE',  ( -4.967057427318659180, 18.86477411380786151, 10.00000000000000000 ) ) ;
#5202 = ORIENTED_EDGE ( 'NONE', *, *, #3123, .F. ) ;
#5203 = EDGE_CURVE ( 'NONE', #4719, #3990, #4212, .T. ) ;
#5204 = CARTESIAN_POINT ( 'NONE',  ( -17.84384848860648276, -9.438943887796286347, 10.00000000000000000 ) ) ;
#5205 = VERTEX_POINT ( 'NONE', #3816 ) ;
#5206 = LINE ( 'NONE', #1135, #3783 ) ;
#5207 = LINE ( 'NONE', #2848, #3252 ) ;
#5208 = EDGE_LOOP ( 'NONE', ( #5, #1101, #1019, #3940 ) ) ;
#5209 = AXIS2_PLACEMENT_3D ( 'NONE', #3909, #3343, #1095 ) ;
#5210 = CIRCLE ( 'NONE', #2163, 24.00000000000000355 ) ;
#5211 = LINE ( 'NONE', #693, #5841 ) ;
#5212 = ORIENTED_EDGE ( 'NONE', *, *, #1891, .T. ) ;
#5213 = DIRECTION ( 'NONE',  ( 1.000000000000000000, 0.000000000000000000, 0.000000000000000000 ) ) ;
#5214 = VECTOR ( 'NONE', #3703, 1000.000000000000000 ) ;
#5215 = CIRCLE ( 'NONE', #2071, 4.499999999999999112 ) ;
#5216 = DIRECTION ( 'NONE',  ( 0.000000000000000000, -0.000000000000000000, 1.000000000000000000 ) ) ;
#5217 = CYLINDRICAL_SURFACE ( 'NONE', #1803, 24.00000000000000355 ) ;
#5218 = DIRECTION ( 'NONE',  ( -0.000000000000000000, -0.000000000000000000, -1.000000000000000000 ) ) ;
#5219 = CARTESIAN_POINT ( 'NONE',  ( 4.008228286185527622, 23.66292682670135150, -10.00000000000000000 ) ) ;
#5220 = DIRECTION ( 'NONE',  ( 1.000000000000000000, 0.000000000000000000, 0.000000000000000000 ) ) ;
#5221 = EDGE_LOOP ( 'NONE', ( #5582, #3290, #2159, #749 ) ) ;
#5222 = DIRECTION ( 'NONE',  ( -0.8412535328311857574, 0.5406408174555905610, 0.000000000000000000 ) ) ;
#5223 = CIRCLE ( 'NONE', #2653, 4.499999999999999112 ) ;
#5224 = PRODUCT_DEFINITION ( 'UNKNOWN', '', #1586, #4894 ) ;
#5225 = CARTESIAN_POINT ( 'NONE',  ( 0.2938047327523353180, 21.12263990084027299, -10.00000000000000000 ) ) ;
#5226 = DIRECTION ( 'NONE',  ( 0.000000000000000000, 0.000000000000000000, -1.000000000000000000 ) ) ;
#5227 = ORIENTED_EDGE ( 'NONE', *, *, #5090, .F. ) ;
#5228 = CIRCLE ( 'NONE', #3987, 4.499999999999999112 ) ;
#5229 = FACE_OUTER_BOUND ( 'NONE', #38, .T. ) ;
#5230 = EDGE_LOOP ( 'NONE', ( #2047, #2534, #3294, #143 ) ) ;
#5231 = CIRCLE ( 'NONE', #3131, 4.499999999999998224 ) ;
#5232 = DIRECTION ( 'NONE',  ( 0.000000000000000000, 0.000000000000000000, 1.000000000000000000 ) ) ;
#5233 = ORIENTED_EDGE ( 'NONE', *, *, #4047, .F. ) ;
#5234 = AXIS2_PLACEMENT_3D ( 'NONE', #741, #3430, #5763 ) ;
#5235 = ADVANCED_FACE ( 'NONE', ( #4209 ), #4712, .T. ) ;
#5236 = CARTESIAN_POINT ( 'NONE',  ( 0.000000000000000000, 0.000000000000000000, 10.00000000000000000 ) ) ;
#5237 = LINE ( 'NONE', #4519, #2682 ) ;
#5238 = ORIENTED_EDGE ( 'NONE', *, *, #1464, .T. ) ;
#5239 = DIRECTION ( 'NONE',  ( 1.000000000000000000, 0.000000000000000000, 0.000000000000000000 ) ) ;
#5240 = ORIENTED_EDGE ( 'NONE', *, *, #994, .F. ) ;
#5241 = ADVANCED_FACE ( 'NONE', ( #1478 ), #1061, .T. ) ;
#5242 = DIRECTION ( 'NONE',  ( 0.000000000000000000, 0.000000000000000000, 1.000000000000000000 ) ) ;
#5243 = DIRECTION ( 'NONE',  ( 0.000000000000000000, -0.000000000000000000, 1.000000000000000000 ) ) ;
#5244 = EDGE_CURVE ( 'NONE', #3370, #2206, #2412, .T. ) ;
#5245 = ORIENTED_EDGE ( 'NONE', *, *, #5606, .F. ) ;
#5246 = CARTESIAN_POINT ( 'NONE',  ( 9.421207896831736761, 22.07353260728050159, -10.00000000000000000 ) ) ;
#5247 = AXIS2_PLACEMENT_3D ( 'NONE', #5776, #2136, #305 ) ;
#5248 = DIRECTION ( 'NONE',  ( -0.000000000000000000, -0.000000000000000000, 1.000000000000000000 ) ) ;
#5249 = AXIS2_PLACEMENT_3D ( 'NONE', #4998, #483, #3173 ) ;
#5250 = CARTESIAN_POINT ( 'NONE',  ( -16.16508030912754279, 17.73950897289599027, -10.00000000000000000 ) ) ;
#5251 = CIRCLE ( 'NONE', #4872, 17.50000000000000355 ) ;
#5252 = ORIENTED_EDGE ( 'NONE', *, *, #104, .F. ) ;
#5253 = ADVANCED_FACE ( 'NONE', ( #169 ), #5190, .F. ) ;
#5254 = CARTESIAN_POINT ( 'NONE',  ( -4.008228286185704370, -23.66292682670132663, -10.00000000000000000 ) ) ;
#5255 = AXIS2_PLACEMENT_3D ( 'NONE', #4515, #2719, #505 ) ;
#5256 = ORIENTED_EDGE ( 'NONE', *, *, #1395, .F. ) ;
#5257 = CARTESIAN_POINT ( 'NONE',  ( 4.967057427318381180, 18.86477411380793612, -10.00000000000000000 ) ) ;
#5258 = CARTESIAN_POINT ( 'NONE',  ( 11.66692557220095416, 17.61065260841518310, -10.00000000000000000 ) ) ;
#5259 = ORIENTED_EDGE ( 'NONE', *, *, #4991, .T. ) ;
#5260 = VECTOR ( 'NONE', #1560, 1000.000000000000000 ) ;
#5261 = CARTESIAN_POINT ( 'NONE',  ( 10.41857825728094511, -17.22701988006600970, -10.00000000000000000 ) ) ;
#5262 = ORIENTED_EDGE ( 'NONE', *, *, #5098, .F. ) ;
#5263 = LINE ( 'NONE', #3888, #3213 ) ;
#5264 = VERTEX_POINT ( 'NONE', #582 ) ;
#5265 = CYLINDRICAL_SURFACE ( 'NONE', #5406, 0.6250000000000005551 ) ;
#5266 = DIRECTION ( 'NONE',  ( 0.000000000000000000, 1.000000000000000000, 0.000000000000000000 ) ) ;
#5267 = ORIENTED_EDGE ( 'NONE', *, *, #4196, .T. ) ;
#5268 = ORIENTED_EDGE ( 'NONE', *, *, #1180, .F. ) ;
#5269 = CYLINDRICAL_SURFACE ( 'NONE', #2494, 0.6250000000000005551 ) ;
#5270 = VERTEX_POINT ( 'NONE', #5219 ) ;
#5271 = CYLINDRICAL_SURFACE ( 'NONE', #256, 0.6250000000000005551 ) ;
#5272 = DIRECTION ( 'NONE',  ( 0.9594929736144951482, 0.2817325568414370540, 0.000000000000000000 ) ) ;
#5273 = DIRECTION ( 'NONE',  ( -1.000000000000000000, 0.000000000000000000, 0.000000000000000000 ) ) ;
#5274 = ORIENTED_EDGE ( 'NONE', *, *, #5191, .T. ) ;
#5275 = CARTESIAN_POINT ( 'NONE',  ( -20.86582910995582907, 3.296879305597522070, 10.00000000000000000 ) ) ;
#5276 = DIRECTION ( 'NONE',  ( 1.000000000000000000, 0.000000000000000000, 0.000000000000000000 ) ) ;
#5277 = CARTESIAN_POINT ( 'NONE',  ( 19.09177818327993137, -9.041915914339931248, -10.00000000000000000 ) ) ;
#5278 = LINE ( 'NONE', #2593, #4987 ) ;
#5279 = CARTESIAN_POINT ( 'NONE',  ( -20.11427891976023830, 1.706567941630152241, -10.00000000000000000 ) ) ;
#5280 = ADVANCED_FACE ( 'NONE', ( #1532 ), #3340, .F. ) ;
#5281 = EDGE_LOOP ( 'NONE', ( #4069, #559, #5030, #96 ) ) ;
#5282 = LINE ( 'NONE', #5257, #5711 ) ;
#5283 = PLANE ( 'NONE',  #2955 ) ;
#5284 = ORIENTED_EDGE ( 'NONE', *, *, #3536, .F. ) ;
#5285 = CARTESIAN_POINT ( 'NONE',  ( -10.41857825728069642, -17.22701988006615892, -10.00000000000000000 ) ) ;
#5286 = ORIENTED_EDGE ( 'NONE', *, *, #5572, .F. ) ;
#5287 = ADVANCED_FACE ( 'NONE', ( #2887 ), #1118, .F. ) ;
#5288 = AXIS2_PLACEMENT_3D ( 'NONE', #2802, #2889, #3844 ) ;
#5289 = CARTESIAN_POINT ( 'NONE',  ( -10.00000000000000000, 0.000000000000000000, -5.000000000000000000 ) ) ;
#5290 = AXIS2_PLACEMENT_3D ( 'NONE', #136, #577, #4707 ) ;
#5291 = VERTEX_POINT ( 'NONE', #4291 ) ;
#5292 = AXIS2_PLACEMENT_3D ( 'NONE', #3466, #5861, #1778 ) ;
#5293 = DIRECTION ( 'NONE',  ( -0.000000000000000000, -1.000000000000000000, -0.000000000000000000 ) ) ;
#5294 = DIRECTION ( 'NONE',  ( -0.000000000000000000, 0.000000000000000000, 1.000000000000000000 ) ) ;
#5295 = ADVANCED_FACE ( 'NONE', ( #3842 ), #5667, .T. ) ;
#5296 = ORIENTED_EDGE ( 'NONE', *, *, #2401, .F. ) ;
#5297 = EDGE_CURVE ( 'NONE', #3500, #5310, #1649, .T. ) ;
#5298 = ORIENTED_EDGE ( 'NONE', *, *, #3425, .T. ) ;
#5299 = CARTESIAN_POINT ( 'NONE',  ( 0.000000000000000000, 0.000000000000000000, 10.00000000000000000 ) ) ;
#5300 = ORIENTED_EDGE ( 'NONE', *, *, #3454, .F. ) ;
#5301 = DIRECTION ( 'NONE',  ( -0.000000000000000000, -0.000000000000000000, 1.000000000000000000 ) ) ;
#5302 = CARTESIAN_POINT ( 'NONE',  ( 11.88231346068083560, -16.31892206683498614, -10.00000000000000000 ) ) ;
#5303 = DIRECTION ( 'NONE',  ( 0.000000000000000000, 0.000000000000000000, 1.000000000000000000 ) ) ;
#5304 = ORIENTED_EDGE ( 'NONE', *, *, #994, .T. ) ;
#5305 = CARTESIAN_POINT ( 'NONE',  ( 0.000000000000000000, 0.000000000000000000, -10.00000000000000000 ) ) ;
#5306 = CARTESIAN_POINT ( 'NONE',  ( 0.000000000000000000, 0.000000000000000000, 10.00000000000000000 ) ) ;
#5307 = AXIS2_PLACEMENT_3D ( 'NONE', #2180, #1213, #1329 ) ;
#5308 = LINE ( 'NONE', #5369, #1230 ) ;
#5309 = EDGE_CURVE ( 'NONE', #957, #2045, #314, .T. ) ;
#5310 = VERTEX_POINT ( 'NONE', #5723 ) ;
#5311 = CARTESIAN_POINT ( 'NONE',  ( 0.9999999999999997780, 7.433034373659253013, -10.00000000000000000 ) ) ;
#5312 = ORIENTED_EDGE ( 'NONE', *, *, #4512, .T. ) ;
#5313 = DIRECTION ( 'NONE',  ( 0.9096319953545194403, -0.4154150130018841036, 0.000000000000000000 ) ) ;
#5314 = LINE ( 'NONE', #2597, #3053 ) ;
#5315 = ORIENTED_EDGE ( 'NONE', *, *, #4077, .T. ) ;
#5316 = EDGE_CURVE ( 'NONE', #3535, #4803, #4879, .T. ) ;
#5317 = CARTESIAN_POINT ( 'NONE',  ( -9.908122240928811664, -17.58765772523796755, -10.00000000000000000 ) ) ;
#5318 = VERTEX_POINT ( 'NONE', #2970 ) ;
#5319 = AXIS2_PLACEMENT_3D ( 'NONE', #5188, #165, #1178 ) ;
#5320 = EDGE_CURVE ( 'NONE', #4144, #5377, #1276, .T. ) ;
#5321 = DIRECTION ( 'NONE',  ( -0.000000000000000000, -0.000000000000000000, 1.000000000000000000 ) ) ;
#5322 = VECTOR ( 'NONE', #3584, 1000.000000000000000 ) ;
#5323 = ORIENTED_EDGE ( 'NONE', *, *, #2540, .F. ) ;
#5324 = CARTESIAN_POINT ( 'NONE',  ( 11.17259703341957611, 17.92833827019061133, -10.00000000000000000 ) ) ;
#5325 = ORIENTED_EDGE ( 'NONE', *, *, #4483, .F. ) ;
#5326 = AXIS2_PLACEMENT_3D ( 'NONE', #3031, #4889, #312 ) ;
#5327 = EDGE_LOOP ( 'NONE', ( #2137, #1120, #3319, #2595 ) ) ;
#5328 = ORIENTED_EDGE ( 'NONE', *, *, #692, .T. ) ;
#5329 = CARTESIAN_POINT ( 'NONE',  ( -17.96587193962444218, 7.601237221682515255, -10.00000000000000000 ) ) ;
#5330 = ORIENTED_EDGE ( 'NONE', *, *, #331, .F. ) ;
#5331 = LINE ( 'NONE', #1261, #4720 ) ;
#5332 = CARTESIAN_POINT ( 'NONE',  ( -15.09661189330455855, -12.35490474241756687, 10.00000000000000000 ) ) ;
#5333 = DIRECTION ( 'NONE',  ( 0.000000000000000000, 0.000000000000000000, 1.000000000000000000 ) ) ;
#5334 = VERTEX_POINT ( 'NONE', #1705 ) ;
#5335 = DIRECTION ( 'NONE',  ( 1.000000000000000000, 0.000000000000000000, 0.000000000000000000 ) ) ;
#5336 = DIRECTION ( 'NONE',  ( 1.000000000000000000, 0.000000000000000000, -0.000000000000000000 ) ) ;
#5337 = DIRECTION ( 'NONE',  ( -0.000000000000000000, -0.000000000000000000, 1.000000000000000000 ) ) ;
#5338 = LINE ( 'NONE', #1739, #240 ) ;
#5339 = DIRECTION ( 'NONE',  ( 1.000000000000000000, 0.000000000000000000, 0.000000000000000000 ) ) ;
#5340 = ORIENTED_EDGE ( 'NONE', *, *, #1933, .F. ) ;
#5341 = CARTESIAN_POINT ( 'NONE',  ( 16.16692557220133963, -17.61065260841493085, -10.00000000000000000 ) ) ;
#5342 = ADVANCED_FACE ( 'NONE', ( #4387 ), #3032, .T. ) ;
#5343 = DIRECTION ( 'NONE',  ( 0.6548607339452946485, -0.7557495743542500533, 0.000000000000000000 ) ) ;
#5344 = ORIENTED_EDGE ( 'NONE', *, *, #497, .T. ) ;
#5345 = DIRECTION ( 'NONE',  ( -0.8412535328311756544, -0.5406408174556059931, 0.000000000000000000 ) ) ;
#5346 = AXIS2_PLACEMENT_3D ( 'NONE', #2094, #5764, #1274 ) ;
#5347 = EDGE_CURVE ( 'NONE', #4727, #488, #610, .T. ) ;
#5348 = EDGE_LOOP ( 'NONE', ( #4255, #2258, #3819, #5534 ) ) ;
#5349 = AXIS2_PLACEMENT_3D ( 'NONE', #3543, #3452, #4410 ) ;
#5350 = CARTESIAN_POINT ( 'NONE',  ( -10.51248375447645778, 21.57516362190259329, -10.00000000000000000 ) ) ;
#5351 = VECTOR ( 'NONE', #3937, 1000.000000000000000 ) ;
#5352 = ORIENTED_EDGE ( 'NONE', *, *, #1652, .F. ) ;
#5353 = CARTESIAN_POINT ( 'NONE',  ( 0.000000000000000000, 0.000000000000000000, 10.00000000000000000 ) ) ;
#5354 = EDGE_CURVE ( 'NONE', #3747, #726, #1619, .T. ) ;
#5355 = ORIENTED_EDGE ( 'NONE', *, *, #4995, .T. ) ;
#5356 = VECTOR ( 'NONE', #4233, 1000.000000000000000 ) ;
#5357 = EDGE_CURVE ( 'NONE', #5104, #2731, #3926, .T. ) ;
#5358 = ORIENTED_EDGE ( 'NONE', *, *, #3072, .T. ) ;
#5359 = AXIS2_PLACEMENT_3D ( 'NONE', #611, #2826, #2378 ) ;
#5360 = PLANE ( 'NONE',  #3727 ) ;
#5361 = ORIENTED_EDGE ( 'NONE', *, *, #3425, .F. ) ;
#5362 = CARTESIAN_POINT ( 'NONE',  ( -19.84203074598160299, 3.407462799033540435, -10.00000000000000000 ) ) ;
#5363 = ADVANCED_FACE ( 'NONE', ( #853, #5696 ), #2086, .T. ) ;
#5364 = FILL_AREA_STYLE ('',( #2141 ) ) ;
#5365 = DIRECTION ( 'NONE',  ( -0.000000000000000000, -0.000000000000000000, -1.000000000000000000 ) ) ;
#5366 = ORIENTED_EDGE ( 'NONE', *, *, #5486, .F. ) ;
#5367 = LINE ( 'NONE', #1237, #868 ) ;
#5368 = DIRECTION ( 'NONE',  ( 0.000000000000000000, 0.000000000000000000, 1.000000000000000000 ) ) ;
#5369 = CARTESIAN_POINT ( 'NONE',  ( 19.22339234480596915, 3.318516025113019019, 10.00000000000000000 ) ) ;
#5370 = DIRECTION ( 'NONE',  ( -0.000000000000000000, -0.000000000000000000, 1.000000000000000000 ) ) ;
#5371 = CARTESIAN_POINT ( 'NONE',  ( -19.22339234480599401, -3.318516025112876466, -10.00000000000000000 ) ) ;
#5372 = EDGE_CURVE ( 'NONE', #3020, #2511, #2210, .T. ) ;
#5373 = EDGE_LOOP ( 'NONE', ( #2168, #5352, #4940, #3019 ) ) ;
#5374 = CARTESIAN_POINT ( 'NONE',  ( -11.88231346068060112, -16.31892206683515667, -10.00000000000000000 ) ) ;
#5375 = EDGE_CURVE ( 'NONE', #1260, #3903, #137, .T. ) ;
#5376 = LINE ( 'NONE', #1301, #1460 ) ;
#5377 = VERTEX_POINT ( 'NONE', #408 ) ;
#5378 = CARTESIAN_POINT ( 'NONE',  ( -0.5489643442671610085, 19.50000000000000000, -10.00000000000000000 ) ) ;
#5379 = ORIENTED_EDGE ( 'NONE', *, *, #268, .T. ) ;
#5380 = DIRECTION ( 'NONE',  ( -0.000000000000000000, -0.000000000000000000, 1.000000000000000000 ) ) ;
#5381 = EDGE_CURVE ( 'NONE', #4481, #4843, #4415, .T. ) ;
#5382 = LINE ( 'NONE', #5802, #2846 ) ;
#5383 = VERTEX_POINT ( 'NONE', #2590 ) ;
#5384 = ADVANCED_FACE ( 'NONE', ( #5756, #346 ), #1267, .F. ) ;
#5385 = CARTESIAN_POINT ( 'NONE',  ( -15.56895537727596590, -12.76419270113337490, -10.00000000000000000 ) ) ;
#5386 = ORIENTED_EDGE ( 'NONE', *, *, #4936, .T. ) ;
#5387 = ORIENTED_EDGE ( 'NONE', *, *, #5354, .T. ) ;
#5388 = VECTOR ( 'NONE', #1415, 1000.000000000000114 ) ;
#5389 = ORIENTED_EDGE ( 'NONE', *, *, #4696, .T. ) ;
#5390 = AXIS2_PLACEMENT_3D ( 'NONE', #4653, #3426, #2654 ) ;
#5391 = FACE_OUTER_BOUND ( 'NONE', #3943, .T. ) ;
#5392 = EDGE_LOOP ( 'NONE', ( #5240, #3147, #460, #133 ) ) ;
#5393 = ADVANCED_FACE ( 'NONE', ( #4890 ), #2618, .T. ) ;
#5394 = AXIS2_PLACEMENT_3D ( 'NONE', #4021, #2764, #517 ) ;
#5395 = DIRECTION ( 'NONE',  ( 0.9594929736145013655, -0.2817325568414162373, 0.000000000000000000 ) ) ;
#5396 = CARTESIAN_POINT ( 'NONE',  ( -15.09661189330464737, 12.35490474241745851, 10.00000000000000000 ) ) ;
#5397 = VERTEX_POINT ( 'NONE', #5819 ) ;
#5398 = DIRECTION ( 'NONE',  ( 1.000000000000000000, 0.000000000000000000, 0.000000000000000000 ) ) ;
#5399 = CARTESIAN_POINT ( 'NONE',  ( -19.22339234480599401, -3.318516025112876466, -10.00000000000000000 ) ) ;
#5400 = DIRECTION ( 'NONE',  ( -0.000000000000000000, -0.000000000000000000, 1.000000000000000000 ) ) ;
#5401 = PLANE ( 'NONE',  #3363 ) ;
#5402 = CARTESIAN_POINT ( 'NONE',  ( -4.518140275344411982, -19.46445722231696607, -10.00000000000000000 ) ) ;
#5403 = ORIENTED_EDGE ( 'NONE', *, *, #22, .F. ) ;
#5404 = CARTESIAN_POINT ( 'NONE',  ( -19.99828228972594246, -2.320709441466197287, 10.00000000000000000 ) ) ;
#5405 = CIRCLE ( 'NONE', #561, 4.499999999999998224 ) ;
#5406 = AXIS2_PLACEMENT_3D ( 'NONE', #2458, #4279, #2543 ) ;
#5407 = DIRECTION ( 'NONE',  ( -0.9594929736144991450, 0.2817325568414240644, 0.000000000000000000 ) ) ;
#5408 = ORIENTED_EDGE ( 'NONE', *, *, #851, .T. ) ;
#5409 = DIRECTION ( 'NONE',  ( 0.000000000000000000, 0.000000000000000000, -1.000000000000000000 ) ) ;
#5410 = ORIENTED_EDGE ( 'NONE', *, *, #3790, .F. ) ;
#5411 = CARTESIAN_POINT ( 'NONE',  ( -11.66692557220108739, -17.61065260841510138, 10.00000000000000000 ) ) ;
#5412 = EDGE_CURVE ( 'NONE', #2285, #5480, #4501, .T. ) ;
#5413 = AXIS2_PLACEMENT_3D ( 'NONE', #917, #3251, #3218 ) ;
#5414 = VECTOR ( 'NONE', #2069, 1000.000000000000000 ) ;
#5415 = LINE ( 'NONE', #1482, #2759 ) ;
#5416 = ORIENTED_EDGE ( 'NONE', *, *, #3935, .T. ) ;
#5417 = CARTESIAN_POINT ( 'NONE',  ( -6.020512289497122360, 18.55545185715752865, -10.00000000000000000 ) ) ;
#5418 = ORIENTED_EDGE ( 'NONE', *, *, #2129, .T. ) ;
#5419 = VECTOR ( 'NONE', #888, 1000.000000000000000 ) ;
#5420 = EDGE_LOOP ( 'NONE', ( #5505, #1654, #5113, #2900 ) ) ;
#5421 = ORIENTED_EDGE ( 'NONE', *, *, #2021, .T. ) ;
#5422 = ORIENTED_EDGE ( 'NONE', *, *, #3669, .T. ) ;
#5423 = EDGE_CURVE ( 'NONE', #5270, #3688, #5166, .T. ) ;
#5424 = AXIS2_PLACEMENT_3D ( 'NONE', #4506, #47, #1797 ) ;
#5425 = CARTESIAN_POINT ( 'NONE',  ( 0.000000000000000000, 0.000000000000000000, 10.00000000000000000 ) ) ;
#5426 = CYLINDRICAL_SURFACE ( 'NONE', #2373, 0.6250000000000005551 ) ;
#5427 = VERTEX_POINT ( 'NONE', #2742 ) ;
#5428 = EDGE_CURVE ( 'NONE', #5566, #4398, #551, .T. ) ;
#5429 = AXIS2_PLACEMENT_3D ( 'NONE', #1339, #1810, #4137 ) ;
#5430 = DIRECTION ( 'NONE',  ( 0.000000000000000000, 0.000000000000000000, -1.000000000000000000 ) ) ;
#5431 = FACE_OUTER_BOUND ( 'NONE', #2477, .T. ) ;
#5432 = DIRECTION ( 'NONE',  ( -0.000000000000000000, -0.000000000000000000, 1.000000000000000000 ) ) ;
#5433 = VECTOR ( 'NONE', #1245, 1000.000000000000000 ) ;
#5434 = EDGE_CURVE ( 'NONE', #1255, #1286, #3577, .T. ) ;
#5435 = CARTESIAN_POINT ( 'NONE',  ( -22.85164199041754785, 7.335015906034945132, -10.00000000000000000 ) ) ;
#5436 = CIRCLE ( 'NONE', #1170, 0.6250000000000002220 ) ;
#5437 = DIRECTION ( 'NONE',  ( 1.000000000000000000, 0.000000000000000000, 0.000000000000000000 ) ) ;
#5438 = DIRECTION ( 'NONE',  ( 0.8412535328311804284, 0.5406408174555987767, 0.000000000000000000 ) ) ;
#5439 = DIRECTION ( 'NONE',  ( -0.000000000000000000, -0.000000000000000000, 1.000000000000000000 ) ) ;
#5440 = VERTEX_POINT ( 'NONE', #3216 ) ;
#5441 = LINE ( 'NONE', #4070, #3955 ) ;
#5442 = EDGE_CURVE ( 'NONE', #5846, #3836, #3700, .T. ) ;
#5443 = ORIENTED_EDGE ( 'NONE', *, *, #5510, .T. ) ;
#5444 = CYLINDRICAL_SURFACE ( 'NONE', #5830, 4.500000000000000888 ) ;
#5445 = DIRECTION ( 'NONE',  ( 0.000000000000000000, 0.000000000000000000, 1.000000000000000000 ) ) ;
#5446 = VERTEX_POINT ( 'NONE', #2239 ) ;
#5447 = AXIS2_PLACEMENT_3D ( 'NONE', #5299, #1231, #1698 ) ;
#5448 = LINE ( 'NONE', #5535, #1533 ) ;
#5449 = AXIS2_PLACEMENT_3D ( 'NONE', #32, #511, #1017 ) ;
#5450 = ORIENTED_EDGE ( 'NONE', *, *, #590, .F. ) ;
#5451 = VECTOR ( 'NONE', #4789, 1000.000000000000000 ) ;
#5452 = CIRCLE ( 'NONE', #1735, 0.6250000000000002220 ) ;
#5453 = ORIENTED_EDGE ( 'NONE', *, *, #4740, .T. ) ;
#5454 = EDGE_LOOP ( 'NONE', ( #2662, #2769, #3112, #2705 ) ) ;
#5455 = ORIENTED_EDGE ( 'NONE', *, *, #5725, .T. ) ;
#5456 =( LENGTH_UNIT ( ) NAMED_UNIT ( * ) SI_UNIT ( .MILLI., .METRE. ) );
#5457 = AXIS2_PLACEMENT_3D ( 'NONE', #4324, #2002, #3311 ) ;
#5458 = EDGE_CURVE ( 'NONE', #2165, #3323, #4600, .T. ) ;
#5459 = CARTESIAN_POINT ( 'NONE',  ( 10.73283892319553701, -20.18425021047489665, -10.00000000000000000 ) ) ;
#5460 = CIRCLE ( 'NONE', #1845, 4.499999999999998224 ) ;
#5461 = PLANE ( 'NONE',  #5157 ) ;
#5462 = ORIENTED_EDGE ( 'NONE', *, *, #1088, .F. ) ;
#5463 = DIRECTION ( 'NONE',  ( -1.000000000000000000, 0.000000000000000000, 0.000000000000000000 ) ) ;
#5464 = DIRECTION ( 'NONE',  ( 1.000000000000000000, 0.000000000000000000, 0.000000000000000000 ) ) ;
#5465 = DIRECTION ( 'NONE',  ( 0.000000000000000000, -0.000000000000000000, 1.000000000000000000 ) ) ;
#5466 = CARTESIAN_POINT ( 'NONE',  ( -17.50977587920175083, -8.599948285391088021, 10.00000000000000000 ) ) ;
#5467 = DIRECTION ( 'NONE',  ( 1.000000000000000000, 0.000000000000000000, 0.000000000000000000 ) ) ;
#5468 = DIRECTION ( 'NONE',  ( 0.000000000000000000, 0.000000000000000000, -1.000000000000000000 ) ) ;
#5469 = CIRCLE ( 'NONE', #3838, 4.499999999999998224 ) ;
#5470 = VECTOR ( 'NONE', #2235, 1000.000000000000000 ) ;
#5471 = CARTESIAN_POINT ( 'NONE',  ( 0.9999999999999997780, 7.433034373659253013, 10.00000000000000000 ) ) ;
#5472 = ORIENTED_EDGE ( 'NONE', *, *, #724, .F. ) ;
#5473 = CARTESIAN_POINT ( 'NONE',  ( -6.232838923195249237, -20.18425021047498547, -10.00000000000000000 ) ) ;
#5474 = VERTEX_POINT ( 'NONE', #4507 ) ;
#5475 = DIRECTION ( 'NONE',  ( -0.000000000000000000, 0.000000000000000000, 1.000000000000000000 ) ) ;
#5476 = CARTESIAN_POINT ( 'NONE',  ( -11.00431413439727812, 16.10765135836944850, 10.00000000000000000 ) ) ;
#5477 = EDGE_CURVE ( 'NONE', #2319, #565, #1928, .T. ) ;
#5478 = EDGE_LOOP ( 'NONE', ( #5379, #1463, #198, #2038 ) ) ;
#5479 = DIRECTION ( 'NONE',  ( 1.000000000000000000, 0.000000000000000000, 0.000000000000000000 ) ) ;
#5480 = VERTEX_POINT ( 'NONE', #1827 ) ;
#5481 = EDGE_LOOP ( 'NONE', ( #4051, #3697, #755, #3506 ) ) ;
#5482 = ORIENTED_EDGE ( 'NONE', *, *, #90, .T. ) ;
#5483 = ORIENTED_EDGE ( 'NONE', *, *, #1030, .F. ) ;
#5484 = DIRECTION ( 'NONE',  ( 0.000000000000000000, -0.000000000000000000, 1.000000000000000000 ) ) ;
#5485 = DIRECTION ( 'NONE',  ( -0.000000000000000000, -0.000000000000000000, 1.000000000000000000 ) ) ;
#5486 = EDGE_CURVE ( 'NONE', #3450, #3830, #5852, .T. ) ;
#5487 = ORIENTED_EDGE ( 'NONE', *, *, #2369, .F. ) ;
#5488 = CYLINDRICAL_SURFACE ( 'NONE', #675, 4.500000000000000888 ) ;
#5489 = CARTESIAN_POINT ( 'NONE',  ( 17.96587193962449902, -7.601237221682385581, 10.00000000000000000 ) ) ;
#5490 = CIRCLE ( 'NONE', #1874, 0.6250000000000000000 ) ;
#5491 = VECTOR ( 'NONE', #4395, 1000.000000000000000 ) ;
#5492 = DIRECTION ( 'NONE',  ( 1.000000000000000000, 0.000000000000000000, 0.000000000000000000 ) ) ;
#5493 = FACE_OUTER_BOUND ( 'NONE', #2758, .T. ) ;
#5494 = CYLINDRICAL_SURFACE ( 'NONE', #4565, 0.6250000000000005551 ) ;
#5495 = LINE ( 'NONE', #920, #3732 ) ;
#5496 = ADVANCED_FACE ( 'NONE', ( #4095 ), #2684, .T. ) ;
#5497 = DIRECTION ( 'NONE',  ( 0.1423148382732963013, -0.9898214418809311299, 0.000000000000000000 ) ) ;
#5498 = ORIENTED_EDGE ( 'NONE', *, *, #5044, .F. ) ;
#5499 = FACE_OUTER_BOUND ( 'NONE', #4787, .T. ) ;
#5500 = AXIS2_PLACEMENT_3D ( 'NONE', #1706, #5337, #347 ) ;
#5501 = CARTESIAN_POINT ( 'NONE',  ( 20.94945465600702406, 2.715250857188489242, 10.00000000000000000 ) ) ;
#5502 = ADVANCED_FACE ( 'NONE', ( #5431 ), #4534, .F. ) ;
#5503 = EDGE_CURVE ( 'NONE', #1711, #5152, #42, .T. ) ;
#5504 = LINE ( 'NONE', #4911, #3248 ) ;
#5505 = ORIENTED_EDGE ( 'NONE', *, *, #251, .F. ) ;
#5506 = CYLINDRICAL_SURFACE ( 'NONE', #2470, 4.499999999999999112 ) ;
#5507 = AXIS2_PLACEMENT_3D ( 'NONE', #2474, #4355, #5699 ) ;
#5508 = AXIS2_PLACEMENT_3D ( 'NONE', #4220, #1631, #3440 ) ;
#5509 = ORIENTED_EDGE ( 'NONE', *, *, #3009, .T. ) ;
#5510 = EDGE_CURVE ( 'NONE', #5714, #538, #5837, .T. ) ;
#5511 = ORIENTED_EDGE ( 'NONE', *, *, #1879, .F. ) ;
#5512 = ORIENTED_EDGE ( 'NONE', *, *, #1416, .T. ) ;
#5513 = EDGE_LOOP ( 'NONE', ( #3169, #2490, #267, #1206 ) ) ;
#5514 = DIRECTION ( 'NONE',  ( 0.000000000000000000, 0.000000000000000000, 1.000000000000000000 ) ) ;
#5515 = CYLINDRICAL_SURFACE ( 'NONE', #2851, 4.499999999999999112 ) ;
#5516 = VECTOR ( 'NONE', #2524, 1000.000000000000000 ) ;
#5517 = VERTEX_POINT ( 'NONE', #1445 ) ;
#5518 = CYLINDRICAL_SURFACE ( 'NONE', #1636, 24.00000000000000355 ) ;
#5519 = AXIS2_PLACEMENT_3D ( 'NONE', #801, #2596, #4421 ) ;
#5520 = LINE ( 'NONE', #5010, #934 ) ;
#5521 = CARTESIAN_POINT ( 'NONE',  ( -15.56895537727606005, 12.76419270113326121, -10.00000000000000000 ) ) ;
#5522 = CARTESIAN_POINT ( 'NONE',  ( 20.86582910995585038, -3.296879305597371967, -10.00000000000000000 ) ) ;
#5523 = AXIS2_PLACEMENT_3D ( 'NONE', #662, #5570, #3753 ) ;
#5524 = DIRECTION ( 'NONE',  ( 0.000000000000000000, 0.000000000000000000, 1.000000000000000000 ) ) ;
#5525 = DIRECTION ( 'NONE',  ( 1.000000000000000000, 0.000000000000000000, 0.000000000000000000 ) ) ;
#5526 = AXIS2_PLACEMENT_3D ( 'NONE', #3793, #5615, #5584 ) ;
#5527 = DIRECTION ( 'NONE',  ( 1.000000000000000000, 0.000000000000000000, 0.000000000000000000 ) ) ;
#5528 = ORIENTED_EDGE ( 'NONE', *, *, #549, .F. ) ;
#5529 = DIRECTION ( 'NONE',  ( 1.000000000000000000, 0.000000000000000000, 0.000000000000000000 ) ) ;
#5530 = EDGE_CURVE ( 'NONE', #964, #1346, #701, .T. ) ;
#5531 = AXIS2_PLACEMENT_3D ( 'NONE', #4783, #2897, #2840 ) ;
#5532 = DIRECTION ( 'NONE',  ( 0.000000000000000000, 0.000000000000000000, 1.000000000000000000 ) ) ;
#5533 = CARTESIAN_POINT ( 'NONE',  ( -14.22496499048289031, 13.59395184016440616, -10.00000000000000000 ) ) ;
#5534 = ORIENTED_EDGE ( 'NONE', *, *, #5737, .T. ) ;
#5535 = CARTESIAN_POINT ( 'NONE',  ( -15.09661189330464737, 12.35490474241745851, -10.00000000000000000 ) ) ;
#5536 = ORIENTED_EDGE ( 'NONE', *, *, #4885, .F. ) ;
#5537 = ORIENTED_EDGE ( 'NONE', *, *, #2760, .T. ) ;
#5538 = AXIS2_PLACEMENT_3D ( 'NONE', #5715, #1638, #5239 ) ;
#5539 = VECTOR ( 'NONE', #5485, 1000.000000000000000 ) ;
#5540 = ORIENTED_EDGE ( 'NONE', *, *, #4345, .F. ) ;
#5541 = AXIS2_PLACEMENT_3D ( 'NONE', #2449, #1123, #5226 ) ;
#5542 = CARTESIAN_POINT ( 'NONE',  ( -0.5489643442671608975, 20.12500000000000000, 10.00000000000000000 ) ) ;
#5543 = ADVANCED_FACE ( 'NONE', ( #4980 ), #913, .F. ) ;
#5544 = AXIS2_PLACEMENT_3D ( 'NONE', #789, #2585, #5272 ) ;
#5545 = ORIENTED_EDGE ( 'NONE', *, *, #1349, .T. ) ;
#5546 = LINE ( 'NONE', #4673, #397 ) ;
#5547 = CARTESIAN_POINT ( 'NONE',  ( 19.22339234480604375, -3.318516025112599799, -10.00000000000000000 ) ) ;
#5548 = EDGE_CURVE ( 'NONE', #4803, #2075, #459, .T. ) ;
#5549 = DIRECTION ( 'NONE',  ( 0.000000000000000000, 0.000000000000000000, 1.000000000000000000 ) ) ;
#5550 = DIRECTION ( 'NONE',  ( 0.000000000000000000, -0.000000000000000000, 1.000000000000000000 ) ) ;
#5551 = CARTESIAN_POINT ( 'NONE',  ( 14.46178945166784047, 14.08379339726834800, 10.00000000000000000 ) ) ;
#5552 = DIRECTION ( 'NONE',  ( -0.000000000000000000, -0.000000000000000000, 1.000000000000000000 ) ) ;
#5553 = FACE_OUTER_BOUND ( 'NONE', #3408, .T. ) ;
#5554 = EDGE_CURVE ( 'NONE', #3688, #5397, #5520, .T. ) ;
#5555 = ORIENTED_EDGE ( 'NONE', *, *, #2175, .F. ) ;
#5556 = CARTESIAN_POINT ( 'NONE',  ( -19.85947713967975758, -13.47594774917657823, -10.00000000000000000 ) ) ;
#5557 = EDGE_CURVE ( 'NONE', #1905, #4614, #3197, .T. ) ;
#5558 = DIRECTION ( 'NONE',  ( 0.9594929736145013655, -0.2817325568414162373, 0.000000000000000000 ) ) ;
#5559 = CARTESIAN_POINT ( 'NONE',  ( 4.008228286186045430, -23.66292682670126268, -10.00000000000000000 ) ) ;
#5560 = ORIENTED_EDGE ( 'NONE', *, *, #2473, .T. ) ;
#5561 = DIRECTION ( 'NONE',  ( 1.000000000000000000, 0.000000000000000000, 0.000000000000000000 ) ) ;
#5562 = ORIENTED_EDGE ( 'NONE', *, *, #1991, .T. ) ;
#5563 = EDGE_CURVE ( 'NONE', #4081, #655, #3667, .T. ) ;
#5564 = ORIENTED_EDGE ( 'NONE', *, *, #635, .T. ) ;
#5565 = ADVANCED_FACE ( 'NONE', ( #525 ), #106, .F. ) ;
#5566 = VERTEX_POINT ( 'NONE', #3302 ) ;
#5567 = FACE_OUTER_BOUND ( 'NONE', #4048, .T. ) ;
#5568 = CARTESIAN_POINT ( 'NONE',  ( 11.00431413439739181, -16.10765135836937034, -10.00000000000000000 ) ) ;
#5569 = ORIENTED_EDGE ( 'NONE', *, *, #724, .T. ) ;
#5570 = DIRECTION ( 'NONE',  ( 0.000000000000000000, 0.000000000000000000, 1.000000000000000000 ) ) ;
#5571 = VERTEX_POINT ( 'NONE', #5547 ) ;
#5572 = EDGE_CURVE ( 'NONE', #5517, #3052, #3768, .T. ) ;
#5573 = CARTESIAN_POINT ( 'NONE',  ( -16.16508030912754279, 17.73950897289599027, 10.00000000000000000 ) ) ;
#5574 = CARTESIAN_POINT ( 'NONE',  ( 16.15582729722542510, -13.61034466660498943, -10.00000000000000000 ) ) ;
#5575 = CIRCLE ( 'NONE', #2813, 24.00000000000000355 ) ;
#5576 = LINE ( 'NONE', #638, #866 ) ;
#5577 = EDGE_CURVE ( 'NONE', #3545, #4544, #4286, .T. ) ;
#5578 = CARTESIAN_POINT ( 'NONE',  ( 14.46178945166784047, 14.08379339726834800, -10.00000000000000000 ) ) ;
#5579 = DIRECTION ( 'NONE',  ( 0.000000000000000000, -0.000000000000000000, 1.000000000000000000 ) ) ;
#5580 = CIRCLE ( 'NONE', #1963, 24.00000000000000355 ) ;
#5581 = CARTESIAN_POINT ( 'NONE',  ( 0.000000000000000000, 0.000000000000000000, 10.00000000000000000 ) ) ;
#5582 = ORIENTED_EDGE ( 'NONE', *, *, #4995, .F. ) ;
#5583 = CARTESIAN_POINT ( 'NONE',  ( 19.99828228972597799, -2.320709441465910405, -10.00000000000000000 ) ) ;
#5584 = DIRECTION ( 'NONE',  ( -0.9594929736144957033, -0.2817325568414354442, 0.000000000000000000 ) ) ;
#5585 = CYLINDRICAL_SURFACE ( 'NONE', #131, 4.499999999999999112 ) ;
#5586 = ORIENTED_EDGE ( 'NONE', *, *, #2996, .F. ) ;
#5587 = CARTESIAN_POINT ( 'NONE',  ( 0.000000000000000000, 0.000000000000000000, -10.00000000000000000 ) ) ;
#5588 = VERTEX_POINT ( 'NONE', #634 ) ;
#5589 = ORIENTED_EDGE ( 'NONE', *, *, #3847, .T. ) ;
#5590 = FACE_OUTER_BOUND ( 'NONE', #1543, .T. ) ;
#5591 = ORIENTED_EDGE ( 'NONE', *, *, #781, .F. ) ;
#5592 = AXIS2_PLACEMENT_3D ( 'NONE', #4296, #2007, #618 ) ;
#5593 = CIRCLE ( 'NONE', #475, 4.500000000000000000 ) ;
#5594 = DIRECTION ( 'NONE',  ( 1.000000000000000000, 0.000000000000000000, 0.000000000000000000 ) ) ;
#5595 = LINE ( 'NONE', #1523, #1457 ) ;
#5596 = AXIS2_PLACEMENT_3D ( 'NONE', #3968, #1740, #2121 ) ;
#5597 = ORIENTED_EDGE ( 'NONE', *, *, #5814, .F. ) ;
#5598 = EDGE_CURVE ( 'NONE', #2404, #5731, #4243, .T. ) ;
#5599 = CARTESIAN_POINT ( 'NONE',  ( 0.2938047327523353180, 21.12263990084027299, 10.00000000000000000 ) ) ;
#5600 = VERTEX_POINT ( 'NONE', #2437 ) ;
#5601 = DIRECTION ( 'NONE',  ( 0.000000000000000000, -0.000000000000000000, 1.000000000000000000 ) ) ;
#5602 = CIRCLE ( 'NONE', #3316, 0.6249999999999995559 ) ;
#5603 = CARTESIAN_POINT ( 'NONE',  ( 0.000000000000000000, 0.000000000000000000, -10.00000000000000000 ) ) ;
#5604 = EDGE_CURVE ( 'NONE', #4765, #5834, #3279, .T. ) ;
#5605 = DIRECTION ( 'NONE',  ( 0.000000000000000000, 0.000000000000000000, 1.000000000000000000 ) ) ;
#5606 = EDGE_CURVE ( 'NONE', #5682, #1042, #1528, .T. ) ;
#5607 = CIRCLE ( 'NONE', #2752, 0.6250000000000000000 ) ;
#5608 = CARTESIAN_POINT ( 'NONE',  ( -11.66692557220121351, 17.61065260841501612, -10.00000000000000000 ) ) ;
#5609 = DIRECTION ( 'NONE',  ( 1.000000000000000000, 0.000000000000000000, 0.000000000000000000 ) ) ;
#5610 = EDGE_CURVE ( 'NONE', #4305, #1714, #2049, .T. ) ;
#5611 = CARTESIAN_POINT ( 'NONE',  ( -6.020512289497122360, 18.55545185715752865, 10.00000000000000000 ) ) ;
#5612 = CIRCLE ( 'NONE', #5705, 0.6250000000000002220 ) ;
#5613 = ORIENTED_EDGE ( 'NONE', *, *, #5604, .F. ) ;
#5614 = CYLINDRICAL_SURFACE ( 'NONE', #4169, 0.6250000000000005551 ) ;
#5615 = DIRECTION ( 'NONE',  ( 0.000000000000000000, 0.000000000000000000, 1.000000000000000000 ) ) ;
#5616 = VECTOR ( 'NONE', #837, 1000.000000000000000 ) ;
#5617 = DIRECTION ( 'NONE',  ( -0.000000000000000000, -0.000000000000000000, 1.000000000000000000 ) ) ;
#5618 = EDGE_LOOP ( 'NONE', ( #1571, #4083, #2753, #5868 ) ) ;
#5619 = EDGE_CURVE ( 'NONE', #2237, #5080, #5155, .T. ) ;
#5620 = CYLINDRICAL_SURFACE ( 'NONE', #502, 0.6250000000000005551 ) ;
#5621 = ORIENTED_EDGE ( 'NONE', *, *, #1838, .T. ) ;
#5622 = AXIS2_PLACEMENT_3D ( 'NONE', #5026, #62, #1461 ) ;
#5623 = FACE_OUTER_BOUND ( 'NONE', #1293, .T. ) ;
#5624 = VERTEX_POINT ( 'NONE', #2376 ) ;
#5625 = DIRECTION ( 'NONE',  ( -0.000000000000000000, -0.000000000000000000, 1.000000000000000000 ) ) ;
#5626 = CARTESIAN_POINT ( 'NONE',  ( 6.232838923195098246, 20.18425021047503520, -10.00000000000000000 ) ) ;
#5627 = AXIS2_PLACEMENT_3D ( 'NONE', #3413, #4315, #367 ) ;
#5628 = ORIENTED_EDGE ( 'NONE', *, *, #802, .F. ) ;
#5629 = EDGE_CURVE ( 'NONE', #1103, #2095, #5200, .T. ) ;
#5630 = DIRECTION ( 'NONE',  ( 0.9594929736145013655, -0.2817325568414162373, 0.000000000000000000 ) ) ;
#5631 = ORIENTED_EDGE ( 'NONE', *, *, #549, .T. ) ;
#5632 = LINE ( 'NONE', #1555, #1582 ) ;
#5633 = EDGE_CURVE ( 'NONE', #489, #933, #2407, .T. ) ;
#5634 = CIRCLE ( 'NONE', #3157, 0.6249999999999993339 ) ;
#5635 = FACE_OUTER_BOUND ( 'NONE', #5281, .T. ) ;
#5636 = EDGE_CURVE ( 'NONE', #2545, #1016, #2152, .T. ) ;
#5637 = CARTESIAN_POINT ( 'NONE',  ( 0.000000000000000000, 0.000000000000000000, -10.00000000000000000 ) ) ;
#5638 = AXIS2_PLACEMENT_3D ( 'NONE', #605, #186, #3723 ) ;
#5639 = AXIS2_PLACEMENT_3D ( 'NONE', #673, #1149, #1588 ) ;
#5640 = CARTESIAN_POINT ( 'NONE',  ( 0.000000000000000000, 0.000000000000000000, 10.00000000000000000 ) ) ;
#5641 = DIRECTION ( 'NONE',  ( -0.000000000000000000, 0.000000000000000000, 1.000000000000000000 ) ) ;
#5642 = CARTESIAN_POINT ( 'NONE',  ( 18.53439193672090468, 7.860871604808963298, -10.00000000000000000 ) ) ;
#5643 = VERTEX_POINT ( 'NONE', #2347 ) ;
#5644 = CIRCLE ( 'NONE', #4782, 4.499999999999999112 ) ;
#5645 = CARTESIAN_POINT ( 'NONE',  ( 0.000000000000000000, 0.000000000000000000, 10.00000000000000000 ) ) ;
#5646 = AXIS2_PLACEMENT_3D ( 'NONE', #1583, #668, #4738 ) ;
#5647 = CARTESIAN_POINT ( 'NONE',  ( -19.78030504245122856, -4.029407280095844257, -10.00000000000000000 ) ) ;
#5648 = DIRECTION ( 'NONE',  ( 0.000000000000000000, 0.000000000000000000, -1.000000000000000000 ) ) ;
#5649 = ORIENTED_EDGE ( 'NONE', *, *, #3039, .F. ) ;
#5650 = CARTESIAN_POINT ( 'NONE',  ( 15.09661189330473441, -12.35490474241735015, 10.00000000000000000 ) ) ;
#5651 = ORIENTED_EDGE ( 'NONE', *, *, #5434, .F. ) ;
#5652 = EDGE_CURVE ( 'NONE', #2732, #5003, #3578, .T. ) ;
#5653 = DIRECTION ( 'NONE',  ( -0.000000000000000000, -0.000000000000000000, 1.000000000000000000 ) ) ;
#5654 = ORIENTED_EDGE ( 'NONE', *, *, #166, .T. ) ;
#5655 = AXIS2_PLACEMENT_3D ( 'NONE', #3967, #1676, #4476 ) ;
#5656 = AXIS2_PLACEMENT_3D ( 'NONE', #4052, #67, #5878 ) ;
#5657 = DIRECTION ( 'NONE',  ( 0.000000000000000000, 0.000000000000000000, 1.000000000000000000 ) ) ;
#5658 = CARTESIAN_POINT ( 'NONE',  ( -2.820749999999999424, 23.83366042884517100, -10.00000000000000000 ) ) ;
#5659 = VERTEX_POINT ( 'NONE', #5573 ) ;
#5660 = DIRECTION ( 'NONE',  ( 0.000000000000000000, -0.000000000000000000, 1.000000000000000000 ) ) ;
#5661 = EDGE_LOOP ( 'NONE', ( #4227, #5765, #768, #1434 ) ) ;
#5662 = DIRECTION ( 'NONE',  ( 0.000000000000000000, 0.000000000000000000, 1.000000000000000000 ) ) ;
#5663 = EDGE_CURVE ( 'NONE', #368, #3500, #4437, .T. ) ;
#5664 = DIRECTION ( 'NONE',  ( -0.000000000000000000, -0.000000000000000000, 1.000000000000000000 ) ) ;
#5665 = FACE_OUTER_BOUND ( 'NONE', #462, .T. ) ;
#5666 = DIRECTION ( 'NONE',  ( 0.000000000000000000, 0.000000000000000000, 1.000000000000000000 ) ) ;
#5667 = CYLINDRICAL_SURFACE ( 'NONE', #518, 24.00000000000000355 ) ;
#5668 = DIRECTION ( 'NONE',  ( -0.000000000000000000, 0.000000000000000000, 1.000000000000000000 ) ) ;
#5669 = ORIENTED_EDGE ( 'NONE', *, *, #3459, .F. ) ;
#5670 = DIRECTION ( 'NONE',  ( -0.000000000000000000, 0.000000000000000000, -1.000000000000000000 ) ) ;
#5671 = AXIS2_PLACEMENT_3D ( 'NONE', #2270, #48, #1858 ) ;
#5672 = AXIS2_PLACEMENT_3D ( 'NONE', #4325, #615, #2413 ) ;
#5673 = FACE_OUTER_BOUND ( 'NONE', #4313, .T. ) ;
#5674 = ADVANCED_FACE ( 'NONE', ( #2465 ), #1028, .F. ) ;
#5675 = FACE_OUTER_BOUND ( 'NONE', #2616, .T. ) ;
#5676 = ORIENTED_EDGE ( 'NONE', *, *, #1665, .F. ) ;
#5677 =( GEOMETRIC_REPRESENTATION_CONTEXT ( 3 ) GLOBAL_UNCERTAINTY_ASSIGNED_CONTEXT ( ( #5792 ) ) GLOBAL_UNIT_ASSIGNED_CONTEXT ( ( #5456, #3209, #5876 ) ) REPRESENTATION_CONTEXT ( 'NONE', 'WORKASPACE' ) );
#5678 = DIRECTION ( 'NONE',  ( 1.000000000000000000, 0.000000000000000000, 0.000000000000000000 ) ) ;
#5679 = ORIENTED_EDGE ( 'NONE', *, *, #1824, .F. ) ;
#5680 = ADVANCED_FACE ( 'NONE', ( #609 ), #190, .T. ) ;
#5681 = CARTESIAN_POINT ( 'NONE',  ( 17.50977587920169398, 8.599948285391217695, 10.00000000000000000 ) ) ;
#5682 = VERTEX_POINT ( 'NONE', #3811 ) ;
#5683 = EDGE_CURVE ( 'NONE', #819, #5474, #5632, .T. ) ;
#5684 = CARTESIAN_POINT ( 'NONE',  ( 0.5489643442671608975, -20.12500000000000000, -10.00000000000000000 ) ) ;
#5685 = CARTESIAN_POINT ( 'NONE',  ( 9.908122240929063906, -17.58765772523782545, 10.00000000000000000 ) ) ;
#5686 = ORIENTED_EDGE ( 'NONE', *, *, #1996, .F. ) ;
#5687 = AXIS2_PLACEMENT_3D ( 'NONE', #3846, #2415, #4327 ) ;
#5688 = CARTESIAN_POINT ( 'NONE',  ( 0.5489643442671608975, -20.12500000000000000, 10.00000000000000000 ) ) ;
#5689 = EDGE_LOOP ( 'NONE', ( #3176, #4883, #63, #2875 ) ) ;
#5690 = DIRECTION ( 'NONE',  ( 0.8412535328311790961, 0.5406408174556007751, 0.000000000000000000 ) ) ;
#5691 = CIRCLE ( 'NONE', #2271, 4.499999999999999112 ) ;
#5692 = CARTESIAN_POINT ( 'NONE',  ( -10.51248375447645778, 21.57516362190259329, 10.00000000000000000 ) ) ;
#5693 = CARTESIAN_POINT ( 'NONE',  ( 11.00431413439704009, 16.10765135836961193, -10.00000000000000000 ) ) ;
#5694 = EDGE_LOOP ( 'NONE', ( #3555, #2681, #332, #2703 ) ) ;
#5695 = DIRECTION ( 'NONE',  ( 0.000000000000000000, 0.000000000000000000, 1.000000000000000000 ) ) ;
#5696 = FACE_OUTER_BOUND ( 'NONE', #1272, .T. ) ;
#5697 = CARTESIAN_POINT ( 'NONE',  ( -14.22496499048289031, 13.59395184016440616, -10.00000000000000000 ) ) ;
#5698 = EDGE_LOOP ( 'NONE', ( #2173, #833, #1983, #3976 ) ) ;
#5699 = DIRECTION ( 'NONE',  ( -0.6548607339452783282, -0.7557495743542641531, 0.000000000000000000 ) ) ;
#5700 = CIRCLE ( 'NONE', #4941, 4.499999999999999112 ) ;
#5701 = ORIENTED_EDGE ( 'NONE', *, *, #5652, .F. ) ;
#5702 = CARTESIAN_POINT ( 'NONE',  ( -19.21703074598157812, -3.407462799033682099, 10.00000000000000000 ) ) ;
#5703 = CARTESIAN_POINT ( 'NONE',  ( 16.16508030912727634, 17.73950897289622475, -10.00000000000000000 ) ) ;
#5704 = EDGE_LOOP ( 'NONE', ( #3868, #495, #743, #1732 ) ) ;
#5705 = AXIS2_PLACEMENT_3D ( 'NONE', #1207, #1648, #3455 ) ;
#5706 = CARTESIAN_POINT ( 'NONE',  ( 6.803424637022762234, -19.00552561255969408, 10.00000000000000000 ) ) ;
#5707 = ORIENTED_EDGE ( 'NONE', *, *, #1852, .T. ) ;
#5708 = EDGE_CURVE ( 'NONE', #3377, #4081, #1113, .T. ) ;
#5709 = CARTESIAN_POINT ( 'NONE',  ( -1.000000000000000222, 7.433034373659253013, -10.00000000000000000 ) ) ;
#5710 = ORIENTED_EDGE ( 'NONE', *, *, #1395, .T. ) ;
#5711 = VECTOR ( 'NONE', #287, 1000.000000000000000 ) ;
#5712 = CARTESIAN_POINT ( 'NONE',  ( -6.020512289497123248, 18.55545185715753220, -10.00000000000000000 ) ) ;
#5713 = CARTESIAN_POINT ( 'NONE',  ( 0.000000000000000000, 0.000000000000000000, 10.00000000000000000 ) ) ;
#5714 = VERTEX_POINT ( 'NONE', #2048 ) ;
#5715 = CARTESIAN_POINT ( 'NONE',  ( 0.000000000000000000, 0.000000000000000000, -10.00000000000000000 ) ) ;
#5716 = ORIENTED_EDGE ( 'NONE', *, *, #5785, .F. ) ;
#5717 = FACE_OUTER_BOUND ( 'NONE', #1722, .T. ) ;
#5718 = EDGE_CURVE ( 'NONE', #1036, #3490, #5490, .T. ) ;
#5719 = DIRECTION ( 'NONE',  ( 1.000000000000000000, 0.000000000000000000, 0.000000000000000000 ) ) ;
#5720 = ORIENTED_EDGE ( 'NONE', *, *, #4064, .F. ) ;
#5721 = DIRECTION ( 'NONE',  ( 1.000000000000000000, 0.000000000000000000, 0.000000000000000000 ) ) ;
#5722 = AXIS2_PLACEMENT_3D ( 'NONE', #2360, #120, #3741 ) ;
#5723 = CARTESIAN_POINT ( 'NONE',  ( -19.22339234480601888, 3.318516025112738799, -10.00000000000000000 ) ) ;
#5724 = VECTOR ( 'NONE', #1311, 1000.000000000000000 ) ;
#5725 = EDGE_CURVE ( 'NONE', #875, #887, #2904, .T. ) ;
#5726 = CARTESIAN_POINT ( 'NONE',  ( 0.000000000000000000, 0.000000000000000000, 10.00000000000000000 ) ) ;
#5727 = VECTOR ( 'NONE', #2371, 1000.000000000000000 ) ;
#5728 = ORIENTED_EDGE ( 'NONE', *, *, #5442, .F. ) ;
#5729 = DIRECTION ( 'NONE',  ( 0.000000000000000000, -0.000000000000000000, 1.000000000000000000 ) ) ;
#5730 = CIRCLE ( 'NONE', #2775, 4.499999999999998224 ) ;
#5731 = VERTEX_POINT ( 'NONE', #4317 ) ;
#5732 = CYLINDRICAL_SURFACE ( 'NONE', #1350, 4.499999999999999112 ) ;
#5733 = DIRECTION ( 'NONE',  ( -0.000000000000000000, -0.000000000000000000, 1.000000000000000000 ) ) ;
#5734 = ORIENTED_EDGE ( 'NONE', *, *, #3488, .F. ) ;
#5735 = AXIS2_PLACEMENT_3D ( 'NONE', #4954, #1358, #441 ) ;
#5736 = CARTESIAN_POINT ( 'NONE',  ( 11.88231346068083560, -16.31892206683498614, 10.00000000000000000 ) ) ;
#5737 = EDGE_CURVE ( 'NONE', #1219, #4072, #2965, .T. ) ;
#5738 = ORIENTED_EDGE ( 'NONE', *, *, #665, .F. ) ;
#5739 = EDGE_CURVE ( 'NONE', #4470, #1835, #1700, .T. ) ;
#5740 = LINE ( 'NONE', #427, #1134 ) ;
#5741 = VERTEX_POINT ( 'NONE', #3865 ) ;
#5742 = CARTESIAN_POINT ( 'NONE',  ( -7.500000000000000000, 9.184850993605147944E-16, -10.00000000000000000 ) ) ;
#5743 = ADVANCED_FACE ( 'NONE', ( #5778 ), #2520, .F. ) ;
#5744 = CARTESIAN_POINT ( 'NONE',  ( 10.08067774637119030, -16.70123642204652015, -10.00000000000000000 ) ) ;
#5745 = CARTESIAN_POINT ( 'NONE',  ( -11.88231346068072192, 16.31892206683507140, -10.00000000000000000 ) ) ;
#5746 = ORIENTED_EDGE ( 'NONE', *, *, #1353, .F. ) ;
#5747 = CIRCLE ( 'NONE', #3938, 0.6250000000000002220 ) ;
#5748 = CARTESIAN_POINT ( 'NONE',  ( -23.18963355092066791, -6.183922361577225857, 10.00000000000000000 ) ) ;
#5749 = ORIENTED_EDGE ( 'NONE', *, *, #3686, .T. ) ;
#5750 = LINE ( 'NONE', #696, #5872 ) ;
#5751 = CARTESIAN_POINT ( 'NONE',  ( 19.37964388855034414, 2.231762667545535539, -10.00000000000000000 ) ) ;
#5752 = DIRECTION ( 'NONE',  ( -0.000000000000000000, -0.000000000000000000, 1.000000000000000000 ) ) ;
#5753 = ORIENTED_EDGE ( 'NONE', *, *, #77, .F. ) ;
#5754 = EDGE_CURVE ( 'NONE', #3086, #2198, #2431, .T. ) ;
#5755 = DIRECTION ( 'NONE',  ( 0.000000000000000000, 0.000000000000000000, 1.000000000000000000 ) ) ;
#5756 = FACE_BOUND ( 'NONE', #4330, .T. ) ;
#5757 = DIRECTION ( 'NONE',  ( 0.4154150130018840481, 0.9096319953545194403, 0.000000000000000000 ) ) ;
#5758 = ADVANCED_FACE ( 'NONE', ( #5717 ), #1641, .F. ) ;
#5759 = ORIENTED_EDGE ( 'NONE', *, *, #1168, .T. ) ;
#5760 = CARTESIAN_POINT ( 'NONE',  ( 0.000000000000000000, 0.000000000000000000, -10.00000000000000000 ) ) ;
#5761 = CIRCLE ( 'NONE', #630, 17.50000000000000355 ) ;
#5762 = EDGE_LOOP ( 'NONE', ( #3683, #4586, #5453, #4302 ) ) ;
#5763 = DIRECTION ( 'NONE',  ( -0.1423148382732889183, 0.9898214418809321291, 0.000000000000000000 ) ) ;
#5764 = DIRECTION ( 'NONE',  ( -0.000000000000000000, 0.000000000000000000, -1.000000000000000000 ) ) ;
#5765 = ORIENTED_EDGE ( 'NONE', *, *, #4067, .F. ) ;
#5766 = CARTESIAN_POINT ( 'NONE',  ( -9.793578257280822541, 17.22701988006608431, 10.00000000000000000 ) ) ;
#5767 = ORIENTED_EDGE ( 'NONE', *, *, #3631, .T. ) ;
#5768 = AXIS2_PLACEMENT_3D ( 'NONE', #450, #80, #25 ) ;
#5769 = LINE ( 'NONE', #1193, #2667 ) ;
#5770 = AXIS2_PLACEMENT_3D ( 'NONE', #3057, #3451, #4793 ) ;
#5771 = ORIENTED_EDGE ( 'NONE', *, *, #747, .F. ) ;
#5772 = AXIS2_PLACEMENT_3D ( 'NONE', #4808, #1277, #4363 ) ;
#5773 = DIRECTION ( 'NONE',  ( -1.000000000000000000, 0.000000000000000000, 0.000000000000000000 ) ) ;
#5774 = ORIENTED_EDGE ( 'NONE', *, *, #777, .T. ) ;
#5775 = ORIENTED_EDGE ( 'NONE', *, *, #2547, .T. ) ;
#5776 = CARTESIAN_POINT ( 'NONE',  ( 0.000000000000000000, 0.000000000000000000, 10.00000000000000000 ) ) ;
#5777 = ORIENTED_EDGE ( 'NONE', *, *, #2127, .F. ) ;
#5778 = FACE_OUTER_BOUND ( 'NONE', #2694, .T. ) ;
#5779 = CARTESIAN_POINT ( 'NONE',  ( -19.99828228972596023, 2.320709441466054290, -10.00000000000000000 ) ) ;
#5780 = DIRECTION ( 'NONE',  ( 0.000000000000000000, -0.000000000000000000, 1.000000000000000000 ) ) ;
#5781 = ADVANCED_FACE ( 'NONE', ( #2110 ), #5271, .F. ) ;
#5782 = VECTOR ( 'NONE', #2902, 1000.000000000000000 ) ;
#5783 = VERTEX_POINT ( 'NONE', #1202 ) ;
#5784 = DIRECTION ( 'NONE',  ( 0.8412535328311790961, 0.5406408174556007751, 0.000000000000000000 ) ) ;
#5785 = EDGE_CURVE ( 'NONE', #2198, #1578, #3960, .T. ) ;
#5786 = CARTESIAN_POINT ( 'NONE',  ( -6.803424637022629007, 19.00552561255974027, -10.00000000000000000 ) ) ;
#5787 = CIRCLE ( 'NONE', #5507, 0.6250000000000000000 ) ;
#5788 = AXIS2_PLACEMENT_3D ( 'NONE', #1634, #4373, #3444 ) ;
#5789 = CARTESIAN_POINT ( 'NONE',  ( -1.173362810797226041, 20.15241450336780105, -10.00000000000000000 ) ) ;
#5790 = CARTESIAN_POINT ( 'NONE',  ( -14.37762150651138171, -13.18466388144870649, 10.00000000000000000 ) ) ;
#5791 = EDGE_CURVE ( 'NONE', #661, #4113, #4160, .T. ) ;
#5792 = UNCERTAINTY_MEASURE_WITH_UNIT (LENGTH_MEASURE( 1.000000000000000082E-05 ), #5456, 'distance_accuracy_value', 'NONE');
#5793 = CARTESIAN_POINT ( 'NONE',  ( 23.99250271103943177, -0.5998446972056022952, -10.00000000000000000 ) ) ;
#5794 = EDGE_LOOP ( 'NONE', ( #3421, #3722, #3237, #135 ) ) ;
#5795 = FACE_OUTER_BOUND ( 'NONE', #3273, .T. ) ;
#5796 = EDGE_CURVE ( 'NONE', #3052, #513, #5750, .T. ) ;
#5797 = CARTESIAN_POINT ( 'NONE',  ( -6.020512289496987357, -18.55545185715757839, 10.00000000000000000 ) ) ;
#5798 = ORIENTED_EDGE ( 'NONE', *, *, #918, .T. ) ;
#5799 = CYLINDRICAL_SURFACE ( 'NONE', #5874, 24.00000000000000355 ) ;
#5800 = ORIENTED_EDGE ( 'NONE', *, *, #293, .F. ) ;
#5801 = CIRCLE ( 'NONE', #2835, 7.500000000000000000 ) ;
#5802 = CARTESIAN_POINT ( 'NONE',  ( -10.51248375447629790, -21.57516362190266790, -10.00000000000000000 ) ) ;
#5803 = EDGE_CURVE ( 'NONE', #663, #1255, #3291, .T. ) ;
#5804 = CIRCLE ( 'NONE', #3223, 0.6250000000000001110 ) ;
#5805 = ORIENTED_EDGE ( 'NONE', *, *, #4287, .T. ) ;
#5806 = FACE_OUTER_BOUND ( 'NONE', #2040, .T. ) ;
#5807 = ORIENTED_EDGE ( 'NONE', *, *, #1565, .T. ) ;
#5808 = AXIS2_PLACEMENT_3D ( 'NONE', #3215, #1385, #972 ) ;
#5809 = ORIENTED_EDGE ( 'NONE', *, *, #2003, .T. ) ;
#5810 = CYLINDRICAL_SURFACE ( 'NONE', #4010, 24.00000000000000355 ) ;
#5811 = ORIENTED_EDGE ( 'NONE', *, *, #3226, .T. ) ;
#5812 = VECTOR ( 'NONE', #4717, 1000.000000000000000 ) ;
#5813 = CARTESIAN_POINT ( 'NONE',  ( 19.22339234480604375, -3.318516025112599799, 10.00000000000000000 ) ) ;
#5814 = EDGE_CURVE ( 'NONE', #5377, #2779, #3025, .T. ) ;
#5815 = CARTESIAN_POINT ( 'NONE',  ( 18.07829587629825951, 8.859582668517404613, 10.00000000000000000 ) ) ;
#5816 = DIRECTION ( 'NONE',  ( 0.4154150130018856579, 0.9096319953545187742, 0.000000000000000000 ) ) ;
#5817 = EDGE_CURVE ( 'NONE', #2366, #3661, #4813, .T. ) ;
#5818 = DIRECTION ( 'NONE',  ( 0.000000000000000000, 0.000000000000000000, -1.000000000000000000 ) ) ;
#5819 = CARTESIAN_POINT ( 'NONE',  ( 4.793804732752334097, 21.12263990084027299, 10.00000000000000000 ) ) ;
#5820 = CARTESIAN_POINT ( 'NONE',  ( 19.78030504245128185, -4.029407280095559152, -10.00000000000000000 ) ) ;
#5821 = EDGE_CURVE ( 'NONE', #4487, #5850, #5331, .T. ) ;
#5822 = VERTEX_POINT ( 'NONE', #820 ) ;
#5823 = LINE ( 'NONE', #885, #1422 ) ;
#5824 = CIRCLE ( 'NONE', #5538, 10.00000000000000000 ) ;
#5825 = ORIENTED_EDGE ( 'NONE', *, *, #1819, .F. ) ;
#5826 = CARTESIAN_POINT ( 'NONE',  ( 9.908122240928681990, 17.58765772523803861, -10.00000000000000000 ) ) ;
#5827 = AXIS2_PLACEMENT_3D ( 'NONE', #4549, #1432, #4611 ) ;
#5828 = CARTESIAN_POINT ( 'NONE',  ( 15.56895537727587353, 12.76419270113348681, 10.00000000000000000 ) ) ;
#5829 = ORIENTED_EDGE ( 'NONE', *, *, #4396, .T. ) ;
#5830 = AXIS2_PLACEMENT_3D ( 'NONE', #2074, #2488, #1167 ) ;
#5831 = ADVANCED_FACE ( 'NONE', ( #2611 ), #4436, .T. ) ;
#5832 = DIRECTION ( 'NONE',  ( -0.000000000000000000, -0.000000000000000000, -1.000000000000000000 ) ) ;
#5833 = CIRCLE ( 'NONE', #4591, 4.499999999999998224 ) ;
#5834 = VERTEX_POINT ( 'NONE', #5813 ) ;
#5835 = AXIS2_PLACEMENT_3D ( 'NONE', #5815, #2994, #4822 ) ;
#5836 = CARTESIAN_POINT ( 'NONE',  ( -4.967057427318521512, -18.86477411380790059, -10.00000000000000000 ) ) ;
#5837 = CIRCLE ( 'NONE', #3260, 0.6250000000000000000 ) ;
#5838 = EDGE_LOOP ( 'NONE', ( #1749, #4354, #3024, #1124 ) ) ;
#5839 = FACE_OUTER_BOUND ( 'NONE', #3716, .T. ) ;
#5840 = EDGE_LOOP ( 'NONE', ( #1944, #5366, #454, #2398 ) ) ;
#5841 = VECTOR ( 'NONE', #4764, 1000.000000000000000 ) ;
#5842 = ORIENTED_EDGE ( 'NONE', *, *, #2269, .T. ) ;
#5843 = COLOUR_RGB ( '',0.7921568627450980005, 0.8196078431372548767, 0.9333333333333333481 ) ;
#5844 = ORIENTED_EDGE ( 'NONE', *, *, #2894, .F. ) ;
#5845 = CARTESIAN_POINT ( 'NONE',  ( 20.94945465600702406, 2.715250857188489242, -10.00000000000000000 ) ) ;
#5846 = VERTEX_POINT ( 'NONE', #1729 ) ;
#5847 = CARTESIAN_POINT ( 'NONE',  ( -15.77102493137123140, -14.05443027004738710, -10.00000000000000000 ) ) ;
#5848 = DIRECTION ( 'NONE',  ( 0.9594929736144972576, 0.2817325568414299486, 0.000000000000000000 ) ) ;
#5849 = DIRECTION ( 'NONE',  ( 1.000000000000000000, 0.000000000000000000, 0.000000000000000000 ) ) ;
#5850 = VERTEX_POINT ( 'NONE', #3541 ) ;
#5851 = DIRECTION ( 'NONE',  ( -0.000000000000000000, -0.000000000000000000, 1.000000000000000000 ) ) ;
#5852 = LINE ( 'NONE', #4124, #898 ) ;
#5853 = CIRCLE ( 'NONE', #1096, 0.6249999999999998890 ) ;
#5854 = CARTESIAN_POINT ( 'NONE',  ( -16.15582729722522970, -13.61034466660522391, -10.00000000000000000 ) ) ;
#5855 = ORIENTED_EDGE ( 'NONE', *, *, #3624, .T. ) ;
#5856 = DIRECTION ( 'NONE',  ( 0.000000000000000000, 0.000000000000000000, 1.000000000000000000 ) ) ;
#5857 = ORIENTED_EDGE ( 'NONE', *, *, #2262, .T. ) ;
#5858 = CARTESIAN_POINT ( 'NONE',  ( -1.173362810797226041, 20.15241450336780105, -10.00000000000000000 ) ) ;
#5859 = DIRECTION ( 'NONE',  ( 0.9096319953545164427, 0.4154150130018905984, 0.000000000000000000 ) ) ;
#5860 = ORIENTED_EDGE ( 'NONE', *, *, #4007, .T. ) ;
#5861 = DIRECTION ( 'NONE',  ( -0.000000000000000000, -0.000000000000000000, -1.000000000000000000 ) ) ;
#5862 = EDGE_LOOP ( 'NONE', ( #3662, #2639, #2890, #439 ) ) ;
#5863 = CARTESIAN_POINT ( 'NONE',  ( -4.551757892101493397, -19.66667462213687756, -10.00000000000000000 ) ) ;
#5864 = EDGE_CURVE ( 'NONE', #4216, #5334, #846, .T. ) ;
#5865 = LINE ( 'NONE', #2226, #3804 ) ;
#5866 = ORIENTED_EDGE ( 'NONE', *, *, #3424, .T. ) ;
#5867 = DIRECTION ( 'NONE',  ( -0.9594929736144993671, 0.2817325568414231207, 0.000000000000000000 ) ) ;
#5868 = ORIENTED_EDGE ( 'NONE', *, *, #2332, .T. ) ;
#5869 = AXIS2_PLACEMENT_3D ( 'NONE', #5726, #3939, #4445 ) ;
#5870 = EDGE_CURVE ( 'NONE', #3630, #3052, #3678, .T. ) ;
#5871 = ORIENTED_EDGE ( 'NONE', *, *, #5244, .T. ) ;
#5872 = VECTOR ( 'NONE', #1612, 1000.000000000000000 ) ;
#5873 = VERTEX_POINT ( 'NONE', #41 ) ;
#5874 = AXIS2_PLACEMENT_3D ( 'NONE', #2664, #862, #4482 ) ;
#5875 = ORIENTED_EDGE ( 'NONE', *, *, #781, .T. ) ;
#5876 =( NAMED_UNIT ( * ) SI_UNIT ( $, .STERADIAN. ) SOLID_ANGLE_UNIT ( ) );
#5877 = ADVANCED_FACE ( 'NONE', ( #938 ), #4590, .F. ) ;
#5878 = DIRECTION ( 'NONE',  ( 1.000000000000000000, 0.000000000000000000, 0.000000000000000000 ) ) ;
#5879 = DIRECTION ( 'NONE',  ( 1.000000000000000000, 0.000000000000000000, 0.000000000000000000 ) ) ;
#5880 = VERTEX_POINT ( 'NONE', #3179 ) ;
#5881 = CYLINDRICAL_SURFACE ( 'NONE', #5424, 0.6249999999999996669 ) ;
#5882 = EDGE_CURVE ( 'NONE', #930, #1850, #2293, .T. ) ;
#5883 = CARTESIAN_POINT ( 'NONE',  ( -6.232838923195249237, -20.18425021047498547, 10.00000000000000000 ) ) ;
#5884 = CARTESIAN_POINT ( 'NONE',  ( -6.232838923195395786, 20.18425021047494283, 10.00000000000000000 ) ) ;
#5885 = CARTESIAN_POINT ( 'NONE',  ( 17.96587193962449902, -7.601237221682385581, -10.00000000000000000 ) ) ;
#5886 = DIRECTION ( 'NONE',  ( 0.8412535328311846472, -0.5406408174555922264, 0.000000000000000000 ) ) ;
#5887 = DIRECTION ( 'NONE',  ( 0.000000000000000000, 0.000000000000000000, 1.000000000000000000 ) ) ;
#5888 = AXIS2_PLACEMENT_3D ( 'NONE', #4032, #766, #857 ) ;
#5889 = DIRECTION ( 'NONE',  ( -0.000000000000000000, 0.000000000000000000, 1.000000000000000000 ) ) ;
#5890 = ORIENTED_EDGE ( 'NONE', *, *, #658, .F. ) ;
#5891 = DIRECTION ( 'NONE',  ( 0.000000000000000000, 0.000000000000000000, 1.000000000000000000 ) ) ;
#5892 = ORIENTED_EDGE ( 'NONE', *, *, #5563, .F. ) ;
#5893 = DIRECTION ( 'NONE',  ( 0.000000000000000000, -0.000000000000000000, -1.000000000000000000 ) ) ;
#5894 = AXIS2_PLACEMENT_3D ( 'NONE', #4959, #382, #1298 ) ;
ENDSEC;
END-ISO-10303-21;
