ISO-10303-21;
HEADER;
FILE_DESCRIPTION (( 'STEP AP214' ),
    '1' );
FILE_NAME ('Sun Gear.STEP',
    '2026-08-20T13:34:15',
    ( '' ),
    ( '' ),
    'SwSTEP 2.0',
    'SolidWorks 2026',
    '' );
FILE_SCHEMA (( 'AUTOMOTIVE_DESIGN' ));
ENDSEC;

DATA;
#1 = ORIENTED_EDGE ( 'NONE', *, *, #2744, .F. ) ;
#2 = AXIS2_PLACEMENT_3D ( 'NONE', #4861, #2424, #2477 ) ;
#3 = FACE_OUTER_BOUND ( 'NONE', #3538, .T. ) ;
#4 = ORIENTED_EDGE ( 'NONE', *, *, #697, .T. ) ;
#5 = DIRECTION ( 'NONE',  ( -0.5877852522924770229, 0.8090169943749445647, 0.000000000000000000 ) ) ;
#6 = CARTESIAN_POINT ( 'NONE',  ( 0.000000000000000000, 0.000000000000000000, 10.00000000000000000 ) ) ;
#7 = CARTESIAN_POINT ( 'NONE',  ( 0.5509236102168820759, 18.12500000000000711, -10.00000000000000000 ) ) ;
#8 = CARTESIAN_POINT ( 'NONE',  ( -17.50000000000000000, -0.5509236102169432492, -10.00000000000000000 ) ) ;
#9 = CARTESIAN_POINT ( 'NONE',  ( 17.49999999999999645, 0.5509236102170653737, -10.00000000000000000 ) ) ;
#10 = AXIS2_PLACEMENT_3D ( 'NONE', #2274, #923, #2547 ) ;
#11 = EDGE_CURVE ( 'NONE', #5251, #4809, #1248, .T. ) ;
#12 = FACE_OUTER_BOUND ( 'NONE', #4275, .T. ) ;
#13 = ORIENTED_EDGE ( 'NONE', *, *, #561, .T. ) ;
#14 = FACE_OUTER_BOUND ( 'NONE', #359, .T. ) ;
#15 = CARTESIAN_POINT ( 'NONE',  ( -16.81373379332462648, 4.883837912083918376, 10.00000000000000000 ) ) ;
#16 = AXIS2_PLACEMENT_3D ( 'NONE', #2057, #5302, #1255 ) ;
#17 = CARTESIAN_POINT ( 'NONE',  ( 15.00000000000000000, 0.000000000000000000, 10.00000000000000000 ) ) ;
#18 = ORIENTED_EDGE ( 'NONE', *, *, #2702, .T. ) ;
#19 = AXIS2_PLACEMENT_3D ( 'NONE', #3148, #1482, #5216 ) ;
#20 = ORIENTED_EDGE ( 'NONE', *, *, #685, .F. ) ;
#21 = EDGE_CURVE ( 'NONE', #2010, #1225, #5018, .T. ) ;
#22 = ADVANCED_FACE ( 'NONE', ( #2808 ), #1197, .T. ) ;
#23 = EDGE_CURVE ( 'NONE', #2593, #3443, #2112, .T. ) ;
#24 = CARTESIAN_POINT ( 'NONE',  ( 21.62221772207219672, -4.059519772005933724, -10.00000000000000000 ) ) ;
#25 = EDGE_CURVE ( 'NONE', #5021, #3707, #3822, .T. ) ;
#26 = AXIS2_PLACEMENT_3D ( 'NONE', #727, #4059, #4816 ) ;
#27 = ADVANCED_FACE ( 'NONE', ( #4077 ), #3651, .T. ) ;
#28 = CARTESIAN_POINT ( 'NONE',  ( -9.840535351850345336, -14.48162217478685143, -10.00000000000000000 ) ) ;
#29 = PLANE ( 'NONE',  #2838 ) ;
#30 = LINE ( 'NONE', #5249, #2219 ) ;
#31 = ORIENTED_EDGE ( 'NONE', *, *, #4363, .F. ) ;
#32 = CIRCLE ( 'NONE', #1469, 4.500000000000000888 ) ;
#33 = EDGE_LOOP ( 'NONE', ( #3096, #1996, #2688, #3174 ) ) ;
#34 = FACE_OUTER_BOUND ( 'NONE', #5109, .T. ) ;
#35 = DIRECTION ( 'NONE',  ( 0.000000000000000000, 0.000000000000000000, 1.000000000000000000 ) ) ;
#36 = VECTOR ( 'NONE', #2390, 1000.000000000000000 ) ;
#37 = DIRECTION ( 'NONE',  ( 1.000000000000000000, 0.000000000000000000, 0.000000000000000000 ) ) ;
#38 = CARTESIAN_POINT ( 'NONE',  ( 11.09931426106906294, -14.33960824982061943, 10.00000000000000000 ) ) ;
#39 = EDGE_CURVE ( 'NONE', #2586, #5111, #4428, .T. ) ;
#40 = CIRCLE ( 'NONE', #1908, 0.6250000000000006661 ) ;
#41 = DIRECTION ( 'NONE',  ( 0.000000000000000000, 0.000000000000000000, 1.000000000000000000 ) ) ;
#42 = AXIS2_PLACEMENT_3D ( 'NONE', #4308, #2739, #3987 ) ;
#43 = FACE_OUTER_BOUND ( 'NONE', #1434, .T. ) ;
#44 = PRESENTATION_STYLE_ASSIGNMENT (( #4104 ) ) ;
#45 = ORIENTED_EDGE ( 'NONE', *, *, #1588, .F. ) ;
#46 = CIRCLE ( 'NONE', #3289, 10.00000000000000000 ) ;
#47 = CARTESIAN_POINT ( 'NONE',  ( -10.20790113453324466, 14.98725779627112686, -10.00000000000000000 ) ) ;
#48 = DIRECTION ( 'NONE',  ( -0.3090169943749380144, -0.9510565162951566398, 0.000000000000000000 ) ) ;
#49 = ORIENTED_EDGE ( 'NONE', *, *, #3966, .F. ) ;
#50 = AXIS2_PLACEMENT_3D ( 'NONE', #619, #1842, #5113 ) ;
#51 = ORIENTED_EDGE ( 'NONE', *, *, #2140, .T. ) ;
#52 = CARTESIAN_POINT ( 'NONE',  ( 13.99342959553585430, -11.61968464773338106, -10.00000000000000000 ) ) ;
#53 = VECTOR ( 'NONE', #2817, 1000.000000000000000 ) ;
#54 = CYLINDRICAL_SURFACE ( 'NONE', #485, 0.6250000000000005551 ) ;
#55 = DIRECTION ( 'NONE',  ( -0.000000000000000000, -0.000000000000000000, 1.000000000000000000 ) ) ;
#56 = CARTESIAN_POINT ( 'NONE',  ( 0.000000000000000000, 0.000000000000000000, -5.000000000000000000 ) ) ;
#57 = CARTESIAN_POINT ( 'NONE',  ( 9.717862376724191620, 15.37518435613173118, 10.00000000000000000 ) ) ;
#58 = ORIENTED_EDGE ( 'NONE', *, *, #3031, .F. ) ;
#59 = AXIS2_PLACEMENT_3D ( 'NONE', #1320, #3728, #318 ) ;
#60 = ADVANCED_FACE ( 'NONE', ( #1614 ), #3253, .F. ) ;
#61 = EDGE_CURVE ( 'NONE', #706, #3999, #1260, .T. ) ;
#62 = EDGE_LOOP ( 'NONE', ( #1063, #373, #3345, #3229 ) ) ;
#63 = CARTESIAN_POINT ( 'NONE',  ( 5.931756891039327684, -16.47324427700572969, -10.00000000000000000 ) ) ;
#64 = FACE_OUTER_BOUND ( 'NONE', #1766, .T. ) ;
#65 = AXIS2_PLACEMENT_3D ( 'NONE', #1191, #4856, #1237 ) ;
#66 = CYLINDRICAL_SURFACE ( 'NONE', #1900, 0.6250000000000005551 ) ;
#67 = CARTESIAN_POINT ( 'NONE',  ( 16.81373379332455187, 4.883837912084155519, 10.00000000000000000 ) ) ;
#68 = CYLINDRICAL_SURFACE ( 'NONE', #270, 0.6250000000000005551 ) ;
#69 = VECTOR ( 'NONE', #1525, 1000.000000000000000 ) ;
#70 = DIRECTION ( 'NONE',  ( 0.000000000000000000, -0.000000000000000000, -1.000000000000000000 ) ) ;
#71 = DIRECTION ( 'NONE',  ( 0.000000000000000000, -0.000000000000000000, 1.000000000000000000 ) ) ;
#72 = ORIENTED_EDGE ( 'NONE', *, *, #5148, .T. ) ;
#73 = CYLINDRICAL_SURFACE ( 'NONE', #2946, 0.6250000000000005551 ) ;
#74 = DIRECTION ( 'NONE',  ( -0.3090169943749499493, 0.9510565162951527540, 0.000000000000000000 ) ) ;
#75 = ORIENTED_EDGE ( 'NONE', *, *, #3710, .F. ) ;
#76 = DIRECTION ( 'NONE',  ( 0.000000000000000000, -0.000000000000000000, -1.000000000000000000 ) ) ;
#77 = ORIENTED_EDGE ( 'NONE', *, *, #5193, .F. ) ;
#78 = DIRECTION ( 'NONE',  ( -0.000000000000000000, 0.000000000000000000, -1.000000000000000000 ) ) ;
#79 = LINE ( 'NONE', #3758, #3888 ) ;
#80 = CARTESIAN_POINT ( 'NONE',  ( -13.71460824982073845, 11.09931426106890484, -10.00000000000000000 ) ) ;
#81 = VERTEX_POINT ( 'NONE', #15 ) ;
#82 = CARTESIAN_POINT ( 'NONE',  ( -4.451973533568319041, 17.40814411600907974, -10.00000000000000000 ) ) ;
#83 = ORIENTED_EDGE ( 'NONE', *, *, #2878, .F. ) ;
#84 = CIRCLE ( 'NONE', #3664, 4.500000000000001776 ) ;
#85 = EDGE_LOOP ( 'NONE', ( #3105, #2784, #3733, #1484 ) ) ;
#86 = CARTESIAN_POINT ( 'NONE',  ( -1.171554599608693348, 18.33657332175918597, -10.00000000000000000 ) ) ;
#87 = DIRECTION ( 'NONE',  ( -0.000000000000000000, 0.000000000000000000, -1.000000000000000000 ) ) ;
#88 = FACE_OUTER_BOUND ( 'NONE', #2372, .T. ) ;
#89 = DIRECTION ( 'NONE',  ( 0.8090169943749421222, 0.5877852522924803536, 0.000000000000000000 ) ) ;
#90 = EDGE_CURVE ( 'NONE', #4399, #5016, #3398, .T. ) ;
#91 = EDGE_CURVE ( 'NONE', #2502, #2550, #4074, .T. ) ;
#92 = CARTESIAN_POINT ( 'NONE',  ( -19.87886744660648120, 9.425000214336829885, 10.00000000000000000 ) ) ;
#93 = CARTESIAN_POINT ( 'NONE',  ( -15.00000000000000000, 1.836970198721029589E-15, 5.000000000000000000 ) ) ;
#94 = LINE ( 'NONE', #2202, #253 ) ;
#95 = ORIENTED_EDGE ( 'NONE', *, *, #1267, .F. ) ;
#96 = DIRECTION ( 'NONE',  ( 0.000000000000000000, 0.000000000000000000, -1.000000000000000000 ) ) ;
#97 = CARTESIAN_POINT ( 'NONE',  ( -11.61968464773343612, -13.99342959553580634, -10.00000000000000000 ) ) ;
#98 = VERTEX_POINT ( 'NONE', #3478 ) ;
#99 = ORIENTED_EDGE ( 'NONE', *, *, #788, .F. ) ;
#100 = CARTESIAN_POINT ( 'NONE',  ( 1.175923610216882187, 18.12500000000000711, -10.00000000000000000 ) ) ;
#101 = AXIS2_PLACEMENT_3D ( 'NONE', #1070, #4763, #669 ) ;
#102 = AXIS2_PLACEMENT_3D ( 'NONE', #2223, #1463, #3950 ) ;
#103 = AXIS2_PLACEMENT_3D ( 'NONE', #1963, #2065, #362 ) ;
#104 = CIRCLE ( 'NONE', #2845, 4.500000000000000000 ) ;
#105 = DIRECTION ( 'NONE',  ( 1.000000000000000000, 0.000000000000000000, 0.000000000000000000 ) ) ;
#106 = DIRECTION ( 'NONE',  ( -1.000000000000000000, 0.000000000000000000, 0.000000000000000000 ) ) ;
#107 = ORIENTED_EDGE ( 'NONE', *, *, #3193, .F. ) ;
#108 = VERTEX_POINT ( 'NONE', #1850 ) ;
#109 = VECTOR ( 'NONE', #2964, 1000.000000000000000 ) ;
#110 = ORIENTED_EDGE ( 'NONE', *, *, #4203, .F. ) ;
#111 = CYLINDRICAL_SURFACE ( 'NONE', #3881, 0.6250000000000005551 ) ;
#112 = FACE_OUTER_BOUND ( 'NONE', #1233, .T. ) ;
#113 = CARTESIAN_POINT ( 'NONE',  ( -5.671554599608693792, -18.33657332175918597, 10.00000000000000000 ) ) ;
#114 = DIRECTION ( 'NONE',  ( -0.000000000000000000, -0.000000000000000000, 1.000000000000000000 ) ) ;
#115 = AXIS2_PLACEMENT_3D ( 'NONE', #898, #3001, #1695 ) ;
#116 = DIRECTION ( 'NONE',  ( 0.000000000000000000, 0.000000000000000000, 1.000000000000000000 ) ) ;
#117 = DIRECTION ( 'NONE',  ( -0.000000000000000000, -0.000000000000000000, -1.000000000000000000 ) ) ;
#118 = DIRECTION ( 'NONE',  ( -0.000000000000000000, -0.000000000000000000, 1.000000000000000000 ) ) ;
#119 = ORIENTED_EDGE ( 'NONE', *, *, #3423, .T. ) ;
#120 = AXIS2_PLACEMENT_3D ( 'NONE', #355, #5250, #1186 ) ;
#121 = ADVANCED_FACE ( 'NONE', ( #1874 ), #1960, .F. ) ;
#122 = AXIS2_PLACEMENT_3D ( 'NONE', #38, #1165, #3224 ) ;
#123 = LINE ( 'NONE', #4670, #4609 ) ;
#124 = EDGE_CURVE ( 'NONE', #952, #1931, #4771, .T. ) ;
#125 = ORIENTED_EDGE ( 'NONE', *, *, #3842, .F. ) ;
#126 = EDGE_CURVE ( 'NONE', #1333, #1381, #3566, .T. ) ;
#127 = ORIENTED_EDGE ( 'NONE', *, *, #3082, .T. ) ;
#128 = AXIS2_PLACEMENT_3D ( 'NONE', #2522, #35, #1608 ) ;
#129 = CARTESIAN_POINT ( 'NONE',  ( 11.06028173450759233, -15.68651078837837076, -10.00000000000000000 ) ) ;
#130 = CIRCLE ( 'NONE', #4222, 4.500000000000001776 ) ;
#131 = VERTEX_POINT ( 'NONE', #272 ) ;
#132 = CIRCLE ( 'NONE', #827, 10.00000000000000000 ) ;
#133 = DIRECTION ( 'NONE',  ( -0.000000000000000000, -0.000000000000000000, -1.000000000000000000 ) ) ;
#134 = DIRECTION ( 'NONE',  ( 1.000000000000000000, 3.491481338843133355E-15, 0.000000000000000000 ) ) ;
#135 = ORIENTED_EDGE ( 'NONE', *, *, #720, .T. ) ;
#136 = VERTEX_POINT ( 'NONE', #4392 ) ;
#137 = AXIS2_PLACEMENT_3D ( 'NONE', #2188, #4647, #105 ) ;
#138 = DIRECTION ( 'NONE',  ( 0.000000000000000000, 0.000000000000000000, -1.000000000000000000 ) ) ;
#139 = DIRECTION ( 'NONE',  ( -1.000000000000000000, 0.000000000000000000, 0.000000000000000000 ) ) ;
#140 = AXIS2_PLACEMENT_3D ( 'NONE', #1404, #3044, #288 ) ;
#141 = LINE ( 'NONE', #1716, #4904 ) ;
#142 = FACE_OUTER_BOUND ( 'NONE', #4868, .T. ) ;
#143 = ADVANCED_FACE ( 'NONE', ( #4360 ), #4711, .F. ) ;
#144 = VECTOR ( 'NONE', #4578, 1000.000000000000000 ) ;
#145 = CYLINDRICAL_SURFACE ( 'NONE', #3764, 4.500000000000000888 ) ;
#146 = FACE_OUTER_BOUND ( 'NONE', #154, .T. ) ;
#147 = CARTESIAN_POINT ( 'NONE',  ( -2.820800000000002417, -21.81841165988028663, 10.00000000000000000 ) ) ;
#148 = ORIENTED_EDGE ( 'NONE', *, *, #4202, .T. ) ;
#149 = EDGE_CURVE ( 'NONE', #2240, #2937, #3905, .T. ) ;
#150 = VERTEX_POINT ( 'NONE', #675 ) ;
#151 = DIRECTION ( 'NONE',  ( -0.000000000000000000, -0.000000000000000000, 1.000000000000000000 ) ) ;
#152 = ORIENTED_EDGE ( 'NONE', *, *, #3683, .T. ) ;
#153 = DIRECTION ( 'NONE',  ( 1.000000000000000000, 0.000000000000000000, 0.000000000000000000 ) ) ;
#154 = EDGE_LOOP ( 'NONE', ( #2560, #927, #2399, #2206 ) ) ;
#155 = CIRCLE ( 'NONE', #848, 0.6250000000000001110 ) ;
#156 = ORIENTED_EDGE ( 'NONE', *, *, #1514, .F. ) ;
#157 = EDGE_CURVE ( 'NONE', #3604, #1592, #579, .T. ) ;
#158 = DIRECTION ( 'NONE',  ( -0.000000000000000000, -0.000000000000000000, 1.000000000000000000 ) ) ;
#159 = ORIENTED_EDGE ( 'NONE', *, *, #3460, .T. ) ;
#160 = DIRECTION ( 'NONE',  ( -0.000000000000000000, -0.000000000000000000, -1.000000000000000000 ) ) ;
#161 = EDGE_LOOP ( 'NONE', ( #2624, #573, #1781, #3441 ) ) ;
#162 = EDGE_LOOP ( 'NONE', ( #5117, #75, #4946, #135 ) ) ;
#163 = EDGE_CURVE ( 'NONE', #1944, #4796, #4422, .T. ) ;
#164 = DIRECTION ( 'NONE',  ( 0.000000000000000000, -0.000000000000000000, 1.000000000000000000 ) ) ;
#165 = EDGE_CURVE ( 'NONE', #1401, #4418, #2460, .T. ) ;
#166 = DIRECTION ( 'NONE',  ( 1.000000000000000000, 0.000000000000000000, 0.000000000000000000 ) ) ;
#167 = AXIS2_PLACEMENT_3D ( 'NONE', #1475, #1906, #1448 ) ;
#168 = CARTESIAN_POINT ( 'NONE',  ( 5.931756891039327684, -16.47324427700572969, 10.00000000000000000 ) ) ;
#169 = ORIENTED_EDGE ( 'NONE', *, *, #1625, .F. ) ;
#170 = CIRCLE ( 'NONE', #1278, 4.500000000000001776 ) ;
#171 = VECTOR ( 'NONE', #223, 1000.000000000000000 ) ;
#172 = DIRECTION ( 'NONE',  ( -0.000000000000000000, -0.000000000000000000, 1.000000000000000000 ) ) ;
#173 = FACE_OUTER_BOUND ( 'NONE', #1767, .T. ) ;
#174 = EDGE_LOOP ( 'NONE', ( #156, #2072, #127, #1433 ) ) ;
#175 = DIRECTION ( 'NONE',  ( -0.000000000000000000, -0.000000000000000000, 1.000000000000000000 ) ) ;
#176 = ORIENTED_EDGE ( 'NONE', *, *, #1693, .T. ) ;
#177 = FACE_OUTER_BOUND ( 'NONE', #1622, .T. ) ;
#178 = VERTEX_POINT ( 'NONE', #5142 ) ;
#179 = LINE ( 'NONE', #2583, #3106 ) ;
#180 = ORIENTED_EDGE ( 'NONE', *, *, #4134, .F. ) ;
#181 = ORIENTED_EDGE ( 'NONE', *, *, #720, .F. ) ;
#182 = DIRECTION ( 'NONE',  ( 1.000000000000000000, 0.000000000000000000, 0.000000000000000000 ) ) ;
#183 = CARTESIAN_POINT ( 'NONE',  ( 13.83397262833647723, -10.73194847838600730, -10.00000000000000000 ) ) ;
#184 = ADVANCED_FACE ( 'NONE', ( #5118 ), #2305, .T. ) ;
#185 = ORIENTED_EDGE ( 'NONE', *, *, #1087, .F. ) ;
#186 = EDGE_CURVE ( 'NONE', #1008, #4825, #924, .T. ) ;
#187 = AXIS2_PLACEMENT_3D ( 'NONE', #4141, #4115, #464 ) ;
#188 = ORIENTED_EDGE ( 'NONE', *, *, #815, .F. ) ;
#189 = EDGE_CURVE ( 'NONE', #1959, #1085, #1423, .T. ) ;
#190 = AXIS2_PLACEMENT_3D ( 'NONE', #2190, #1765, #1785 ) ;
#191 = CARTESIAN_POINT ( 'NONE',  ( -17.06765459969022558, -6.124892512523616439, -10.00000000000000000 ) ) ;
#192 = DIRECTION ( 'NONE',  ( 1.000000000000000000, 0.000000000000000000, 0.000000000000000000 ) ) ;
#193 = CARTESIAN_POINT ( 'NONE',  ( 18.12500000000001421, -0.5509236102166922278, -10.00000000000000000 ) ) ;
#194 = VECTOR ( 'NONE', #1706, 1000.000000000000000 ) ;
#195 = FACE_OUTER_BOUND ( 'NONE', #5164, .T. ) ;
#196 = ORIENTED_EDGE ( 'NONE', *, *, #1912, .F. ) ;
#197 = CIRCLE ( 'NONE', #3440, 4.500000000000000888 ) ;
#198 = LINE ( 'NONE', #1827, #2700 ) ;
#199 = DIRECTION ( 'NONE',  ( -0.000000000000000000, -0.000000000000000000, 1.000000000000000000 ) ) ;
#200 = DIRECTION ( 'NONE',  ( 1.000000000000000000, 0.000000000000000000, 0.000000000000000000 ) ) ;
#201 = ORIENTED_EDGE ( 'NONE', *, *, #4897, .F. ) ;
#202 = ORIENTED_EDGE ( 'NONE', *, *, #1108, .T. ) ;
#203 = ORIENTED_EDGE ( 'NONE', *, *, #1110, .F. ) ;
#204 = DIRECTION ( 'NONE',  ( 0.000000000000000000, 0.000000000000000000, -1.000000000000000000 ) ) ;
#205 = CYLINDRICAL_SURFACE ( 'NONE', #880, 0.6250000000000005551 ) ;
#206 = ORIENTED_EDGE ( 'NONE', *, *, #4072, .T. ) ;
#207 = CIRCLE ( 'NONE', #128, 22.00000000000000000 ) ;
#208 = ORIENTED_EDGE ( 'NONE', *, *, #1135, .T. ) ;
#209 = PLANE ( 'NONE',  #1995 ) ;
#210 = AXIS2_PLACEMENT_3D ( 'NONE', #2826, #4831, #4859 ) ;
#211 = CIRCLE ( 'NONE', #65, 0.6250000000000001110 ) ;
#212 = DIRECTION ( 'NONE',  ( -0.000000000000000000, 0.000000000000000000, 1.000000000000000000 ) ) ;
#213 = EDGE_CURVE ( 'NONE', #4825, #1008, #3476, .T. ) ;
#214 = DIRECTION ( 'NONE',  ( 0.000000000000000000, 0.000000000000000000, -1.000000000000000000 ) ) ;
#215 = ADVANCED_FACE ( 'NONE', ( #3563 ), #5203, .F. ) ;
#216 = DIRECTION ( 'NONE',  ( -1.000000000000000000, 0.000000000000000000, 0.000000000000000000 ) ) ;
#217 = CIRCLE ( 'NONE', #4227, 4.500000000000000000 ) ;
#218 = DIRECTION ( 'NONE',  ( 0.000000000000000000, 0.000000000000000000, 1.000000000000000000 ) ) ;
#219 = ORIENTED_EDGE ( 'NONE', *, *, #2309, .T. ) ;
#220 = AXIS2_PLACEMENT_3D ( 'NONE', #4619, #4595, #935 ) ;
#221 = DIRECTION ( 'NONE',  ( 0.9510565162951580831, -0.3090169943749332404, 0.000000000000000000 ) ) ;
#222 = CARTESIAN_POINT ( 'NONE',  ( -5.671554599608693792, -18.33657332175918597, -10.00000000000000000 ) ) ;
#223 = DIRECTION ( 'NONE',  ( -0.000000000000000000, 0.000000000000000000, 1.000000000000000000 ) ) ;
#224 = CARTESIAN_POINT ( 'NONE',  ( 10.73194847838595756, 13.83397262833651453, -10.00000000000000000 ) ) ;
#225 = AXIS2_PLACEMENT_3D ( 'NONE', #1270, #4154, #2907 ) ;
#226 = EDGE_CURVE ( 'NONE', #2647, #5021, #236, .T. ) ;
#227 = CIRCLE ( 'NONE', #2959, 0.6250000000000001110 ) ;
#228 = CARTESIAN_POINT ( 'NONE',  ( 14.33960824982082372, -11.09931426106879826, 10.00000000000000000 ) ) ;
#229 = VERTEX_POINT ( 'NONE', #1131 ) ;
#230 = EDGE_LOOP ( 'NONE', ( #4273, #3841, #148, #4240 ) ) ;
#231 = ORIENTED_EDGE ( 'NONE', *, *, #1356, .F. ) ;
#232 = DIRECTION ( 'NONE',  ( 1.000000000000000000, 0.000000000000000000, 0.000000000000000000 ) ) ;
#233 = ORIENTED_EDGE ( 'NONE', *, *, #3613, .F. ) ;
#234 = DIRECTION ( 'NONE',  ( 1.000000000000000000, 0.000000000000000000, 0.000000000000000000 ) ) ;
#235 = ORIENTED_EDGE ( 'NONE', *, *, #3426, .F. ) ;
#236 = CIRCLE ( 'NONE', #326, 4.500000000000000888 ) ;
#237 = EDGE_LOOP ( 'NONE', ( #2642, #1710, #2832, #1127 ) ) ;
#238 = DIRECTION ( 'NONE',  ( 1.000000000000000000, 0.000000000000000000, 0.000000000000000000 ) ) ;
#239 = CARTESIAN_POINT ( 'NONE',  ( 16.81373379332465490, -4.883837912083802912, -10.00000000000000000 ) ) ;
#240 = EDGE_CURVE ( 'NONE', #878, #1540, #3314, .T. ) ;
#241 = CARTESIAN_POINT ( 'NONE',  ( 6.189583320500982033, -18.16825558712694288, -10.00000000000000000 ) ) ;
#242 = DIRECTION ( 'NONE',  ( 0.000000000000000000, -0.000000000000000000, -1.000000000000000000 ) ) ;
#243 = FACE_OUTER_BOUND ( 'NONE', #3207, .T. ) ;
#244 = CARTESIAN_POINT ( 'NONE',  ( -5.076973533568319930, 17.40814411600907974, -10.00000000000000000 ) ) ;
#245 = VERTEX_POINT ( 'NONE', #2681 ) ;
#246 = CARTESIAN_POINT ( 'NONE',  ( 0.5509236102168820759, 18.12500000000000711, 10.00000000000000000 ) ) ;
#247 = CARTESIAN_POINT ( 'NONE',  ( -11.09931426106885510, -14.33960824982077931, 10.00000000000000000 ) ) ;
#248 = DIRECTION ( 'NONE',  ( 1.000000000000000000, 0.000000000000000000, 0.000000000000000000 ) ) ;
#249 = EDGE_CURVE ( 'NONE', #4842, #2814, #1688, .T. ) ;
#250 = EDGE_CURVE ( 'NONE', #3861, #3418, #765, .T. ) ;
#251 = EDGE_CURVE ( 'NONE', #3763, #589, #2541, .T. ) ;
#252 = DIRECTION ( 'NONE',  ( 1.000000000000000000, 0.000000000000000000, 0.000000000000000000 ) ) ;
#253 = VECTOR ( 'NONE', #71, 1000.000000000000000 ) ;
#254 = VECTOR ( 'NONE', #4314, 1000.000000000000000 ) ;
#255 = EDGE_CURVE ( 'NONE', #5291, #1888, #1599, .T. ) ;
#256 = ORIENTED_EDGE ( 'NONE', *, *, #3911, .T. ) ;
#257 = CARTESIAN_POINT ( 'NONE',  ( 10.73194847838626309, -13.83397262833628005, 10.00000000000000000 ) ) ;
#258 = VERTEX_POINT ( 'NONE', #4014 ) ;
#259 = VERTEX_POINT ( 'NONE', #4954 ) ;
#260 = LINE ( 'NONE', #1884, #1676 ) ;
#261 = DIRECTION ( 'NONE',  ( -1.000000000000000000, 0.000000000000000000, 0.000000000000000000 ) ) ;
#262 = VERTEX_POINT ( 'NONE', #3641 ) ;
#263 = ORIENTED_EDGE ( 'NONE', *, *, #1360, .T. ) ;
#264 = CARTESIAN_POINT ( 'NONE',  ( -11.09931426106895636, 14.33960824982070470, -10.00000000000000000 ) ) ;
#265 = DIRECTION ( 'NONE',  ( -0.000000000000000000, -0.000000000000000000, 1.000000000000000000 ) ) ;
#266 = FACE_OUTER_BOUND ( 'NONE', #2033, .T. ) ;
#267 = CARTESIAN_POINT ( 'NONE',  ( 0.000000000000000000, 0.000000000000000000, 10.00000000000000000 ) ) ;
#268 = ORIENTED_EDGE ( 'NONE', *, *, #1883, .F. ) ;
#269 = CARTESIAN_POINT ( 'NONE',  ( -21.62221772207217185, 4.059519772006082050, -10.00000000000000000 ) ) ;
#270 = AXIS2_PLACEMENT_3D ( 'NONE', #2168, #5041, #4153 ) ;
#271 = VERTEX_POINT ( 'NONE', #845 ) ;
#272 = CARTESIAN_POINT ( 'NONE',  ( 19.87886744660634264, 9.425000214337110549, 10.00000000000000000 ) ) ;
#273 = DIRECTION ( 'NONE',  ( 0.000000000000000000, 0.000000000000000000, 1.000000000000000000 ) ) ;
#274 = VECTOR ( 'NONE', #3988, 1000.000000000000000 ) ;
#275 = DIRECTION ( 'NONE',  ( -0.000000000000000000, -0.000000000000000000, 1.000000000000000000 ) ) ;
#276 = CARTESIAN_POINT ( 'NONE',  ( -16.47324427700579719, 5.931756891039152713, -10.00000000000000000 ) ) ;
#277 = CIRCLE ( 'NONE', #2850, 10.00000000000000000 ) ;
#278 = EDGE_CURVE ( 'NONE', #513, #3655, #4250, .T. ) ;
#279 = ORIENTED_EDGE ( 'NONE', *, *, #3481, .T. ) ;
#280 = CARTESIAN_POINT ( 'NONE',  ( -16.44265459969022558, -6.124892512523616439, -10.00000000000000000 ) ) ;
#281 = ORIENTED_EDGE ( 'NONE', *, *, #2443, .T. ) ;
#282 = AXIS2_PLACEMENT_3D ( 'NONE', #3723, #2976, #166 ) ;
#283 = EDGE_CURVE ( 'NONE', #2532, #605, #417, .T. ) ;
#284 = ORIENTED_EDGE ( 'NONE', *, *, #4079, .F. ) ;
#285 = EDGE_CURVE ( 'NONE', #735, #3859, #155, .T. ) ;
#286 = EDGE_CURVE ( 'NONE', #2008, #1712, #3824, .T. ) ;
#288 = DIRECTION ( 'NONE',  ( 1.000000000000000000, 0.000000000000000000, 0.000000000000000000 ) ) ;
#287 = VECTOR ( 'NONE', #2166, 1000.000000000000000 ) ;
#289 = EDGE_LOOP ( 'NONE', ( #3602, #615, #284, #3066 ) ) ;
#290 = FACE_OUTER_BOUND ( 'NONE', #33, .T. ) ;
#291 = ORIENTED_EDGE ( 'NONE', *, *, #157, .T. ) ;
#292 = EDGE_CURVE ( 'NONE', #4027, #3575, #4509, .T. ) ;
#293 = ORIENTED_EDGE ( 'NONE', *, *, #1393, .F. ) ;
#294 = CIRCLE ( 'NONE', #2428, 4.500000000000001776 ) ;
#295 = CIRCLE ( 'NONE', #2087, 22.00000000000000000 ) ;
#296 = DIRECTION ( 'NONE',  ( -0.000000000000000000, -0.000000000000000000, 1.000000000000000000 ) ) ;
#297 = DIRECTION ( 'NONE',  ( -0.000000000000000000, 0.000000000000000000, -1.000000000000000000 ) ) ;
#298 = DIRECTION ( 'NONE',  ( -0.8090169943749423442, -0.5877852522924801315, 0.000000000000000000 ) ) ;
#299 = CIRCLE ( 'NONE', #1914, 4.500000000000000888 ) ;
#300 = DIRECTION ( 'NONE',  ( -0.8090169943749503378, 0.5877852522924692513, 0.000000000000000000 ) ) ;
#301 = ORIENTED_EDGE ( 'NONE', *, *, #3010, .F. ) ;
#302 = CARTESIAN_POINT ( 'NONE',  ( 0.000000000000000000, 0.000000000000000000, 10.00000000000000000 ) ) ;
#303 = ORIENTED_EDGE ( 'NONE', *, *, #3027, .F. ) ;
#304 = DIRECTION ( 'NONE',  ( 0.000000000000000000, 0.000000000000000000, 1.000000000000000000 ) ) ;
#305 = CARTESIAN_POINT ( 'NONE',  ( -6.189583320500719132, -18.16825558712703170, 10.00000000000000000 ) ) ;
#306 = AXIS2_PLACEMENT_3D ( 'NONE', #4326, #4682, #668 ) ;
#307 = DIRECTION ( 'NONE',  ( 0.000000000000000000, 0.000000000000000000, -1.000000000000000000 ) ) ;
#308 = ADVANCED_FACE ( 'NONE', ( #1285 ), #360, .F. ) ;
#309 = DIRECTION ( 'NONE',  ( 0.000000000000000000, 0.000000000000000000, 1.000000000000000000 ) ) ;
#310 = CIRCLE ( 'NONE', #2446, 4.500000000000000888 ) ;
#311 = ORIENTED_EDGE ( 'NONE', *, *, #1422, .T. ) ;
#312 = CARTESIAN_POINT ( 'NONE',  ( 9.840535351850233425, 14.48162217478692426, 10.00000000000000000 ) ) ;
#313 = ORIENTED_EDGE ( 'NONE', *, *, #4930, .T. ) ;
#314 = VECTOR ( 'NONE', #3307, 1000.000000000000000 ) ;
#315 = ORIENTED_EDGE ( 'NONE', *, *, #3827, .T. ) ;
#316 = EDGE_CURVE ( 'NONE', #5056, #4969, #2468, .T. ) ;
#317 = CIRCLE ( 'NONE', #751, 4.500000000000000888 ) ;
#318 = DIRECTION ( 'NONE',  ( 0.8090169943749467851, 0.5877852522924741363, 0.000000000000000000 ) ) ;
#319 = ORIENTED_EDGE ( 'NONE', *, *, #2995, .T. ) ;
#320 = DIRECTION ( 'NONE',  ( 1.000000000000000000, 0.000000000000000000, 0.000000000000000000 ) ) ;
#321 = ORIENTED_EDGE ( 'NONE', *, *, #4353, .F. ) ;
#322 = VERTEX_POINT ( 'NONE', #5283 ) ;
#323 = DIRECTION ( 'NONE',  ( -0.000000000000000000, 0.000000000000000000, 1.000000000000000000 ) ) ;
#324 = EDGE_CURVE ( 'NONE', #368, #262, #4093, .T. ) ;
#325 = EDGE_CURVE ( 'NONE', #1888, #3365, #4742, .T. ) ;
#326 = AXIS2_PLACEMENT_3D ( 'NONE', #4740, #4797, #625 ) ;
#327 = DIRECTION ( 'NONE',  ( 1.000000000000000000, 0.000000000000000000, 0.000000000000000000 ) ) ;
#328 = CARTESIAN_POINT ( 'NONE',  ( 0.000000000000000000, 0.000000000000000000, -5.000000000000000000 ) ) ;
#329 = DIRECTION ( 'NONE',  ( -0.000000000000000000, -0.000000000000000000, 1.000000000000000000 ) ) ;
#330 = CYLINDRICAL_SURFACE ( 'NONE', #4826, 4.500000000000000888 ) ;
#331 = VERTEX_POINT ( 'NONE', #444 ) ;
#332 = DIRECTION ( 'NONE',  ( 0.9510565162951576390, -0.3090169943749348502, 0.000000000000000000 ) ) ;
#333 = ORIENTED_EDGE ( 'NONE', *, *, #4930, .F. ) ;
#334 = EDGE_CURVE ( 'NONE', #3399, #2235, #3243, .T. ) ;
#335 = DIRECTION ( 'NONE',  ( 0.000000000000000000, 0.000000000000000000, -1.000000000000000000 ) ) ;
#336 = DIRECTION ( 'NONE',  ( 1.000000000000000000, 0.000000000000000000, 0.000000000000000000 ) ) ;
#337 = DIRECTION ( 'NONE',  ( -0.000000000000000000, -0.000000000000000000, 1.000000000000000000 ) ) ;
#338 = FACE_OUTER_BOUND ( 'NONE', #3347, .T. ) ;
#339 = CARTESIAN_POINT ( 'NONE',  ( 0.000000000000000000, 0.000000000000000000, -5.000000000000000000 ) ) ;
#340 = ORIENTED_EDGE ( 'NONE', *, *, #3800, .F. ) ;
#341 = FACE_OUTER_BOUND ( 'NONE', #1275, .T. ) ;
#342 = ORIENTED_EDGE ( 'NONE', *, *, #929, .F. ) ;
#343 = CARTESIAN_POINT ( 'NONE',  ( -5.076973533568192920, -17.40814411600911527, 10.00000000000000000 ) ) ;
#344 = AXIS2_PLACEMENT_3D ( 'NONE', #1029, #4371, #1055 ) ;
#345 = VECTOR ( 'NONE', #4850, 1000.000000000000000 ) ;
#346 = CARTESIAN_POINT ( 'NONE',  ( 4.772343815544422441, -19.19172429998743112, -10.00000000000000000 ) ) ;
#347 = ORIENTED_EDGE ( 'NONE', *, *, #3710, .T. ) ;
#348 = CARTESIAN_POINT ( 'NONE',  ( 15.10661573985676398, -15.99344118344491328, -10.00000000000000000 ) ) ;
#349 = ORIENTED_EDGE ( 'NONE', *, *, #3261, .T. ) ;
#350 = ORIENTED_EDGE ( 'NONE', *, *, #4070, .F. ) ;
#351 = DIRECTION ( 'NONE',  ( -0.000000000000000000, -0.000000000000000000, -1.000000000000000000 ) ) ;
#352 = ADVANCED_FACE ( 'NONE', ( #4470 ), #3720, .F. ) ;
#353 = CARTESIAN_POINT ( 'NONE',  ( -15.36635143171850792, 11.50094328468391147, -10.00000000000000000 ) ) ;
#354 = CARTESIAN_POINT ( 'NONE',  ( 19.30949046277813608, 10.54246546439115306, 10.00000000000000000 ) ) ;
#355 = CARTESIAN_POINT ( 'NONE',  ( -19.19172429998743468, 0.2723438155442158837, -10.00000000000000000 ) ) ;
#356 = ORIENTED_EDGE ( 'NONE', *, *, #324, .F. ) ;
#357 = CYLINDRICAL_SURFACE ( 'NONE', #1564, 22.00000000000000000 ) ;
#358 = EDGE_CURVE ( 'NONE', #1283, #2240, #4121, .T. ) ;
#359 = EDGE_LOOP ( 'NONE', ( #2251, #1506, #4547, #1816 ) ) ;
#360 = CYLINDRICAL_SURFACE ( 'NONE', #1753, 7.500000000000000000 ) ;
#361 = CARTESIAN_POINT ( 'NONE',  ( -10.20790113453313808, -14.98725779627119437, -10.00000000000000000 ) ) ;
#362 = DIRECTION ( 'NONE',  ( -0.9510565162951509777, -0.3090169943749553894, 0.000000000000000000 ) ) ;
#363 = AXIS2_PLACEMENT_3D ( 'NONE', #4178, #116, #3898 ) ;
#364 = LINE ( 'NONE', #8, #1067 ) ;
#365 = AXIS2_PLACEMENT_3D ( 'NONE', #4421, #2014, #2039 ) ;
#366 = CIRCLE ( 'NONE', #3770, 0.6250000000000001110 ) ;
#367 = CARTESIAN_POINT ( 'NONE',  ( 5.931756891038983071, 16.47324427700585403, 10.00000000000000000 ) ) ;
#368 = VERTEX_POINT ( 'NONE', #3271 ) ;
#369 =( LENGTH_UNIT ( ) NAMED_UNIT ( * ) SI_UNIT ( .MILLI., .METRE. ) );
#370 = ORIENTED_EDGE ( 'NONE', *, *, #3985, .F. ) ;
#371 = CARTESIAN_POINT ( 'NONE',  ( 11.50094328468374272, 15.36635143171863049, -10.00000000000000000 ) ) ;
#372 = VECTOR ( 'NONE', #4073, 1000.000000000000000 ) ;
#373 = ORIENTED_EDGE ( 'NONE', *, *, #286, .F. ) ;
#374 = DIRECTION ( 'NONE',  ( -0.000000000000000000, -0.000000000000000000, 1.000000000000000000 ) ) ;
#375 = ORIENTED_EDGE ( 'NONE', *, *, #4013, .F. ) ;
#376 = ORIENTED_EDGE ( 'NONE', *, *, #3815, .F. ) ;
#377 = CARTESIAN_POINT ( 'NONE',  ( -17.06765459969027177, 6.124892512523492982, -10.00000000000000000 ) ) ;
#378 = DIRECTION ( 'NONE',  ( -0.000000000000000000, -0.000000000000000000, 1.000000000000000000 ) ) ;
#379 = LINE ( 'NONE', #4438, #4802 ) ;
#380 = CARTESIAN_POINT ( 'NONE',  ( 0.000000000000000000, 0.000000000000000000, 10.00000000000000000 ) ) ;
#381 = CARTESIAN_POINT ( 'NONE',  ( -10.73194847838606236, -13.83397262833643460, 10.00000000000000000 ) ) ;
#382 = VERTEX_POINT ( 'NONE', #3666 ) ;
#383 = FACE_OUTER_BOUND ( 'NONE', #4754, .T. ) ;
#384 = VECTOR ( 'NONE', #2441, 1000.000000000000000 ) ;
#385 = ORIENTED_EDGE ( 'NONE', *, *, #2999, .F. ) ;
#386 = EDGE_CURVE ( 'NONE', #4809, #1023, #2870, .T. ) ;
#387 = DIRECTION ( 'NONE',  ( -0.000000000000000000, -0.000000000000000000, 1.000000000000000000 ) ) ;
#388 = DIRECTION ( 'NONE',  ( 0.000000000000000000, 0.000000000000000000, -1.000000000000000000 ) ) ;
#389 = CARTESIAN_POINT ( 'NONE',  ( 18.16825558712692157, 6.189583320501044206, 10.00000000000000000 ) ) ;
#390 = DIRECTION ( 'NONE',  ( -3.491481338843133355E-15, 1.000000000000000000, 0.000000000000000000 ) ) ;
#391 = AXIS2_PLACEMENT_3D ( 'NONE', #5234, #3534, #5180 ) ;
#392 = AXIS2_PLACEMENT_3D ( 'NONE', #4147, #965, #2924 ) ;
#393 = PLANE ( 'NONE',  #3774 ) ;
#394 = FILL_AREA_STYLE ('',( #5290 ) ) ;
#395 = VERTEX_POINT ( 'NONE', #3694 ) ;
#396 = ADVANCED_FACE ( 'NONE', ( #34 ), #1665, .T. ) ;
#397 = CARTESIAN_POINT ( 'NONE',  ( 0.000000000000000000, 0.000000000000000000, -5.000000000000000000 ) ) ;
#398 = CIRCLE ( 'NONE', #649, 4.500000000000000888 ) ;
#399 = VECTOR ( 'NONE', #5097, 1000.000000000000000 ) ;
#400 = ORIENTED_EDGE ( 'NONE', *, *, #4200, .T. ) ;
#401 = FACE_OUTER_BOUND ( 'NONE', #4425, .T. ) ;
#402 = VERTEX_POINT ( 'NONE', #4625 ) ;
#403 = VERTEX_POINT ( 'NONE', #1820 ) ;
#404 = DIRECTION ( 'NONE',  ( 0.000000000000000000, 0.000000000000000000, 1.000000000000000000 ) ) ;
#405 = AXIS2_PLACEMENT_3D ( 'NONE', #3796, #139, #5033 ) ;
#406 = CARTESIAN_POINT ( 'NONE',  ( 0.5509236102168820759, 17.50000000000000355, -10.00000000000000000 ) ) ;
#407 = CARTESIAN_POINT ( 'NONE',  ( -10.54246546439094701, 19.30949046277825687, -10.00000000000000000 ) ) ;
#408 = CARTESIAN_POINT ( 'NONE',  ( -2.820800000000002417, 21.81841165988028663, -10.00000000000000000 ) ) ;
#409 = VERTEX_POINT ( 'NONE', #5007 ) ;
#410 = CARTESIAN_POINT ( 'NONE',  ( -15.10661573985653483, -15.99344118344513177, 10.00000000000000000 ) ) ;
#411 = AXIS2_PLACEMENT_3D ( 'NONE', #343, #2021, #1563 ) ;
#412 = ORIENTED_EDGE ( 'NONE', *, *, #584, .F. ) ;
#413 = EDGE_CURVE ( 'NONE', #3861, #3887, #591, .T. ) ;
#414 = DIRECTION ( 'NONE',  ( 0.000000000000000000, -0.000000000000000000, 1.000000000000000000 ) ) ;
#415 = DIRECTION ( 'NONE',  ( 0.000000000000000000, -0.000000000000000000, 1.000000000000000000 ) ) ;
#416 = DIRECTION ( 'NONE',  ( 0.000000000000000000, 0.000000000000000000, 1.000000000000000000 ) ) ;
#417 = CIRCLE ( 'NONE', #1947, 0.6250000000000004441 ) ;
#418 = CARTESIAN_POINT ( 'NONE',  ( -11.09931426106895636, 14.33960824982070470, 10.00000000000000000 ) ) ;
#419 = EDGE_CURVE ( 'NONE', #1054, #245, #1384, .T. ) ;
#420 = CARTESIAN_POINT ( 'NONE',  ( -15.99344118344497545, -15.10661573985670181, 10.00000000000000000 ) ) ;
#421 = EDGE_CURVE ( 'NONE', #3510, #3439, #217, .T. ) ;
#422 = EDGE_CURVE ( 'NONE', #4410, #1549, #3212, .T. ) ;
#423 = CARTESIAN_POINT ( 'NONE',  ( 14.48162217478667202, 9.840535351850602908, 10.00000000000000000 ) ) ;
#424 = ORIENTED_EDGE ( 'NONE', *, *, #3094, .F. ) ;
#425 = DIRECTION ( 'NONE',  ( 0.000000000000000000, 0.000000000000000000, 1.000000000000000000 ) ) ;
#426 = ORIENTED_EDGE ( 'NONE', *, *, #1195, .T. ) ;
#427 = ADVANCED_FACE ( 'NONE', ( #894 ), #2194, .T. ) ;
#428 = EDGE_CURVE ( 'NONE', #4418, #952, #3884, .T. ) ;
#429 = DIRECTION ( 'NONE',  ( -0.000000000000000000, -0.000000000000000000, 1.000000000000000000 ) ) ;
#430 = VECTOR ( 'NONE', #1728, 1000.000000000000000 ) ;
#431 = VERTEX_POINT ( 'NONE', #4172 ) ;
#432 = VERTEX_POINT ( 'NONE', #3849 ) ;
#433 = DIRECTION ( 'NONE',  ( 0.000000000000000000, 0.000000000000000000, -1.000000000000000000 ) ) ;
#434 = AXIS2_PLACEMENT_3D ( 'NONE', #4329, #3635, #4087 ) ;
#435 = AXIS2_PLACEMENT_3D ( 'NONE', #4075, #3620, #1673 ) ;
#436 = VECTOR ( 'NONE', #2336, 999.9999999999998863 ) ;
#437 = DIRECTION ( 'NONE',  ( 1.000000000000000000, 0.000000000000000000, 0.000000000000000000 ) ) ;
#438 = CARTESIAN_POINT ( 'NONE',  ( -1.171554599608693348, -18.33657332175918597, -10.00000000000000000 ) ) ;
#439 = DIRECTION ( 'NONE',  ( -0.000000000000000000, -0.000000000000000000, 1.000000000000000000 ) ) ;
#440 = PRODUCT_CONTEXT ( 'NONE', #5252, 'mechanical' ) ;
#441 = ORIENTED_EDGE ( 'NONE', *, *, #3400, .T. ) ;
#442 = ADVANCED_FACE ( 'NONE', ( #1338 ), #519, .T. ) ;
#443 = ORIENTED_EDGE ( 'NONE', *, *, #2111, .F. ) ;
#444 = CARTESIAN_POINT ( 'NONE',  ( 10.68958332050058324, 18.16825558712707789, 10.00000000000000000 ) ) ;
#445 = CARTESIAN_POINT ( 'NONE',  ( 16.47324427700571192, 5.931756891039385415, -10.00000000000000000 ) ) ;
#446 = DIRECTION ( 'NONE',  ( 0.5877852522924712497, 0.8090169943749487835, 0.000000000000000000 ) ) ;
#447 = LINE ( 'NONE', #873, #4833 ) ;
#448 = LINE ( 'NONE', #5288, #2929 ) ;
#449 = CARTESIAN_POINT ( 'NONE',  ( -4.059519772006158433, 21.62221772207215764, 10.00000000000000000 ) ) ;
#450 = CIRCLE ( 'NONE', #1976, 4.500000000000000888 ) ;
#451 = SURFACE_STYLE_FILL_AREA ( #394 ) ;
#452 = ORIENTED_EDGE ( 'NONE', *, *, #5024, .T. ) ;
#453 = CARTESIAN_POINT ( 'NONE',  ( -18.12500000000000355, -0.5509236102169453586, -10.00000000000000000 ) ) ;
#454 = EDGE_CURVE ( 'NONE', #1712, #3462, #3021, .T. ) ;
#455 = EDGE_CURVE ( 'NONE', #5111, #1534, #2162, .T. ) ;
#456 = CARTESIAN_POINT ( 'NONE',  ( -9.717862376724413664, 15.37518435613159618, -10.00000000000000000 ) ) ;
#457 = ORIENTED_EDGE ( 'NONE', *, *, #5067, .T. ) ;
#458 = VECTOR ( 'NONE', #5236, 1000.000000000000000 ) ;
#459 = VERTEX_POINT ( 'NONE', #997 ) ;
#460 = DIRECTION ( 'NONE',  ( -0.8090169943749465631, -0.5877852522924742473, 0.000000000000000000 ) ) ;
#461 = AXIS2_PLACEMENT_3D ( 'NONE', #1044, #2930, #1290 ) ;
#462 = ADVANCED_FACE ( 'NONE', ( #2627 ), #111, .F. ) ;
#463 = LINE ( 'NONE', #2082, #2796 ) ;
#464 = DIRECTION ( 'NONE',  ( -0.5877852522924712497, -0.8090169943749487835, 0.000000000000000000 ) ) ;
#465 = ORIENTED_EDGE ( 'NONE', *, *, #4935, .T. ) ;
#466 = ORIENTED_EDGE ( 'NONE', *, *, #2847, .F. ) ;
#467 = DIRECTION ( 'NONE',  ( 0.000000000000000000, 0.000000000000000000, 1.000000000000000000 ) ) ;
#468 = CARTESIAN_POINT ( 'NONE',  ( -10.20790113453313808, -14.98725779627119437, 10.00000000000000000 ) ) ;
#469 = AXIS2_PLACEMENT_3D ( 'NONE', #2734, #3952, #1824 ) ;
#470 = CARTESIAN_POINT ( 'NONE',  ( 0.000000000000000000, 0.000000000000000000, 5.000000000000000000 ) ) ;
#471 = CARTESIAN_POINT ( 'NONE',  ( 0.000000000000000000, 0.000000000000000000, 10.00000000000000000 ) ) ;
#472 = AXIS2_PLACEMENT_3D ( 'NONE', #2126, #4970, #4132 ) ;
#473 = DIRECTION ( 'NONE',  ( -0.000000000000000000, -0.000000000000000000, 1.000000000000000000 ) ) ;
#474 = AXIS2_PLACEMENT_3D ( 'NONE', #305, #4828, #1470 ) ;
#475 = DIRECTION ( 'NONE',  ( -0.000000000000000000, -0.000000000000000000, 1.000000000000000000 ) ) ;
#476 = CARTESIAN_POINT ( 'NONE',  ( 0.2723438155444214415, -19.19172429998743112, 10.00000000000000000 ) ) ;
#477 = ORIENTED_EDGE ( 'NONE', *, *, #1983, .T. ) ;
#478 = CARTESIAN_POINT ( 'NONE',  ( -7.500000000000000000, 9.184850993605147944E-16, 10.00000000000000000 ) ) ;
#479 = VERTEX_POINT ( 'NONE', #1739 ) ;
#480 = VECTOR ( 'NONE', #5167, 1000.000000000000000 ) ;
#481 = DIRECTION ( 'NONE',  ( 1.110223024625156383E-14, -1.000000000000000000, 0.000000000000000000 ) ) ;
#482 = ORIENTED_EDGE ( 'NONE', *, *, #4600, .F. ) ;
#483 = DIRECTION ( 'NONE',  ( -1.079383496163346391E-14, 1.000000000000000000, 0.000000000000000000 ) ) ;
#484 = EDGE_CURVE ( 'NONE', #2795, #2380, #3376, .T. ) ;
#485 = AXIS2_PLACEMENT_3D ( 'NONE', #5051, #587, #3712 ) ;
#486 = CARTESIAN_POINT ( 'NONE',  ( -6.124892512523429033, -17.06765459969028953, 10.00000000000000000 ) ) ;
#487 = DIRECTION ( 'NONE',  ( -0.000000000000000000, -0.000000000000000000, 1.000000000000000000 ) ) ;
#488 = ORIENTED_EDGE ( 'NONE', *, *, #2879, .F. ) ;
#489 = PLANE ( 'NONE',  #2827 ) ;
#490 = ADVANCED_FACE ( 'NONE', ( #2997 ), #496, .F. ) ;
#491 = ADVANCED_FACE ( 'NONE', ( #1312 ), #4577, .T. ) ;
#492 = ORIENTED_EDGE ( 'NONE', *, *, #21, .T. ) ;
#493 = VECTOR ( 'NONE', #636, 1000.000000000000000 ) ;
#494 = ADVANCED_FACE ( 'NONE', ( #4195 ), #541, .F. ) ;
#495 = VERTEX_POINT ( 'NONE', #1123 ) ;
#496 = CYLINDRICAL_SURFACE ( 'NONE', #2953, 0.6250000000000005551 ) ;
#497 = CARTESIAN_POINT ( 'NONE',  ( 21.62221772207210790, 4.059519772006387583, -10.00000000000000000 ) ) ;
#498 = CIRCLE ( 'NONE', #1682, 0.6250000000000004441 ) ;
#499 = FACE_OUTER_BOUND ( 'NONE', #4346, .T. ) ;
#500 = CARTESIAN_POINT ( 'NONE',  ( -21.81841165988029729, 2.820799999999926033, 10.00000000000000000 ) ) ;
#501 = DIRECTION ( 'NONE',  ( 0.000000000000000000, 0.000000000000000000, 1.000000000000000000 ) ) ;
#502 = AXIS2_PLACEMENT_3D ( 'NONE', #3500, #1899, #1050 ) ;
#503 = CARTESIAN_POINT ( 'NONE',  ( 5.671554599608693792, -18.33657332175918597, 10.00000000000000000 ) ) ;
#504 = CYLINDRICAL_SURFACE ( 'NONE', #4098, 0.6250000000000005551 ) ;
#505 = VERTEX_POINT ( 'NONE', #3978 ) ;
#506 = CARTESIAN_POINT ( 'NONE',  ( -18.12500000000000355, -0.5509236102169453586, 10.00000000000000000 ) ) ;
#507 = VERTEX_POINT ( 'NONE', #1410 ) ;
#508 = DIRECTION ( 'NONE',  ( 0.000000000000000000, -0.000000000000000000, 1.000000000000000000 ) ) ;
#509 = ORIENTED_EDGE ( 'NONE', *, *, #3133, .T. ) ;
#510 = CARTESIAN_POINT ( 'NONE',  ( 10.00000000000000000, 1.224646799147353256E-15, -5.000000000000000000 ) ) ;
#511 = DIRECTION ( 'NONE',  ( 1.110223024625156225E-14, -1.000000000000000000, 0.000000000000000000 ) ) ;
#512 = CARTESIAN_POINT ( 'NONE',  ( 0.000000000000000000, 0.000000000000000000, 10.00000000000000000 ) ) ;
#513 = VERTEX_POINT ( 'NONE', #2296 ) ;
#514 =( NAMED_UNIT ( * ) PLANE_ANGLE_UNIT ( ) SI_UNIT ( $, .RADIAN. ) );
#515 = ORIENTED_EDGE ( 'NONE', *, *, #4139, .T. ) ;
#516 = CIRCLE ( 'NONE', #941, 10.00000000000000000 ) ;
#517 = EDGE_CURVE ( 'NONE', #5217, #4750, #2272, .T. ) ;
#518 = ORIENTED_EDGE ( 'NONE', *, *, #4013, .T. ) ;
#519 = CYLINDRICAL_SURFACE ( 'NONE', #3629, 4.500000000000000888 ) ;
#520 = CARTESIAN_POINT ( 'NONE',  ( 4.059519772006312088, -21.62221772207212211, -10.00000000000000000 ) ) ;
#521 = EDGE_CURVE ( 'NONE', #2822, #3384, #3073, .T. ) ;
#522 = DIRECTION ( 'NONE',  ( -0.9510565162951556406, 0.3090169943749410120, 0.000000000000000000 ) ) ;
#523 = CARTESIAN_POINT ( 'NONE',  ( 15.37518435613148782, 9.717862376724578866, -10.00000000000000000 ) ) ;
#524 = EDGE_CURVE ( 'NONE', #1101, #2180, #2727, .T. ) ;
#525 = CARTESIAN_POINT ( 'NONE',  ( 9.425000214336623827, 19.87886744660657712, -10.00000000000000000 ) ) ;
#526 = DIRECTION ( 'NONE',  ( 1.000000000000000000, 0.000000000000000000, 0.000000000000000000 ) ) ;
#527 = CARTESIAN_POINT ( 'NONE',  ( 14.98725779627101140, 10.20790113453340453, -10.00000000000000000 ) ) ;
#528 = EDGE_LOOP ( 'NONE', ( #77, #4266, #757, #1399 ) ) ;
#529 = CARTESIAN_POINT ( 'NONE',  ( -9.582901134533242882, 14.98725779627112686, -10.00000000000000000 ) ) ;
#530 = CARTESIAN_POINT ( 'NONE',  ( -14.48162217478681590, 9.840535351850393297, 10.00000000000000000 ) ) ;
#531 = EDGE_LOOP ( 'NONE', ( #3136, #2710, #1189, #4777, #3741, #5184 ) ) ;
#532 = ORIENTED_EDGE ( 'NONE', *, *, #413, .F. ) ;
#533 = CARTESIAN_POINT ( 'NONE',  ( 15.68651078837833168, 11.06028173450764740, -10.00000000000000000 ) ) ;
#534 = ORIENTED_EDGE ( 'NONE', *, *, #325, .F. ) ;
#535 = AXIS2_PLACEMENT_3D ( 'NONE', #678, #275, #1901 ) ;
#536 = CYLINDRICAL_SURFACE ( 'NONE', #4579, 22.00000000000000000 ) ;
#537 = FACE_OUTER_BOUND ( 'NONE', #1276, .T. ) ;
#538 = ORIENTED_EDGE ( 'NONE', *, *, #3094, .T. ) ;
#539 = ORIENTED_EDGE ( 'NONE', *, *, #2453, .F. ) ;
#540 = AXIS2_PLACEMENT_3D ( 'NONE', #3672, #3278, #4504 ) ;
#541 = CYLINDRICAL_SURFACE ( 'NONE', #2009, 0.6250000000000005551 ) ;
#542 = PLANE ( 'NONE',  #405 ) ;
#543 = AXIS2_PLACEMENT_3D ( 'NONE', #7, #337, #3274 ) ;
#544 = DIRECTION ( 'NONE',  ( -0.000000000000000000, -0.000000000000000000, 1.000000000000000000 ) ) ;
#545 = DIRECTION ( 'NONE',  ( 0.5877852522924830181, -0.8090169943749402348, 0.000000000000000000 ) ) ;
#546 = EDGE_CURVE ( 'NONE', #402, #432, #1867, .T. ) ;
#547 = CIRCLE ( 'NONE', #2252, 4.499999999999999112 ) ;
#548 = FACE_OUTER_BOUND ( 'NONE', #3762, .T. ) ;
#549 = CARTESIAN_POINT ( 'NONE',  ( 11.06028173450726371, 15.68651078837860346, -10.00000000000000000 ) ) ;
#550 = CARTESIAN_POINT ( 'NONE',  ( 0.2723438155444214415, -19.19172429998743112, -10.00000000000000000 ) ) ;
#551 = ORIENTED_EDGE ( 'NONE', *, *, #2185, .T. ) ;
#552 = DIRECTION ( 'NONE',  ( 0.000000000000000000, 0.000000000000000000, -1.000000000000000000 ) ) ;
#553 = AXIS2_PLACEMENT_3D ( 'NONE', #1577, #2007, #1548 ) ;
#554 = ADVANCED_FACE ( 'NONE', ( #5136 ), #1516, .T. ) ;
#555 = CIRCLE ( 'NONE', #391, 7.500000000000000000 ) ;
#556 = EDGE_LOOP ( 'NONE', ( #2645, #3014, #804, #1750 ) ) ;
#557 = CARTESIAN_POINT ( 'NONE',  ( 11.50094328468374272, 15.36635143171863049, -10.00000000000000000 ) ) ;
#558 = VERTEX_POINT ( 'NONE', #3947 ) ;
#559 = ORIENTED_EDGE ( 'NONE', *, *, #1361, .F. ) ;
#560 = CIRCLE ( 'NONE', #3537, 0.6249999999999997780 ) ;
#561 = EDGE_CURVE ( 'NONE', #2968, #4441, #132, .T. ) ;
#562 = DIRECTION ( 'NONE',  ( 1.000000000000000000, 0.000000000000000000, 0.000000000000000000 ) ) ;
#563 = ORIENTED_EDGE ( 'NONE', *, *, #620, .F. ) ;
#564 = DIRECTION ( 'NONE',  ( 0.000000000000000000, -0.000000000000000000, 1.000000000000000000 ) ) ;
#565 = ORIENTED_EDGE ( 'NONE', *, *, #3423, .F. ) ;
#566 = ORIENTED_EDGE ( 'NONE', *, *, #3067, .T. ) ;
#567 = AXIS2_PLACEMENT_3D ( 'NONE', #28, #1652, #3290 ) ;
#568 = CARTESIAN_POINT ( 'NONE',  ( -10.73194847838616006, 13.83397262833636177, -10.00000000000000000 ) ) ;
#569 = DIRECTION ( 'NONE',  ( 1.000000000000000000, 0.000000000000000000, 0.000000000000000000 ) ) ;
#570 = AXIS2_PLACEMENT_3D ( 'NONE', #222, #575, #2573 ) ;
#571 = DIRECTION ( 'NONE',  ( 1.000000000000000000, 0.000000000000000000, 0.000000000000000000 ) ) ;
#572 = LINE ( 'NONE', #3771, #4223 ) ;
#573 = ORIENTED_EDGE ( 'NONE', *, *, #1913, .F. ) ;
#574 = VECTOR ( 'NONE', #1869, 1000.000000000000000 ) ;
#575 = DIRECTION ( 'NONE',  ( -0.000000000000000000, -0.000000000000000000, 1.000000000000000000 ) ) ;
#576 = PLANE ( 'NONE',  #5038 ) ;
#577 = ORIENTED_EDGE ( 'NONE', *, *, #2310, .F. ) ;
#578 = EDGE_CURVE ( 'NONE', #3999, #3389, #2673, .T. ) ;
#579 = CIRCLE ( 'NONE', #4247, 0.6249999999999998890 ) ;
#580 = EDGE_CURVE ( 'NONE', #4809, #1001, #2176, .T. ) ;
#581 = ORIENTED_EDGE ( 'NONE', *, *, #4836, .F. ) ;
#582 = CARTESIAN_POINT ( 'NONE',  ( -1.175390804045149951, 18.15080162460478164, 10.00000000000000000 ) ) ;
#583 = ORIENTED_EDGE ( 'NONE', *, *, #1656, .F. ) ;
#584 = EDGE_CURVE ( 'NONE', #952, #5163, #1924, .T. ) ;
#585 = ADVANCED_FACE ( 'NONE', ( #2248 ), #4703, .T. ) ;
#586 = ORIENTED_EDGE ( 'NONE', *, *, #4944, .T. ) ;
#587 = DIRECTION ( 'NONE',  ( 0.000000000000000000, -0.000000000000000000, 1.000000000000000000 ) ) ;
#588 = CARTESIAN_POINT ( 'NONE',  ( 0.000000000000000000, 0.000000000000000000, -10.00000000000000000 ) ) ;
#589 = VERTEX_POINT ( 'NONE', #5194 ) ;
#590 = ORIENTED_EDGE ( 'NONE', *, *, #988, .T. ) ;
#591 = LINE ( 'NONE', #919, #3297 ) ;
#592 = DIRECTION ( 'NONE',  ( 0.9510565162951545304, -0.3090169943749447312, 0.000000000000000000 ) ) ;
#593 = EDGE_CURVE ( 'NONE', #1202, #4496, #3542, .T. ) ;
#594 = DIRECTION ( 'NONE',  ( 0.8090169943749466741, 0.5877852522924742473, 0.000000000000000000 ) ) ;
#595 = CYLINDRICAL_SURFACE ( 'NONE', #2427, 0.6250000000000005551 ) ;
#596 = VERTEX_POINT ( 'NONE', #2326 ) ;
#597 = VECTOR ( 'NONE', #4556, 1000.000000000000000 ) ;
#598 = PRODUCT_DEFINITION_FORMATION_WITH_SPECIFIED_SOURCE ( 'ANY', '', #2781, .NOT_KNOWN. ) ;
#599 = CARTESIAN_POINT ( 'NONE',  ( 19.30949046277813608, 10.54246546439115306, -10.00000000000000000 ) ) ;
#600 = LINE ( 'NONE', #1026, #171 ) ;
#601 = EDGE_LOOP ( 'NONE', ( #2656, #666 ) ) ;
#602 = CARTESIAN_POINT ( 'NONE',  ( -16.44265459969027177, 6.124892512523492982, -10.00000000000000000 ) ) ;
#603 = ORIENTED_EDGE ( 'NONE', *, *, #2837, .F. ) ;
#604 = CARTESIAN_POINT ( 'NONE',  ( -19.19172429998743468, 0.2723438155442158837, 10.00000000000000000 ) ) ;
#605 = VERTEX_POINT ( 'NONE', #3153 ) ;
#606 = DIRECTION ( 'NONE',  ( 0.000000000000000000, 0.000000000000000000, 1.000000000000000000 ) ) ;
#607 = ORIENTED_EDGE ( 'NONE', *, *, #3010, .T. ) ;
#608 = EDGE_LOOP ( 'NONE', ( #5173, #5004, #3934, #4974, #3628, #747, #2812, #1578, #4214, #534, #1966, #2736, #703, #4162, #4694, #385, #1231, #4246, #4766, #1014, #1117, #5245, #4359, #2858, #3593, #995, #916, #2362, #1801, #4812, #231, #4427, #4565, #2113, #2052, #1017, #370, #99, #1130, #2245, #2262, #3587, #2025, #5057, #723, #1010, #4916, #2988, #3097, #1083, #3285, #1568, #3624, #3043, #2753, #577, #1994, #1453, #5107, #4403, #5028, #3414, #3045, #2289, #3867, #3121, #939, #2915, #2786, #4192, #764, #169, #1226, #2696, #2133, #3041, #1984, #3077, #2507, #45, #603, #2983, #5172, #3891, #1370, #3199, #1251, #989, #1832, #4349, #5073, #180, #3394, #539, #4289, #4748, #2555, #4379, #58, #333, #5295, #1390, #1928, #1807, #3309, #2515, #1836, #181, #3150, #3484, #4181, #1921, #987, #2442, #3499, #2914, #3944, #904, #3889, #1632, #3039, #869, #3141, #4229, #3963, #31, #2660, #4589, #1061, #350, #2290, #1825, #1713, #4064, #2672, #466 ) ) ;
#609 = ADVANCED_FACE ( 'NONE', ( #645 ), #1435, .T. ) ;
#610 = DIRECTION ( 'NONE',  ( -0.000000000000000000, 0.000000000000000000, -1.000000000000000000 ) ) ;
#611 = ORIENTED_EDGE ( 'NONE', *, *, #3640, .T. ) ;
#612 = CYLINDRICAL_SURFACE ( 'NONE', #1890, 0.6250000000000005551 ) ;
#613 = VERTEX_POINT ( 'NONE', #1094 ) ;
#614 = VECTOR ( 'NONE', #4328, 1000.000000000000000 ) ;
#615 = ORIENTED_EDGE ( 'NONE', *, *, #2703, .F. ) ;
#616 = AXIS2_PLACEMENT_3D ( 'NONE', #3075, #3102, #216 ) ;
#617 = FACE_OUTER_BOUND ( 'NONE', #691, .T. ) ;
#618 = CIRCLE ( 'NONE', #4369, 22.00000000000000000 ) ;
#619 = CARTESIAN_POINT ( 'NONE',  ( 0.000000000000000000, 0.000000000000000000, 10.00000000000000000 ) ) ;
#620 = EDGE_CURVE ( 'NONE', #1505, #1054, #1923, .T. ) ;
#621 = DIRECTION ( 'NONE',  ( 0.9510565162951529761, 0.3090169943749495607, 0.000000000000000000 ) ) ;
#622 = VECTOR ( 'NONE', #4478, 1000.000000000000000 ) ;
#623 = DIRECTION ( 'NONE',  ( -0.000000000000000000, -0.000000000000000000, 1.000000000000000000 ) ) ;
#624 = ORIENTED_EDGE ( 'NONE', *, *, #1756, .F. ) ;
#625 = DIRECTION ( 'NONE',  ( -0.9510565162951556406, 0.3090169943749410120, 0.000000000000000000 ) ) ;
#626 = DIRECTION ( 'NONE',  ( 1.000000000000000000, 0.000000000000000000, 0.000000000000000000 ) ) ;
#627 = LINE ( 'NONE', #1419, #436 ) ;
#628 = CYLINDRICAL_SURFACE ( 'NONE', #733, 0.6250000000000005551 ) ;
#629 = VERTEX_POINT ( 'NONE', #2652 ) ;
#630 = DIRECTION ( 'NONE',  ( -0.5877852522924653655, -0.8090169943749531134, 0.000000000000000000 ) ) ;
#631 = ORIENTED_EDGE ( 'NONE', *, *, #3249, .F. ) ;
#632 = VECTOR ( 'NONE', #736, 1000.000000000000000 ) ;
#633 = ORIENTED_EDGE ( 'NONE', *, *, #1450, .F. ) ;
#634 = VERTEX_POINT ( 'NONE', #4277 ) ;
#635 = AXIS2_PLACEMENT_3D ( 'NONE', #267, #1927, #1894 ) ;
#636 = DIRECTION ( 'NONE',  ( -0.000000000000000000, -0.000000000000000000, 1.000000000000000000 ) ) ;
#637 = CARTESIAN_POINT ( 'NONE',  ( -13.83397262833632269, -10.73194847838620625, -10.00000000000000000 ) ) ;
#638 = VERTEX_POINT ( 'NONE', #3897 ) ;
#639 = AXIS2_PLACEMENT_3D ( 'NONE', #3166, #4800, #2282 ) ;
#640 = ORIENTED_EDGE ( 'NONE', *, *, #5062, .T. ) ;
#641 = VECTOR ( 'NONE', #768, 1000.000000000000000 ) ;
#642 = VECTOR ( 'NONE', #3766, 1000.000000000000000 ) ;
#643 = EDGE_CURVE ( 'NONE', #432, #1402, #990, .T. ) ;
#644 = EDGE_CURVE ( 'NONE', #3707, #3596, #740, .T. ) ;
#645 = FACE_OUTER_BOUND ( 'NONE', #2632, .T. ) ;
#646 = CARTESIAN_POINT ( 'NONE',  ( -18.33657332175916466, -5.671554599608757741, -10.00000000000000000 ) ) ;
#647 = CARTESIAN_POINT ( 'NONE',  ( 0.000000000000000000, 0.000000000000000000, -5.000000000000000000 ) ) ;
#648 = CARTESIAN_POINT ( 'NONE',  ( -10.73194847838616006, 13.83397262833636177, -10.00000000000000000 ) ) ;
#649 = AXIS2_PLACEMENT_3D ( 'NONE', #2839, #808, #863 ) ;
#650 = DIRECTION ( 'NONE',  ( 1.000000000000000000, 0.000000000000000000, 0.000000000000000000 ) ) ;
#651 = EDGE_CURVE ( 'NONE', #431, #1559, #1670, .T. ) ;
#652 = VERTEX_POINT ( 'NONE', #3183 ) ;
#653 = VECTOR ( 'NONE', #1343, 1000.000000000000000 ) ;
#654 = CARTESIAN_POINT ( 'NONE',  ( 10.20790113453335302, -14.98725779627104515, 10.00000000000000000 ) ) ;
#655 = CYLINDRICAL_SURFACE ( 'NONE', #639, 0.6250000000000005551 ) ;
#656 = DIRECTION ( 'NONE',  ( 0.000000000000000000, -0.000000000000000000, 1.000000000000000000 ) ) ;
#657 = DIRECTION ( 'NONE',  ( 0.000000000000000000, 0.000000000000000000, 1.000000000000000000 ) ) ;
#658 = VECTOR ( 'NONE', #1795, 1000.000000000000000 ) ;
#659 = VERTEX_POINT ( 'NONE', #759 ) ;
#660 = LINE ( 'NONE', #3485, #5211 ) ;
#661 = ORIENTED_EDGE ( 'NONE', *, *, #1356, .T. ) ;
#662 = EDGE_LOOP ( 'NONE', ( #4664, #5044 ) ) ;
#663 = FACE_OUTER_BOUND ( 'NONE', #719, .T. ) ;
#664 = VERTEX_POINT ( 'NONE', #1183 ) ;
#665 = DIRECTION ( 'NONE',  ( 0.000000000000000000, -0.000000000000000000, 1.000000000000000000 ) ) ;
#666 = ORIENTED_EDGE ( 'NONE', *, *, #4864, .F. ) ;
#667 = ORIENTED_EDGE ( 'NONE', *, *, #39, .T. ) ;
#668 = DIRECTION ( 'NONE',  ( -1.000000000000000000, 0.000000000000000000, 0.000000000000000000 ) ) ;
#669 = DIRECTION ( 'NONE',  ( -1.000000000000000000, 0.000000000000000000, 0.000000000000000000 ) ) ;
#670 = DIRECTION ( 'NONE',  ( 0.000000000000000000, 0.000000000000000000, -1.000000000000000000 ) ) ;
#671 = DIRECTION ( 'NONE',  ( 0.5877852522924742473, -0.8090169943749466741, 0.000000000000000000 ) ) ;
#672 = CARTESIAN_POINT ( 'NONE',  ( -2.820800000000002417, 21.81841165988028663, 10.00000000000000000 ) ) ;
#673 = EDGE_CURVE ( 'NONE', #1805, #638, #3718, .T. ) ;
#674 = ORIENTED_EDGE ( 'NONE', *, *, #2310, .T. ) ;
#675 = CARTESIAN_POINT ( 'NONE',  ( 19.87886744660634264, 9.425000214337110549, -10.00000000000000000 ) ) ;
#676 = ADVANCED_FACE ( 'NONE', ( #4899 ), #4005, .T. ) ;
#677 = CARTESIAN_POINT ( 'NONE',  ( -15.99344118344507848, 15.10661573985658990, 10.00000000000000000 ) ) ;
#678 = CARTESIAN_POINT ( 'NONE',  ( 17.40814411600902289, 5.076973533568504671, -10.00000000000000000 ) ) ;
#679 = DIRECTION ( 'NONE',  ( 1.000000000000000000, 0.000000000000000000, 0.000000000000000000 ) ) ;
#680 = VECTOR ( 'NONE', #2932, 1000.000000000000000 ) ;
#681 = ADVANCED_FACE ( 'NONE', ( #2385 ), #4515, .T. ) ;
#682 = AXIS2_PLACEMENT_3D ( 'NONE', #4265, #2613, #4211 ) ;
#683 = EDGE_CURVE ( 'NONE', #2010, #1160, #3237, .T. ) ;
#684 = AXIS2_PLACEMENT_3D ( 'NONE', #3930, #656, #1935 ) ;
#685 = EDGE_CURVE ( 'NONE', #3919, #907, #3607, .T. ) ;
#686 = PRODUCT_DEFINITION_CONTEXT ( 'detailed design', #3772, 'design' ) ;
#687 = ORIENTED_EDGE ( 'NONE', *, *, #2871, .T. ) ;
#688 = DIRECTION ( 'NONE',  ( 1.000000000000000000, 0.000000000000000000, 0.000000000000000000 ) ) ;
#689 = ORIENTED_EDGE ( 'NONE', *, *, #4473, .T. ) ;
#690 = AXIS2_PLACEMENT_3D ( 'NONE', #1257, #866, #2920 ) ;
#691 = EDGE_LOOP ( 'NONE', ( #3490, #4305, #4866, #2987 ) ) ;
#692 = CARTESIAN_POINT ( 'NONE',  ( 13.83397262833647723, -10.73194847838600730, 10.00000000000000000 ) ) ;
#693 = ORIENTED_EDGE ( 'NONE', *, *, #1951, .T. ) ;
#694 = DIRECTION ( 'NONE',  ( 0.000000000000000000, 0.000000000000000000, 1.000000000000000000 ) ) ;
#695 = ORIENTED_EDGE ( 'NONE', *, *, #3967, .T. ) ;
#696 = ORIENTED_EDGE ( 'NONE', *, *, #2789, .T. ) ;
#697 = EDGE_CURVE ( 'NONE', #1478, #4027, #2408, .T. ) ;
#698 = AXIS2_PLACEMENT_3D ( 'NONE', #328, #5168, #2356 ) ;
#699 = CARTESIAN_POINT ( 'NONE',  ( -15.36635143171842444, -11.50094328468401983, -10.00000000000000000 ) ) ;
#700 = DIRECTION ( 'NONE',  ( 1.000000000000000000, 0.000000000000000000, 0.000000000000000000 ) ) ;
#701 = DIRECTION ( 'NONE',  ( -0.000000000000000000, -0.000000000000000000, 1.000000000000000000 ) ) ;
#702 = PLANE ( 'NONE',  #2342 ) ;
#703 = ORIENTED_EDGE ( 'NONE', *, *, #4934, .F. ) ;
#704 = LINE ( 'NONE', #269, #3953 ) ;
#705 = VECTOR ( 'NONE', #2349, 1000.000000000000000 ) ;
#706 = VERTEX_POINT ( 'NONE', #4924 ) ;
#707 = DIRECTION ( 'NONE',  ( 1.000000000000000000, 0.000000000000000000, 0.000000000000000000 ) ) ;
#708 = CARTESIAN_POINT ( 'NONE',  ( 0.5509236102168820759, -17.50000000000000355, 10.00000000000000000 ) ) ;
#709 = VECTOR ( 'NONE', #3444, 1000.000000000000000 ) ;
#710 = CARTESIAN_POINT ( 'NONE',  ( 0.7500000000000007772, 8.250000000000000000, 10.00000000000000000 ) ) ;
#711 = DIRECTION ( 'NONE',  ( -0.000000000000000000, 0.000000000000000000, 1.000000000000000000 ) ) ;
#712 = EDGE_CURVE ( 'NONE', #3982, #3735, #4489, .T. ) ;
#713 = AXIS2_PLACEMENT_3D ( 'NONE', #3005, #4530, #1318 ) ;
#714 = EDGE_CURVE ( 'NONE', #2270, #3439, #4032, .T. ) ;
#715 = ORIENTED_EDGE ( 'NONE', *, *, #2022, .T. ) ;
#716 = CARTESIAN_POINT ( 'NONE',  ( -17.50000000000000000, -0.5509236102169432492, 10.00000000000000000 ) ) ;
#717 = ORIENTED_EDGE ( 'NONE', *, *, #286, .T. ) ;
#718 = ADVANCED_FACE ( 'NONE', ( #1573 ), #1600, .T. ) ;
#719 = EDGE_LOOP ( 'NONE', ( #1247, #2718, #2269, #1938 ) ) ;
#720 = EDGE_CURVE ( 'NONE', #3760, #910, #398, .T. ) ;
#722 = LINE ( 'NONE', #2500, #833 ) ;
#721 = VECTOR ( 'NONE', #623, 1000.000000000000000 ) ;
#723 = ORIENTED_EDGE ( 'NONE', *, *, #4674, .F. ) ;
#724 = CARTESIAN_POINT ( 'NONE',  ( -4.883837912083854427, -16.81373379332464424, -10.00000000000000000 ) ) ;
#725 = ORIENTED_EDGE ( 'NONE', *, *, #4668, .T. ) ;
#726 = ORIENTED_EDGE ( 'NONE', *, *, #749, .T. ) ;
#727 = CARTESIAN_POINT ( 'NONE',  ( 17.40814411600912592, -5.076973533568140518, -10.00000000000000000 ) ) ;
#728 = EDGE_CURVE ( 'NONE', #1590, #2593, #2436, .T. ) ;
#729 = AXIS2_PLACEMENT_3D ( 'NONE', #4282, #3383, #626 ) ;
#730 = CARTESIAN_POINT ( 'NONE',  ( -7.500000000000000000, 9.184850993605147944E-16, -10.00000000000000000 ) ) ;
#731 = FACE_OUTER_BOUND ( 'NONE', #2391, .T. ) ;
#732 = FACE_BOUND ( 'NONE', #531, .T. ) ;
#733 = AXIS2_PLACEMENT_3D ( 'NONE', #1053, #4336, #679 ) ;
#734 = DIRECTION ( 'NONE',  ( 0.000000000000000000, -0.000000000000000000, -1.000000000000000000 ) ) ;
#735 = VERTEX_POINT ( 'NONE', #406 ) ;
#736 = DIRECTION ( 'NONE',  ( 0.000000000000000000, -0.000000000000000000, 1.000000000000000000 ) ) ;
#737 = ORIENTED_EDGE ( 'NONE', *, *, #1252, .F. ) ;
#738 = CARTESIAN_POINT ( 'NONE',  ( -16.81373379332459095, -4.883837912084039168, -10.00000000000000000 ) ) ;
#739 = DIRECTION ( 'NONE',  ( 1.000000000000000000, 0.000000000000000000, 0.000000000000000000 ) ) ;
#740 = CIRCLE ( 'NONE', #3965, 0.6249999999999994449 ) ;
#741 = FACE_OUTER_BOUND ( 'NONE', #3286, .T. ) ;
#742 = CARTESIAN_POINT ( 'NONE',  ( 10.20790113453302439, 14.98725779627127075, 10.00000000000000000 ) ) ;
#743 = VECTOR ( 'NONE', #1378, 1000.000000000000000 ) ;
#744 = DIRECTION ( 'NONE',  ( -0.000000000000000000, -0.000000000000000000, -1.000000000000000000 ) ) ;
#745 = ORIENTED_EDGE ( 'NONE', *, *, #2221, .T. ) ;
#746 = DIRECTION ( 'NONE',  ( 1.000000000000000000, 0.000000000000000000, 0.000000000000000000 ) ) ;
#747 = ORIENTED_EDGE ( 'NONE', *, *, #1650, .F. ) ;
#748 = ORIENTED_EDGE ( 'NONE', *, *, #3193, .T. ) ;
#749 = EDGE_CURVE ( 'NONE', #3446, #4316, #2099, .T. ) ;
#750 = ADVANCED_FACE ( 'NONE', ( #5301 ), #1627, .T. ) ;
#751 = AXIS2_PLACEMENT_3D ( 'NONE', #3767, #4278, #2596 ) ;
#752 = CARTESIAN_POINT ( 'NONE',  ( 0.7500000000000007772, 7.462405778299650017, -10.00000000000000000 ) ) ;
#753 = ADVANCED_FACE ( 'NONE', ( #2487 ), #2056, .F. ) ;
#754 = EDGE_LOOP ( 'NONE', ( #152, #1835, #1016, #441 ) ) ;
#755 = DIRECTION ( 'NONE',  ( 0.000000000000000000, 0.000000000000000000, -1.000000000000000000 ) ) ;
#756 = ORIENTED_EDGE ( 'NONE', *, *, #4758, .T. ) ;
#757 = ORIENTED_EDGE ( 'NONE', *, *, #4960, .T. ) ;
#758 = CARTESIAN_POINT ( 'NONE',  ( -17.06765459969022558, -6.124892512523616439, 10.00000000000000000 ) ) ;
#759 = CARTESIAN_POINT ( 'NONE',  ( -13.83397262833639729, 10.73194847838611032, 10.00000000000000000 ) ) ;
#760 = DIRECTION ( 'NONE',  ( 1.000000000000000000, 0.000000000000000000, 0.000000000000000000 ) ) ;
#761 = DIRECTION ( 'NONE',  ( -0.000000000000000000, -0.000000000000000000, 1.000000000000000000 ) ) ;
#762 = CARTESIAN_POINT ( 'NONE',  ( 7.500000000000000000, 0.000000000000000000, -10.00000000000000000 ) ) ;
#763 = VERTEX_POINT ( 'NONE', #2893 ) ;
#764 = ORIENTED_EDGE ( 'NONE', *, *, #3504, .T. ) ;
#765 = LINE ( 'NONE', #63, #4858 ) ;
#766 = LINE ( 'NONE', #1051, #1747 ) ;
#767 = CYLINDRICAL_SURFACE ( 'NONE', #1725, 4.500000000000000888 ) ;
#768 = DIRECTION ( 'NONE',  ( -0.000000000000000000, -0.000000000000000000, 1.000000000000000000 ) ) ;
#769 = LINE ( 'NONE', #3619, #622 ) ;
#770 = ORIENTED_EDGE ( 'NONE', *, *, #4039, .F. ) ;
#771 = DIRECTION ( 'NONE',  ( 0.000000000000000000, 0.000000000000000000, 1.000000000000000000 ) ) ;
#772 = ORIENTED_EDGE ( 'NONE', *, *, #2313, .T. ) ;
#773 = DIRECTION ( 'NONE',  ( 0.000000000000000000, 1.000000000000000000, 0.000000000000000000 ) ) ;
#774 = CIRCLE ( 'NONE', #4780, 0.6249999999999995559 ) ;
#775 = VERTEX_POINT ( 'NONE', #4114 ) ;
#776 = CARTESIAN_POINT ( 'NONE',  ( 10.54246546439108734, -19.30949046277817160, -10.00000000000000000 ) ) ;
#777 = EDGE_LOOP ( 'NONE', ( #3392, #2075, #934, #4512 ) ) ;
#778 = ORIENTED_EDGE ( 'NONE', *, *, #3170, .T. ) ;
#779 = DIRECTION ( 'NONE',  ( 1.000000000000000000, 0.000000000000000000, 0.000000000000000000 ) ) ;
#780 = EDGE_CURVE ( 'NONE', #2584, #910, #463, .T. ) ;
#781 = CARTESIAN_POINT ( 'NONE',  ( -14.33960824982066207, -11.09931426106900432, -10.00000000000000000 ) ) ;
#782 = CARTESIAN_POINT ( 'NONE',  ( -10.54246546439094701, 19.30949046277825687, 10.00000000000000000 ) ) ;
#783 = DIRECTION ( 'NONE',  ( -1.000000000000000000, 0.000000000000000000, 0.000000000000000000 ) ) ;
#784 = DIRECTION ( 'NONE',  ( 0.000000000000000000, 0.000000000000000000, 1.000000000000000000 ) ) ;
#785 = ORIENTED_EDGE ( 'NONE', *, *, #976, .F. ) ;
#786 = LINE ( 'NONE', #4823, #36 ) ;
#787 = ORIENTED_EDGE ( 'NONE', *, *, #5193, .T. ) ;
#788 = EDGE_CURVE ( 'NONE', #2748, #5281, #4149, .T. ) ;
#789 = CARTESIAN_POINT ( 'NONE',  ( 6.189583320500583241, 18.16825558712707789, -10.00000000000000000 ) ) ;
#790 = DIRECTION ( 'NONE',  ( -0.000000000000000000, -0.000000000000000000, 1.000000000000000000 ) ) ;
#791 = CARTESIAN_POINT ( 'NONE',  ( -6.726769246911835864, 16.89922242757905124, -10.00000000000000000 ) ) ;
#792 = CARTESIAN_POINT ( 'NONE',  ( -18.15080162460477808, -1.175390804045213233, -10.00000000000000000 ) ) ;
#793 = AXIS2_PLACEMENT_3D ( 'NONE', #3474, #2730, #1437 ) ;
#794 = AXIS2_PLACEMENT_3D ( 'NONE', #2366, #1164, #5285 ) ;
#795 = AXIS2_PLACEMENT_3D ( 'NONE', #5052, #134, #3845 ) ;
#796 = DIRECTION ( 'NONE',  ( 0.000000000000000000, -0.000000000000000000, 1.000000000000000000 ) ) ;
#797 = CARTESIAN_POINT ( 'NONE',  ( -17.06765459969022558, -6.124892512523616439, -10.00000000000000000 ) ) ;
#798 = ORIENTED_EDGE ( 'NONE', *, *, #5130, .F. ) ;
#799 = CYLINDRICAL_SURFACE ( 'NONE', #2685, 0.6250000000000005551 ) ;
#800 = DIRECTION ( 'NONE',  ( 0.000000000000000000, 0.000000000000000000, -1.000000000000000000 ) ) ;
#801 = EDGE_LOOP ( 'NONE', ( #1969, #4357, #4594, #687 ) ) ;
#802 = FACE_OUTER_BOUND ( 'NONE', #4313, .T. ) ;
#803 = ORIENTED_EDGE ( 'NONE', *, *, #1829, .T. ) ;
#804 = ORIENTED_EDGE ( 'NONE', *, *, #4839, .T. ) ;
#805 = DIRECTION ( 'NONE',  ( 1.000000000000000000, 0.000000000000000000, 0.000000000000000000 ) ) ;
#806 = ADVANCED_FACE ( 'NONE', ( #4976 ), #54, .F. ) ;
#807 = AXIS2_PLACEMENT_3D ( 'NONE', #3098, #433, #1624 ) ;
#808 = DIRECTION ( 'NONE',  ( -0.000000000000000000, 0.000000000000000000, -1.000000000000000000 ) ) ;
#809 = DIRECTION ( 'NONE',  ( 1.000000000000000000, 0.000000000000000000, 0.000000000000000000 ) ) ;
#810 = CARTESIAN_POINT ( 'NONE',  ( 13.83397262833647723, -10.73194847838600730, -10.00000000000000000 ) ) ;
#811 = EDGE_LOOP ( 'NONE', ( #477, #2948, #4539, #963 ) ) ;
#812 = DIRECTION ( 'NONE',  ( -0.3090169943749499493, 0.9510565162951527540, 0.000000000000000000 ) ) ;
#813 = VECTOR ( 'NONE', #5077, 1000.000000000000000 ) ;
#814 = EDGE_CURVE ( 'NONE', #1974, #1879, #4165, .T. ) ;
#815 = EDGE_CURVE ( 'NONE', #1779, #1160, #1494, .T. ) ;
#816 = ADVANCED_FACE ( 'NONE', ( #2966 ), #3789, .F. ) ;
#817 = ORIENTED_EDGE ( 'NONE', *, *, #189, .T. ) ;
#818 = CIRCLE ( 'NONE', #1831, 22.00000000000000000 ) ;
#819 = DIRECTION ( 'NONE',  ( 1.000000000000000000, 0.000000000000000000, 0.000000000000000000 ) ) ;
#820 = LINE ( 'NONE', #4067, #2169 ) ;
#821 = ADVANCED_FACE ( 'NONE', ( #1784 ), #1683, .T. ) ;
#822 = EDGE_CURVE ( 'NONE', #2805, #3816, #2877, .T. ) ;
#823 = DIRECTION ( 'NONE',  ( -0.000000000000000000, 0.000000000000000000, 1.000000000000000000 ) ) ;
#824 = CIRCLE ( 'NONE', #3287, 22.00000000000000000 ) ;
#825 = CARTESIAN_POINT ( 'NONE',  ( 21.81841165988025466, 2.820800000000230678, -10.00000000000000000 ) ) ;
#826 = CIRCLE ( 'NONE', #2868, 0.6250000000000007772 ) ;
#827 = AXIS2_PLACEMENT_3D ( 'NONE', #2355, #296, #3099 ) ;
#828 = CARTESIAN_POINT ( 'NONE',  ( 19.87886744660654159, -9.425000214336693105, -10.00000000000000000 ) ) ;
#829 = DIRECTION ( 'NONE',  ( 0.000000000000000000, 0.000000000000000000, 1.000000000000000000 ) ) ;
#830 = ORIENTED_EDGE ( 'NONE', *, *, #25, .T. ) ;
#831 = CARTESIAN_POINT ( 'NONE',  ( 0.000000000000000000, 0.000000000000000000, 10.00000000000000000 ) ) ;
#832 = CIRCLE ( 'NONE', #3544, 4.500000000000001776 ) ;
#833 = VECTOR ( 'NONE', #3358, 1000.000000000000000 ) ;
#834 = DIRECTION ( 'NONE',  ( -0.000000000000000000, -0.000000000000000000, -1.000000000000000000 ) ) ;
#835 = ORIENTED_EDGE ( 'NONE', *, *, #4503, .T. ) ;
#836 = ORIENTED_EDGE ( 'NONE', *, *, #4733, .T. ) ;
#837 = FACE_OUTER_BOUND ( 'NONE', #2815, .T. ) ;
#838 = VECTOR ( 'NONE', #2136, 1000.000000000000000 ) ;
#839 = CARTESIAN_POINT ( 'NONE',  ( -15.68651078837849155, 11.06028173450742536, -10.00000000000000000 ) ) ;
#840 = CARTESIAN_POINT ( 'NONE',  ( 4.491043080150511457, 17.62565389454308118, -10.00000000000000000 ) ) ;
#841 = LINE ( 'NONE', #4007, #5299 ) ;
#842 = EDGE_LOOP ( 'NONE', ( #509, #5253, #2554, #586 ) ) ;
#843 = AXIS2_PLACEMENT_3D ( 'NONE', #1498, #335, #2766 ) ;
#844 = ORIENTED_EDGE ( 'NONE', *, *, #683, .F. ) ;
#845 = CARTESIAN_POINT ( 'NONE',  ( 0.5509236102168821869, -17.50000000000000355, -10.00000000000000000 ) ) ;
#846 = DIRECTION ( 'NONE',  ( 0.000000000000000000, 0.000000000000000000, 1.000000000000000000 ) ) ;
#847 = LINE ( 'NONE', #3590, #3521 ) ;
#848 = AXIS2_PLACEMENT_3D ( 'NONE', #3299, #4932, #4444 ) ;
#849 = DIRECTION ( 'NONE',  ( -0.000000000000000000, -0.000000000000000000, 1.000000000000000000 ) ) ;
#850 = EDGE_CURVE ( 'NONE', #479, #3674, #2181, .T. ) ;
#851 = CARTESIAN_POINT ( 'NONE',  ( 0.000000000000000000, 0.000000000000000000, -10.00000000000000000 ) ) ;
#852 = DIRECTION ( 'NONE',  ( 0.000000000000000000, -0.000000000000000000, 1.000000000000000000 ) ) ;
#853 = FACE_OUTER_BOUND ( 'NONE', #777, .T. ) ;
#854 = VERTEX_POINT ( 'NONE', #2917 ) ;
#855 = CARTESIAN_POINT ( 'NONE',  ( 10.73194847838626309, -13.83397262833628005, 10.00000000000000000 ) ) ;
#856 = EDGE_CURVE ( 'NONE', #3823, #4549, #2694, .T. ) ;
#857 = EDGE_CURVE ( 'NONE', #1559, #589, #1708, .T. ) ;
#858 = DIRECTION ( 'NONE',  ( -0.5877852522924770229, 0.8090169943749445647, 0.000000000000000000 ) ) ;
#859 = CIRCLE ( 'NONE', #3835, 0.6250000000000004441 ) ;
#860 = ORIENTED_EDGE ( 'NONE', *, *, #4769, .F. ) ;
#861 = EDGE_LOOP ( 'NONE', ( #4370, #1786, #4622, #2216 ) ) ;
#862 = CIRCLE ( 'NONE', #1198, 4.500000000000000000 ) ;
#863 = DIRECTION ( 'NONE',  ( 0.9510565162951576390, -0.3090169943749348502, 0.000000000000000000 ) ) ;
#864 = CARTESIAN_POINT ( 'NONE',  ( -4.883837912083977884, 16.81373379332460871, -10.00000000000000000 ) ) ;
#865 = CARTESIAN_POINT ( 'NONE',  ( 0.000000000000000000, 0.000000000000000000, -10.00000000000000000 ) ) ;
#866 = DIRECTION ( 'NONE',  ( 0.000000000000000000, 0.000000000000000000, 1.000000000000000000 ) ) ;
#867 = EDGE_LOOP ( 'NONE', ( #3028, #340 ) ) ;
#868 = ADVANCED_FACE ( 'NONE', ( #3343 ), #536, .T. ) ;
#869 = ORIENTED_EDGE ( 'NONE', *, *, #881, .F. ) ;
#870 = DIRECTION ( 'NONE',  ( 0.000000000000000000, 0.000000000000000000, -1.000000000000000000 ) ) ;
#871 = DIRECTION ( 'NONE',  ( -1.000000000000000000, 0.000000000000000000, 0.000000000000000000 ) ) ;
#872 = DIRECTION ( 'NONE',  ( 1.000000000000000000, 0.000000000000000000, 0.000000000000000000 ) ) ;
#873 = CARTESIAN_POINT ( 'NONE',  ( -2.820800000000002417, -21.81841165988028663, -10.00000000000000000 ) ) ;
#874 = DIRECTION ( 'NONE',  ( 1.000000000000000000, 0.000000000000000000, 0.000000000000000000 ) ) ;
#875 = CARTESIAN_POINT ( 'NONE',  ( 16.47324427700583271, -5.931756891039039914, -10.00000000000000000 ) ) ;
#876 = EDGE_CURVE ( 'NONE', #3925, #1873, #79, .T. ) ;
#877 = DIRECTION ( 'NONE',  ( -0.000000000000000000, -0.000000000000000000, 1.000000000000000000 ) ) ;
#878 = VERTEX_POINT ( 'NONE', #4570 ) ;
#879 = CYLINDRICAL_SURFACE ( 'NONE', #3450, 0.6250000000000005551 ) ;
#880 = AXIS2_PLACEMENT_3D ( 'NONE', #1838, #3469, #4700 ) ;
#881 = EDGE_CURVE ( 'NONE', #3951, #5085, #3040, .T. ) ;
#882 = EDGE_CURVE ( 'NONE', #4171, #5281, #1764, .T. ) ;
#883 = DIRECTION ( 'NONE',  ( 0.000000000000000000, 0.000000000000000000, 1.000000000000000000 ) ) ;
#884 = ORIENTED_EDGE ( 'NONE', *, *, #911, .F. ) ;
#885 = CARTESIAN_POINT ( 'NONE',  ( -11.06028173450748220, 15.68651078837845070, 10.00000000000000000 ) ) ;
#886 = VERTEX_POINT ( 'NONE', #3017 ) ;
#887 = LINE ( 'NONE', #4972, #1223 ) ;
#888 = CARTESIAN_POINT ( 'NONE',  ( 17.49999999999999645, 0.5509236102170653737, -10.00000000000000000 ) ) ;
#889 = DIRECTION ( 'NONE',  ( -0.000000000000000000, -0.000000000000000000, 1.000000000000000000 ) ) ;
#890 = ORIENTED_EDGE ( 'NONE', *, *, #285, .T. ) ;
#891 = LINE ( 'NONE', #1309, #1279 ) ;
#892 = ORIENTED_EDGE ( 'NONE', *, *, #2505, .F. ) ;
#893 = ORIENTED_EDGE ( 'NONE', *, *, #2185, .F. ) ;
#894 = FACE_OUTER_BOUND ( 'NONE', #2933, .T. ) ;
#895 = LINE ( 'NONE', #445, #3026 ) ;
#896 = AXIS2_PLACEMENT_3D ( 'NONE', #2630, #4254, #2569 ) ;
#897 = DIRECTION ( 'NONE',  ( -0.000000000000000000, 0.000000000000000000, -1.000000000000000000 ) ) ;
#898 = CARTESIAN_POINT ( 'NONE',  ( -0.5509236102168820759, 18.12500000000000711, -10.00000000000000000 ) ) ;
#899 = CIRCLE ( 'NONE', #1745, 0.6250000000000000000 ) ;
#900 = DIRECTION ( 'NONE',  ( 0.000000000000000000, 0.000000000000000000, -1.000000000000000000 ) ) ;
#901 = CIRCLE ( 'NONE', #4484, 0.6250000000000006661 ) ;
#902 = CARTESIAN_POINT ( 'NONE',  ( 10.73194847838626309, -13.83397262833628005, -10.00000000000000000 ) ) ;
#903 = CARTESIAN_POINT ( 'NONE',  ( -14.33960824982066207, -11.09931426106900432, -10.00000000000000000 ) ) ;
#904 = ORIENTED_EDGE ( 'NONE', *, *, #189, .F. ) ;
#905 = CIRCLE ( 'NONE', #2006, 4.500000000000000888 ) ;
#906 = CARTESIAN_POINT ( 'NONE',  ( 0.5509236102168820759, -18.12500000000000711, -10.00000000000000000 ) ) ;
#907 = VERTEX_POINT ( 'NONE', #2129 ) ;
#908 = AXIS2_PLACEMENT_3D ( 'NONE', #1769, #3350, #3825 ) ;
#909 = CARTESIAN_POINT ( 'NONE',  ( -5.931756891039090540, -16.47324427700581495, 10.00000000000000000 ) ) ;
#910 = VERTEX_POINT ( 'NONE', #2157 ) ;
#911 = EDGE_CURVE ( 'NONE', #402, #1196, #2529, .T. ) ;
#912 = DIRECTION ( 'NONE',  ( -0.000000000000000000, -0.000000000000000000, 1.000000000000000000 ) ) ;
#913 = EDGE_CURVE ( 'NONE', #1284, #4322, #4230, .T. ) ;
#914 = DIRECTION ( 'NONE',  ( 0.9510565162951529761, 0.3090169943749495607, 0.000000000000000000 ) ) ;
#915 = CARTESIAN_POINT ( 'NONE',  ( 0.000000000000000000, 0.000000000000000000, -10.00000000000000000 ) ) ;
#916 = ORIENTED_EDGE ( 'NONE', *, *, #2309, .F. ) ;
#917 = VERTEX_POINT ( 'NONE', #3395 ) ;
#918 = ORIENTED_EDGE ( 'NONE', *, *, #3939, .T. ) ;
#919 = CARTESIAN_POINT ( 'NONE',  ( 5.931756891039327684, -16.47324427700572969, -10.00000000000000000 ) ) ;
#920 = LINE ( 'NONE', #3351, #5276 ) ;
#921 = CARTESIAN_POINT ( 'NONE',  ( -16.44265459969027177, 6.124892512523492982, -10.00000000000000000 ) ) ;
#922 = DIRECTION ( 'NONE',  ( 1.000000000000000000, 0.000000000000000000, 0.000000000000000000 ) ) ;
#923 = DIRECTION ( 'NONE',  ( -0.000000000000000000, -0.000000000000000000, 1.000000000000000000 ) ) ;
#924 = CIRCLE ( 'NONE', #2198, 15.00000000000000000 ) ;
#925 = LINE ( 'NONE', #2226, #2186 ) ;
#926 = DIRECTION ( 'NONE',  ( 0.000000000000000000, 0.000000000000000000, -1.000000000000000000 ) ) ;
#927 = ORIENTED_EDGE ( 'NONE', *, *, #4798, .F. ) ;
#928 = CARTESIAN_POINT ( 'NONE',  ( -10.00000000000000000, 0.000000000000000000, -10.00000000000000000 ) ) ;
#929 = EDGE_CURVE ( 'NONE', #605, #3600, #310, .T. ) ;
#930 = LINE ( 'NONE', #4238, #2726 ) ;
#931 = EDGE_LOOP ( 'NONE', ( #631, #4407, #566, #983 ) ) ;
#932 = LINE ( 'NONE', #2183, #813 ) ;
#933 = ORIENTED_EDGE ( 'NONE', *, *, #5158, .T. ) ;
#934 = ORIENTED_EDGE ( 'NONE', *, *, #165, .F. ) ;
#935 = DIRECTION ( 'NONE',  ( 1.000000000000000000, 0.000000000000000000, 0.000000000000000000 ) ) ;
#936 = CARTESIAN_POINT ( 'NONE',  ( -0.7499999999999992228, 7.462405778299650017, 10.00000000000000000 ) ) ;
#937 = ORIENTED_EDGE ( 'NONE', *, *, #1267, .T. ) ;
#938 = ADVANCED_FACE ( 'NONE', ( #3917 ), #1430, .F. ) ;
#939 = ORIENTED_EDGE ( 'NONE', *, *, #5055, .F. ) ;
#940 = VECTOR ( 'NONE', #439, 1000.000000000000000 ) ;
#941 = AXIS2_PLACEMENT_3D ( 'NONE', #4130, #1701, #1621 ) ;
#942 = ORIENTED_EDGE ( 'NONE', *, *, #3400, .F. ) ;
#943 = DIRECTION ( 'NONE',  ( -0.000000000000000000, -0.000000000000000000, -1.000000000000000000 ) ) ;
#944 = CARTESIAN_POINT ( 'NONE',  ( -21.62221772207214343, -4.059519772006235705, -10.00000000000000000 ) ) ;
#945 = VECTOR ( 'NONE', #4506, 1000.000000000000000 ) ;
#946 = CARTESIAN_POINT ( 'NONE',  ( 4.883837912083744293, 16.81373379332467266, -10.00000000000000000 ) ) ;
#947 = FACE_OUTER_BOUND ( 'NONE', #2490, .T. ) ;
#948 = EDGE_CURVE ( 'NONE', #1478, #1805, #5181, .T. ) ;
#949 = LINE ( 'NONE', #3749, #957 ) ;
#950 = CARTESIAN_POINT ( 'NONE',  ( 11.50094328468407845, -15.36635143171838003, -10.00000000000000000 ) ) ;
#951 = LINE ( 'NONE', #3008, #597 ) ;
#952 = VERTEX_POINT ( 'NONE', #2318 ) ;
#953 = EDGE_LOOP ( 'NONE', ( #4979, #2159, #3486, #2762 ) ) ;
#954 = DIRECTION ( 'NONE',  ( 0.8090169943749551118, -0.5877852522924625900, 0.000000000000000000 ) ) ;
#955 = ORIENTED_EDGE ( 'NONE', *, *, #3329, .T. ) ;
#956 = ORIENTED_EDGE ( 'NONE', *, *, #929, .T. ) ;
#957 = VECTOR ( 'NONE', #2572, 1000.000000000000000 ) ;
#958 = CIRCLE ( 'NONE', #1042, 22.00000000000000000 ) ;
#959 = DIRECTION ( 'NONE',  ( -0.000000000000000000, -0.000000000000000000, 1.000000000000000000 ) ) ;
#960 = CARTESIAN_POINT ( 'NONE',  ( -0.7499999999999992228, 8.250000000000000000, 10.00000000000000000 ) ) ;
#961 = EDGE_LOOP ( 'NONE', ( #985, #1780, #860, #4639 ) ) ;
#962 = EDGE_CURVE ( 'NONE', #2822, #1814, #832, .T. ) ;
#963 = ORIENTED_EDGE ( 'NONE', *, *, #316, .T. ) ;
#964 = CIRCLE ( 'NONE', #713, 0.6249999999999995559 ) ;
#965 = DIRECTION ( 'NONE',  ( 0.000000000000000000, 0.000000000000000000, 1.000000000000000000 ) ) ;
#966 = LINE ( 'NONE', #944, #4752 ) ;
#967 = CIRCLE ( 'NONE', #2334, 0.6250000000000000000 ) ;
#968 = DIRECTION ( 'NONE',  ( -0.000000000000000000, -0.000000000000000000, 1.000000000000000000 ) ) ;
#969 = CARTESIAN_POINT ( 'NONE',  ( -14.33960824982073845, 11.09931426106890484, 10.00000000000000000 ) ) ;
#970 = ADVANCED_FACE ( 'NONE', ( #663 ), #3468, .T. ) ;
#971 = ADVANCED_FACE ( 'NONE', ( #4345 ), #3516, .F. ) ;
#972 = ADVANCED_FACE ( 'NONE', ( #4376 ), #4753, .T. ) ;
#973 = ORIENTED_EDGE ( 'NONE', *, *, #4337, .F. ) ;
#974 = EDGE_CURVE ( 'NONE', #1758, #3397, #260, .T. ) ;
#975 = AXIS2_PLACEMENT_3D ( 'NONE', #2928, #2224, #5065 ) ;
#976 = EDGE_CURVE ( 'NONE', #3446, #1375, #5106, .T. ) ;
#977 = DIRECTION ( 'NONE',  ( 0.8090169943749551118, -0.5877852522924625900, 0.000000000000000000 ) ) ;
#978 = DIRECTION ( 'NONE',  ( 0.000000000000000000, 0.000000000000000000, -1.000000000000000000 ) ) ;
#979 = ORIENTED_EDGE ( 'NONE', *, *, #3807, .F. ) ;
#980 = CYLINDRICAL_SURFACE ( 'NONE', #2949, 0.6250000000000005551 ) ;
#981 = AXIS2_PLACEMENT_3D ( 'NONE', #4022, #425, #1675 ) ;
#982 = VECTOR ( 'NONE', #4613, 1000.000000000000000 ) ;
#983 = ORIENTED_EDGE ( 'NONE', *, *, #3330, .T. ) ;
#984 = DIRECTION ( 'NONE',  ( -1.000000000000000000, -0.000000000000000000, -0.000000000000000000 ) ) ;
#985 = ORIENTED_EDGE ( 'NONE', *, *, #2847, .T. ) ;
#986 = DIRECTION ( 'NONE',  ( -0.000000000000000000, -0.000000000000000000, 1.000000000000000000 ) ) ;
#987 = ORIENTED_EDGE ( 'NONE', *, *, #1958, .F. ) ;
#988 = EDGE_CURVE ( 'NONE', #1549, #2345, #3069, .T. ) ;
#989 = ORIENTED_EDGE ( 'NONE', *, *, #1669, .F. ) ;
#990 = CIRCLE ( 'NONE', #50, 22.00000000000000000 ) ;
#991 = CARTESIAN_POINT ( 'NONE',  ( -6.124892512523554267, 17.06765459969024690, 10.00000000000000000 ) ) ;
#992 = ORIENTED_EDGE ( 'NONE', *, *, #4836, .T. ) ;
#993 = FACE_OUTER_BOUND ( 'NONE', #5296, .T. ) ;
#994 = ORIENTED_EDGE ( 'NONE', *, *, #3323, .F. ) ;
#995 = ORIENTED_EDGE ( 'NONE', *, *, #3556, .F. ) ;
#996 = AXIS2_PLACEMENT_3D ( 'NONE', #3844, #5187, #2750 ) ;
#997 = CARTESIAN_POINT ( 'NONE',  ( 1.175390804045149951, -18.15080162460478164, -10.00000000000000000 ) ) ;
#998 = LINE ( 'NONE', #4173, #838 ) ;
#999 = DIRECTION ( 'NONE',  ( 0.000000000000000000, 0.000000000000000000, -1.000000000000000000 ) ) ;
#1000 = CARTESIAN_POINT ( 'NONE',  ( 15.68651078837856083, -11.06028173450731700, -10.00000000000000000 ) ) ;
#1001 = VERTEX_POINT ( 'NONE', #4699 ) ;
#1002 = DIRECTION ( 'NONE',  ( -0.000000000000000000, -0.000000000000000000, 1.000000000000000000 ) ) ;
#1003 = FACE_OUTER_BOUND ( 'NONE', #1056, .T. ) ;
#1004 = ORIENTED_EDGE ( 'NONE', *, *, #250, .T. ) ;
#1005 = EDGE_CURVE ( 'NONE', #3389, #1334, #1508, .T. ) ;
#1006 = EDGE_CURVE ( 'NONE', #3859, #136, #3124, .T. ) ;
#1007 = AXIS2_PLACEMENT_3D ( 'NONE', #371, #3281, #4917 ) ;
#1008 = VERTEX_POINT ( 'NONE', #4724 ) ;
#1009 = FACE_OUTER_BOUND ( 'NONE', #2085, .T. ) ;
#1010 = ORIENTED_EDGE ( 'NONE', *, *, #2024, .F. ) ;
#1011 = ORIENTED_EDGE ( 'NONE', *, *, #3586, .T. ) ;
#1012 = ORIENTED_EDGE ( 'NONE', *, *, #3125, .F. ) ;
#1013 = CARTESIAN_POINT ( 'NONE',  ( 1.175390804045149951, -18.15080162460478164, -10.00000000000000000 ) ) ;
#1014 = ORIENTED_EDGE ( 'NONE', *, *, #3717, .F. ) ;
#1015 = PLANE ( 'NONE',  #3603 ) ;
#1016 = ORIENTED_EDGE ( 'NONE', *, *, #3460, .F. ) ;
#1017 = ORIENTED_EDGE ( 'NONE', *, *, #2878, .T. ) ;
#1018 = DIRECTION ( 'NONE',  ( 0.000000000000000000, 0.000000000000000000, 1.000000000000000000 ) ) ;
#1019 = DIRECTION ( 'NONE',  ( 0.000000000000000000, -0.000000000000000000, 1.000000000000000000 ) ) ;
#1020 = CARTESIAN_POINT ( 'NONE',  ( 9.840535351850233425, 14.48162217478692426, -10.00000000000000000 ) ) ;
#1021 = AXIS2_PLACEMENT_3D ( 'NONE', #3507, #5151, #4747 ) ;
#1022 = FACE_OUTER_BOUND ( 'NONE', #1030, .T. ) ;
#1023 = VERTEX_POINT ( 'NONE', #4675 ) ;
#1024 = AXIS2_PLACEMENT_3D ( 'NONE', #1800, #978, #2121 ) ;
#1025 = DIRECTION ( 'NONE',  ( -3.854941057726237111E-15, 1.000000000000000000, 0.000000000000000000 ) ) ;
#1026 = CARTESIAN_POINT ( 'NONE',  ( 6.726769246911954880, -16.89922242757900150, -10.00000000000000000 ) ) ;
#1027 = CARTESIAN_POINT ( 'NONE',  ( 5.076973533568443386, -17.40814411600904421, -10.00000000000000000 ) ) ;
#1028 = ORIENTED_EDGE ( 'NONE', *, *, #1490, .F. ) ;
#1029 = CARTESIAN_POINT ( 'NONE',  ( 0.000000000000000000, 0.000000000000000000, 5.000000000000000000 ) ) ;
#1030 = EDGE_LOOP ( 'NONE', ( #3371, #1028, #4879, #1787 ) ) ;
#1031 = ORIENTED_EDGE ( 'NONE', *, *, #814, .T. ) ;
#1032 = EDGE_CURVE ( 'NONE', #1187, #2564, #5160, .T. ) ;
#1033 = VERTEX_POINT ( 'NONE', #3119 ) ;
#1034 = EDGE_CURVE ( 'NONE', #459, #1920, #3093, .T. ) ;
#1035 = DIRECTION ( 'NONE',  ( -0.3090169943749448977, -0.9510565162951544194, 0.000000000000000000 ) ) ;
#1036 = FACE_OUTER_BOUND ( 'NONE', #3595, .T. ) ;
#1037 = ORIENTED_EDGE ( 'NONE', *, *, #4296, .T. ) ;
#1038 = VECTOR ( 'NONE', #2386, 1000.000000000000000 ) ;
#1039 = ORIENTED_EDGE ( 'NONE', *, *, #4327, .T. ) ;
#1040 = CIRCLE ( 'NONE', #1848, 4.500000000000000888 ) ;
#1041 = AXIS2_PLACEMENT_3D ( 'NONE', #4773, #2740, #3246 ) ;
#1042 = AXIS2_PLACEMENT_3D ( 'NONE', #588, #3420, #2590 ) ;
#1043 = DIRECTION ( 'NONE',  ( 0.000000000000000000, 0.000000000000000000, 1.000000000000000000 ) ) ;
#1044 = CARTESIAN_POINT ( 'NONE',  ( -10.20790113453324466, 14.98725779627112686, 10.00000000000000000 ) ) ;
#1045 = CARTESIAN_POINT ( 'NONE',  ( 2.820800000000002417, -21.81841165988028663, -10.00000000000000000 ) ) ;
#1046 = DIRECTION ( 'NONE',  ( -0.5877852522924831291, 0.8090169943749402348, 0.000000000000000000 ) ) ;
#1047 = AXIS2_PLACEMENT_3D ( 'NONE', #4137, #3366, #2891 ) ;
#1048 = DIRECTION ( 'NONE',  ( 0.000000000000000000, 0.000000000000000000, 1.000000000000000000 ) ) ;
#1049 = VERTEX_POINT ( 'NONE', #4272 ) ;
#1050 = DIRECTION ( 'NONE',  ( -0.5877852522924773560, 0.8090169943749443426, 0.000000000000000000 ) ) ;
#1051 = CARTESIAN_POINT ( 'NONE',  ( -4.491043080150753930, 17.62565389454302434, -10.00000000000000000 ) ) ;
#1052 = CYLINDRICAL_SURFACE ( 'NONE', #3417, 22.00000000000000000 ) ;
#1053 = CARTESIAN_POINT ( 'NONE',  ( 5.076973533568443386, -17.40814411600904421, -10.00000000000000000 ) ) ;
#1054 = VERTEX_POINT ( 'NONE', #1060 ) ;
#1055 = DIRECTION ( 'NONE',  ( 1.000000000000000000, 0.000000000000000000, 0.000000000000000000 ) ) ;
#1056 = EDGE_LOOP ( 'NONE', ( #4701, #1630, #2200, #3234 ) ) ;
#1057 = CIRCLE ( 'NONE', #1314, 0.6250000000000002220 ) ;
#1058 = ORIENTED_EDGE ( 'NONE', *, *, #683, .T. ) ;
#1059 = CIRCLE ( 'NONE', #1153, 4.500000000000000888 ) ;
#1060 = CARTESIAN_POINT ( 'NONE',  ( -10.73194847838616006, 13.83397262833636177, -10.00000000000000000 ) ) ;
#1061 = ORIENTED_EDGE ( 'NONE', *, *, #3194, .F. ) ;
#1062 = CARTESIAN_POINT ( 'NONE',  ( 0.000000000000000000, 0.000000000000000000, 10.00000000000000000 ) ) ;
#1063 = ORIENTED_EDGE ( 'NONE', *, *, #454, .F. ) ;
#1064 = AXIS2_PLACEMENT_3D ( 'NONE', #1875, #1132, #4393 ) ;
#1065 = PRODUCT_DEFINITION ( 'UNKNOWN', '', #598, #686 ) ;
#1066 = VERTEX_POINT ( 'NONE', #692 ) ;
#1067 = VECTOR ( 'NONE', #390, 1000.000000000000000 ) ;
#1068 = EDGE_CURVE ( 'NONE', #3162, #4146, #3305, .T. ) ;
#1069 = DIRECTION ( 'NONE',  ( 0.000000000000000000, -0.000000000000000000, 1.000000000000000000 ) ) ;
#1070 = CARTESIAN_POINT ( 'NONE',  ( 0.000000000000000000, 0.000000000000000000, 10.00000000000000000 ) ) ;
#1071 = CARTESIAN_POINT ( 'NONE',  ( -21.62221772207214343, -4.059519772006235705, -10.00000000000000000 ) ) ;
#1072 = DIRECTION ( 'NONE',  ( 1.000000000000000000, 0.000000000000000000, 0.000000000000000000 ) ) ;
#1073 = EDGE_CURVE ( 'NONE', #4845, #5210, #2618, .T. ) ;
#1074 = EDGE_CURVE ( 'NONE', #3418, #409, #4319, .T. ) ;
#1075 = CARTESIAN_POINT ( 'NONE',  ( -5.931756891039090540, -16.47324427700581495, -10.00000000000000000 ) ) ;
#1076 = EDGE_LOOP ( 'NONE', ( #624, #778, #518, #4019 ) ) ;
#1077 = AXIS2_PLACEMENT_3D ( 'NONE', #5042, #1418, #1025 ) ;
#1078 = CARTESIAN_POINT ( 'NONE',  ( 6.124892512523317123, 17.06765459969032506, -10.00000000000000000 ) ) ;
#1079 = CARTESIAN_POINT ( 'NONE',  ( 1.175390804045152171, 18.15080162460478164, 10.00000000000000000 ) ) ;
#1080 = DIRECTION ( 'NONE',  ( -0.8090169943749402348, -0.5877852522924830181, 0.000000000000000000 ) ) ;
#1081 = DIRECTION ( 'NONE',  ( -0.9510565162951509777, -0.3090169943749553894, 0.000000000000000000 ) ) ;
#1082 = CIRCLE ( 'NONE', #4500, 4.500000000000000888 ) ;
#1083 = ORIENTED_EDGE ( 'NONE', *, *, #1204, .F. ) ;
#1084 = DIRECTION ( 'NONE',  ( 0.000000000000000000, -0.000000000000000000, 1.000000000000000000 ) ) ;
#1085 = VERTEX_POINT ( 'NONE', #449 ) ;
#1086 = ORIENTED_EDGE ( 'NONE', *, *, #1851, .T. ) ;
#1087 = EDGE_CURVE ( 'NONE', #3510, #1440, #2449, .T. ) ;
#1088 = CARTESIAN_POINT ( 'NONE',  ( 19.19172429998742757, 0.2723438155444882769, 10.00000000000000000 ) ) ;
#1089 = ORIENTED_EDGE ( 'NONE', *, *, #4268, .T. ) ;
#1090 = CARTESIAN_POINT ( 'NONE',  ( -10.00000000000000000, 0.000000000000000000, -5.000000000000000000 ) ) ;
#1091 = VERTEX_POINT ( 'NONE', #2347 ) ;
#1092 = ORIENTED_EDGE ( 'NONE', *, *, #2609, .F. ) ;
#1093 = CYLINDRICAL_SURFACE ( 'NONE', #3447, 4.500000000000001776 ) ;
#1094 = CARTESIAN_POINT ( 'NONE',  ( -4.883837912083977884, 16.81373379332460871, 10.00000000000000000 ) ) ;
#1095 = EDGE_CURVE ( 'NONE', #3887, #409, #4555, .T. ) ;
#1096 = DIRECTION ( 'NONE',  ( 1.000000000000000000, 0.000000000000000000, 0.000000000000000000 ) ) ;
#1097 = DIRECTION ( 'NONE',  ( 0.3090169943749441206, 0.9510565162951547524, 0.000000000000000000 ) ) ;
#1098 = CARTESIAN_POINT ( 'NONE',  ( 0.000000000000000000, 0.000000000000000000, 10.00000000000000000 ) ) ;
#1099 = ORIENTED_EDGE ( 'NONE', *, *, #1932, .T. ) ;
#1100 = CARTESIAN_POINT ( 'NONE',  ( -19.30949046277821424, -10.54246546439101095, 10.00000000000000000 ) ) ;
#1101 = VERTEX_POINT ( 'NONE', #3701 ) ;
#1102 = EDGE_CURVE ( 'NONE', #1918, #3443, #3970, .T. ) ;
#1103 = DIRECTION ( 'NONE',  ( -0.9510565162951534202, -0.3090169943749480064, 0.000000000000000000 ) ) ;
#1104 = CIRCLE ( 'NONE', #1438, 0.6249999999999998890 ) ;
#1105 = LINE ( 'NONE', #708, #2435 ) ;
#1106 = FACE_OUTER_BOUND ( 'NONE', #2890, .T. ) ;
#1107 = LINE ( 'NONE', #3059, #4999 ) ;
#1108 = EDGE_CURVE ( 'NONE', #245, #2969, #2017, .T. ) ;
#1109 = AXIS2_PLACEMENT_3D ( 'NONE', #380, #2387, #4901 ) ;
#1110 = EDGE_CURVE ( 'NONE', #1283, #4617, #1175, .T. ) ;
#1111 = ORIENTED_EDGE ( 'NONE', *, *, #1625, .T. ) ;
#1112 = DIRECTION ( 'NONE',  ( -0.9510565162951509777, -0.3090169943749553894, 0.000000000000000000 ) ) ;
#1113 = VERTEX_POINT ( 'NONE', #1146 ) ;
#1114 = MECHANICAL_DESIGN_GEOMETRIC_PRESENTATION_REPRESENTATION (  '', ( #4880 ), #2049 ) ;
#1115 = VERTEX_POINT ( 'NONE', #2810 ) ;
#1116 = CARTESIAN_POINT ( 'NONE',  ( -1.175390804045152171, -18.15080162460478164, -10.00000000000000000 ) ) ;
#1117 = ORIENTED_EDGE ( 'NONE', *, *, #2171, .F. ) ;
#1118 = FACE_OUTER_BOUND ( 'NONE', #3086, .T. ) ;
#1119 = ORIENTED_EDGE ( 'NONE', *, *, #4769, .T. ) ;
#1120 = ORIENTED_EDGE ( 'NONE', *, *, #4002, .F. ) ;
#1121 = CARTESIAN_POINT ( 'NONE',  ( 21.81841165988025466, 2.820800000000230678, 10.00000000000000000 ) ) ;
#1122 = CIRCLE ( 'NONE', #5140, 0.6250000000000003331 ) ;
#1123 = CARTESIAN_POINT ( 'NONE',  ( -18.15080162460478519, 1.175390804045088888, -10.00000000000000000 ) ) ;
#1124 = DIRECTION ( 'NONE',  ( -0.000000000000000000, 0.000000000000000000, 1.000000000000000000 ) ) ;
#1125 = FACE_OUTER_BOUND ( 'NONE', #4927, .T. ) ;
#1126 = CYLINDRICAL_SURFACE ( 'NONE', #472, 22.00000000000000000 ) ;
#1127 = ORIENTED_EDGE ( 'NONE', *, *, #4804, .T. ) ;
#1128 = CYLINDRICAL_SURFACE ( 'NONE', #469, 0.6250000000000005551 ) ;
#1129 = VECTOR ( 'NONE', #2483, 1000.000000000000000 ) ;
#1130 = ORIENTED_EDGE ( 'NONE', *, *, #3906, .F. ) ;
#1131 = CARTESIAN_POINT ( 'NONE',  ( -10.54246546439080845, -19.30949046277832792, 10.00000000000000000 ) ) ;
#1132 = DIRECTION ( 'NONE',  ( 0.000000000000000000, 0.000000000000000000, 1.000000000000000000 ) ) ;
#1133 = AXIS2_PLACEMENT_3D ( 'NONE', #4998, #1681, #460 ) ;
#1134 = FACE_OUTER_BOUND ( 'NONE', #556, .T. ) ;
#1135 = EDGE_CURVE ( 'NONE', #3653, #4746, #5009, .T. ) ;
#1136 = ADVANCED_FACE ( 'NONE', ( #3599, #2475 ), #5214, .T. ) ;
#1137 = DIRECTION ( 'NONE',  ( 0.000000000000000000, 0.000000000000000000, 1.000000000000000000 ) ) ;
#1138 = AXIS2_PLACEMENT_3D ( 'NONE', #646, #2955, #1746 ) ;
#1139 = EDGE_CURVE ( 'NONE', #3816, #1101, #2783, .T. ) ;
#1140 = PLANE ( 'NONE',  #2154 ) ;
#1141 = ORIENTED_EDGE ( 'NONE', *, *, #1689, .T. ) ;
#1142 = DIRECTION ( 'NONE',  ( -0.8090169943749507819, 0.5877852522924685852, 0.000000000000000000 ) ) ;
#1143 = ORIENTED_EDGE ( 'NONE', *, *, #4751, .T. ) ;
#1144 = DIRECTION ( 'NONE',  ( 0.000000000000000000, 0.000000000000000000, 1.000000000000000000 ) ) ;
#1146 = CARTESIAN_POINT ( 'NONE',  ( -11.61968464773343612, -13.99342959553580634, 10.00000000000000000 ) ) ;
#1145 = VECTOR ( 'NONE', #114, 1000.000000000000000 ) ;
#1147 = ORIENTED_EDGE ( 'NONE', *, *, #5155, .F. ) ;
#1148 = LINE ( 'NONE', #2378, #2416 ) ;
#1149 = VERTEX_POINT ( 'NONE', #1565 ) ;
#1150 = ORIENTED_EDGE ( 'NONE', *, *, #3197, .F. ) ;
#1151 = CARTESIAN_POINT ( 'NONE',  ( -11.50094328468385640, -15.36635143171854700, -10.00000000000000000 ) ) ;
#1152 = EDGE_CURVE ( 'NONE', #3065, #229, #4429, .T. ) ;
#1153 = AXIS2_PLACEMENT_3D ( 'NONE', #885, #76, #1519 ) ;
#1154 = VECTOR ( 'NONE', #3615, 1000.000000000000000 ) ;
#1155 = DIRECTION ( 'NONE',  ( 1.000000000000000000, 0.000000000000000000, 0.000000000000000000 ) ) ;
#1156 = CARTESIAN_POINT ( 'NONE',  ( 13.83397262833624275, 10.73194847838630928, 10.00000000000000000 ) ) ;
#1157 = LINE ( 'NONE', #4302, #574 ) ;
#1158 = VECTOR ( 'NONE', #4366, 1000.000000000000000 ) ;
#1159 = CARTESIAN_POINT ( 'NONE',  ( -14.33960824982066207, -11.09931426106900432, -10.00000000000000000 ) ) ;
#1160 = VERTEX_POINT ( 'NONE', #1291 ) ;
#1161 = ORIENTED_EDGE ( 'NONE', *, *, #5212, .T. ) ;
#1162 = DIRECTION ( 'NONE',  ( 0.000000000000000000, 0.000000000000000000, 1.000000000000000000 ) ) ;
#1163 = DIRECTION ( 'NONE',  ( 0.000000000000000000, -0.000000000000000000, 1.000000000000000000 ) ) ;
#1164 = DIRECTION ( 'NONE',  ( 0.000000000000000000, 0.000000000000000000, 1.000000000000000000 ) ) ;
#1165 = DIRECTION ( 'NONE',  ( 0.000000000000000000, 0.000000000000000000, 1.000000000000000000 ) ) ;
#1166 = AXIS2_PLACEMENT_3D ( 'NONE', #353, #2791, #1155 ) ;
#1167 = DIRECTION ( 'NONE',  ( 0.9510565162951556406, -0.3090169943749410120, 0.000000000000000000 ) ) ;
#1168 = ORIENTED_EDGE ( 'NONE', *, *, #2873, .T. ) ;
#1169 = ADVANCED_FACE ( 'NONE', ( #43 ), #3206, .F. ) ;
#1170 = CARTESIAN_POINT ( 'NONE',  ( 21.81841165988031506, -2.820799999999773711, -10.00000000000000000 ) ) ;
#1171 = ORIENTED_EDGE ( 'NONE', *, *, #3556, .T. ) ;
#1172 = VECTOR ( 'NONE', #4963, 1000.000000000000000 ) ;
#1173 = EDGE_CURVE ( 'NONE', #1049, #5188, #722, .T. ) ;
#1174 = CARTESIAN_POINT ( 'NONE',  ( 0.2723438155444214415, -19.19172429998743112, 10.00000000000000000 ) ) ;
#1175 = LINE ( 'NONE', #1943, #5275 ) ;
#1176 = ORIENTED_EDGE ( 'NONE', *, *, #2539, .T. ) ;
#1177 = DIRECTION ( 'NONE',  ( -0.000000000000000000, -0.000000000000000000, 1.000000000000000000 ) ) ;
#1178 = ORIENTED_EDGE ( 'NONE', *, *, #2443, .F. ) ;
#1179 = ORIENTED_EDGE ( 'NONE', *, *, #2024, .T. ) ;
#1180 = CARTESIAN_POINT ( 'NONE',  ( 18.33657332175912913, 5.671554599608885638, -10.00000000000000000 ) ) ;
#1181 = EDGE_CURVE ( 'NONE', #5104, #659, #2070, .T. ) ;
#1182 = AXIS2_PLACEMENT_3D ( 'NONE', #2885, #1144, #1222 ) ;
#1183 = CARTESIAN_POINT ( 'NONE',  ( -0.7499999999999992228, 8.250000000000000000, 10.00000000000000000 ) ) ;
#1184 = CYLINDRICAL_SURFACE ( 'NONE', #1456, 4.500000000000000888 ) ;
#1185 = DIRECTION ( 'NONE',  ( -0.000000000000000000, -0.000000000000000000, 1.000000000000000000 ) ) ;
#1186 = DIRECTION ( 'NONE',  ( 1.000000000000000000, 0.000000000000000000, 0.000000000000000000 ) ) ;
#1187 = VERTEX_POINT ( 'NONE', #4940 ) ;
#1188 = DIRECTION ( 'NONE',  ( 1.000000000000000000, 0.000000000000000000, 0.000000000000000000 ) ) ;
#1189 = ORIENTED_EDGE ( 'NONE', *, *, #4139, .F. ) ;
#1190 = DIRECTION ( 'NONE',  ( 1.000000000000000000, 0.000000000000000000, 0.000000000000000000 ) ) ;
#1191 = CARTESIAN_POINT ( 'NONE',  ( 5.076973533568443386, -17.40814411600904421, 10.00000000000000000 ) ) ;
#1192 = CYLINDRICAL_SURFACE ( 'NONE', #1458, 4.500000000000000888 ) ;
#1193 = CARTESIAN_POINT ( 'NONE',  ( -6.189583320500719132, -18.16825558712703170, -10.00000000000000000 ) ) ;
#1194 = FACE_OUTER_BOUND ( 'NONE', #3830, .T. ) ;
#1195 = EDGE_CURVE ( 'NONE', #3313, #3312, #4152, .T. ) ;
#1196 = VERTEX_POINT ( 'NONE', #3333 ) ;
#1197 = CYLINDRICAL_SURFACE ( 'NONE', #3055, 4.500000000000000888 ) ;
#1198 = AXIS2_PLACEMENT_3D ( 'NONE', #2819, #4926, #5303 ) ;
#1199 = VECTOR ( 'NONE', #3962, 1000.000000000000000 ) ;
#1200 = VERTEX_POINT ( 'NONE', #4531 ) ;
#1201 = CARTESIAN_POINT ( 'NONE',  ( -15.00000000000000000, 1.836970198721029589E-15, 5.000000000000000000 ) ) ;
#1202 = VERTEX_POINT ( 'NONE', #875 ) ;
#1203 = VERTEX_POINT ( 'NONE', #902 ) ;
#1204 = EDGE_CURVE ( 'NONE', #1483, #1920, #2271, .T. ) ;
#1205 = EDGE_CURVE ( 'NONE', #4838, #1008, #2096, .T. ) ;
#1206 = EDGE_CURVE ( 'NONE', #2973, #3162, #4987, .T. ) ;
#1207 = CYLINDRICAL_SURFACE ( 'NONE', #3692, 4.500000000000000888 ) ;
#1208 = ADVANCED_FACE ( 'NONE', ( #146 ), #4179, .T. ) ;
#1209 = DIRECTION ( 'NONE',  ( -1.000000000000000000, 0.000000000000000000, 0.000000000000000000 ) ) ;
#1210 = DIRECTION ( 'NONE',  ( 0.3090169943749380144, 0.9510565162951566398, 0.000000000000000000 ) ) ;
#1211 = FACE_OUTER_BOUND ( 'NONE', #2293, .T. ) ;
#1212 = LINE ( 'NONE', #4564, #3873 ) ;
#1213 = VERTEX_POINT ( 'NONE', #599 ) ;
#1214 = VERTEX_POINT ( 'NONE', #3432 ) ;
#1215 = DIRECTION ( 'NONE',  ( -0.8090169943749553338, 0.5877852522924622569, 0.000000000000000000 ) ) ;
#1216 = CARTESIAN_POINT ( 'NONE',  ( -5.076973533568319930, 17.40814411600907974, -10.00000000000000000 ) ) ;
#1217 = CARTESIAN_POINT ( 'NONE',  ( -15.37518435613162637, 9.717862376724358597, -10.00000000000000000 ) ) ;
#1218 = DIRECTION ( 'NONE',  ( 0.000000000000000000, -0.000000000000000000, 1.000000000000000000 ) ) ;
#1219 = AXIS2_PLACEMENT_3D ( 'NONE', #2785, #1567, #320 ) ;
#1220 = FACE_OUTER_BOUND ( 'NONE', #2046, .T. ) ;
#1221 = EDGE_LOOP ( 'NONE', ( #1426, #2431, #4350, #4338 ) ) ;
#1222 = DIRECTION ( 'NONE',  ( -0.3090169943749386805, -0.9510565162951565288, 0.000000000000000000 ) ) ;
#1223 = VECTOR ( 'NONE', #912, 1000.000000000000000 ) ;
#1224 = CARTESIAN_POINT ( 'NONE',  ( -5.671554599608693792, 18.33657332175918597, 10.00000000000000000 ) ) ;
#1225 = VERTEX_POINT ( 'NONE', #3855 ) ;
#1226 = ORIENTED_EDGE ( 'NONE', *, *, #2297, .F. ) ;
#1227 = DIRECTION ( 'NONE',  ( -1.000000000000000000, 0.000000000000000000, 0.000000000000000000 ) ) ;
#1228 = DIRECTION ( 'NONE',  ( -0.000000000000000000, -0.000000000000000000, -1.000000000000000000 ) ) ;
#1229 = CARTESIAN_POINT ( 'NONE',  ( 10.00000000000000000, 1.224646799147353256E-15, -10.00000000000000000 ) ) ;
#1230 = CARTESIAN_POINT ( 'NONE',  ( 1.175390804045149951, -18.15080162460478164, 10.00000000000000000 ) ) ;
#1231 = ORIENTED_EDGE ( 'NONE', *, *, #4835, .F. ) ;
#1232 = EDGE_CURVE ( 'NONE', #1849, #2061, #1677, .T. ) ;
#1233 = EDGE_LOOP ( 'NONE', ( #1999, #20, #3974, #2225 ) ) ;
#1234 = CIRCLE ( 'NONE', #210, 4.500000000000000888 ) ;
#1235 = DIRECTION ( 'NONE',  ( 0.000000000000000000, 0.000000000000000000, 1.000000000000000000 ) ) ;
#1236 = EDGE_CURVE ( 'NONE', #917, #3919, #2979, .T. ) ;
#1237 = DIRECTION ( 'NONE',  ( -0.9510565162951509777, -0.3090169943749553894, 0.000000000000000000 ) ) ;
#1238 = ADVANCED_FACE ( 'NONE', ( #3032 ), #4257, .T. ) ;
#1239 = LINE ( 'NONE', #2880, #3277 ) ;
#1240 = CIRCLE ( 'NONE', #5257, 22.00000000000000000 ) ;
#1241 = EDGE_CURVE ( 'NONE', #4637, #3596, #1392, .T. ) ;
#1242 = CARTESIAN_POINT ( 'NONE',  ( 11.09931426106874675, 14.33960824982086280, -10.00000000000000000 ) ) ;
#1243 = VECTOR ( 'NONE', #545, 1000.000000000000114 ) ;
#1244 = AXIS2_PLACEMENT_3D ( 'NONE', #3580, #3051, #4790 ) ;
#1245 = DIRECTION ( 'NONE',  ( -0.5877852522924624790, -0.8090169943749552228, 0.000000000000000000 ) ) ;
#1246 = CARTESIAN_POINT ( 'NONE',  ( 10.00000000000000000, 0.000000000000000000, 5.000000000000000000 ) ) ;
#1247 = ORIENTED_EDGE ( 'NONE', *, *, #226, .T. ) ;
#1248 = LINE ( 'NONE', #4863, #4679 ) ;
#1249 = CARTESIAN_POINT ( 'NONE',  ( -17.40814411600906197, -5.076973533568382990, 10.00000000000000000 ) ) ;
#1250 = ORIENTED_EDGE ( 'NONE', *, *, #4961, .T. ) ;
#1251 = ORIENTED_EDGE ( 'NONE', *, *, #4367, .F. ) ;
#1252 = EDGE_CURVE ( 'NONE', #3568, #2721, #925, .T. ) ;
#1253 = VECTOR ( 'NONE', #2628, 1000.000000000000000 ) ;
#1254 = CARTESIAN_POINT ( 'NONE',  ( 6.124892512523317123, 17.06765459969032506, 10.00000000000000000 ) ) ;
#1255 = DIRECTION ( 'NONE',  ( 0.3090169943749441206, 0.9510565162951547524, 0.000000000000000000 ) ) ;
#1256 = CARTESIAN_POINT ( 'NONE',  ( -9.717862376724305307, -15.37518435613166012, -10.00000000000000000 ) ) ;
#1257 = CARTESIAN_POINT ( 'NONE',  ( 0.000000000000000000, 0.000000000000000000, 0.000000000000000000 ) ) ;
#1258 = ORIENTED_EDGE ( 'NONE', *, *, #1819, .T. ) ;
#1259 = CARTESIAN_POINT ( 'NONE',  ( -4.883837912083854427, -16.81373379332464424, 10.00000000000000000 ) ) ;
#1260 = CIRCLE ( 'NONE', #1182, 0.6250000000000002220 ) ;
#1261 = VERTEX_POINT ( 'NONE', #4611 ) ;
#1262 = EDGE_CURVE ( 'NONE', #3785, #2127, #3638, .T. ) ;
#1263 = DIRECTION ( 'NONE',  ( -0.9510565162951510887, -0.3090169943749548898, 0.000000000000000000 ) ) ;
#1264 = DIRECTION ( 'NONE',  ( 0.000000000000000000, 0.000000000000000000, 1.000000000000000000 ) ) ;
#1265 = DIRECTION ( 'NONE',  ( 0.000000000000000000, -0.000000000000000000, 1.000000000000000000 ) ) ;
#1266 = CARTESIAN_POINT ( 'NONE',  ( 16.89922242757911519, -6.726769246911662670, 10.00000000000000000 ) ) ;
#1267 = EDGE_CURVE ( 'NONE', #3859, #1333, #198, .T. ) ;
#1268 = EDGE_CURVE ( 'NONE', #4678, #2968, #3457, .T. ) ;
#1269 = CARTESIAN_POINT ( 'NONE',  ( 16.81373379332465490, -4.883837912083803801, -10.00000000000000000 ) ) ;
#1270 = CARTESIAN_POINT ( 'NONE',  ( -5.076973533568192920, -17.40814411600911527, -10.00000000000000000 ) ) ;
#1271 = DIRECTION ( 'NONE',  ( 0.000000000000000000, -0.000000000000000000, 1.000000000000000000 ) ) ;
#1272 = ORIENTED_EDGE ( 'NONE', *, *, #1693, .F. ) ;
#1273 = EDGE_CURVE ( 'NONE', #4399, #4854, #3385, .T. ) ;
#1274 = CYLINDRICAL_SURFACE ( 'NONE', #4198, 4.500000000000000888 ) ;
#1275 = EDGE_LOOP ( 'NONE', ( #4725, #4264, #110, #836 ) ) ;
#1276 = EDGE_LOOP ( 'NONE', ( #2582, #1613, #4996, #5003 ) ) ;
#1277 = DIRECTION ( 'NONE',  ( 0.000000000000000000, 0.000000000000000000, -1.000000000000000000 ) ) ;
#1278 = AXIS2_PLACEMENT_3D ( 'NONE', #550, #3832, #4180 ) ;
#1279 = VECTOR ( 'NONE', #3661, 1000.000000000000000 ) ;
#1280 = DIRECTION ( 'NONE',  ( 0.8090169943749421222, 0.5877852522924803536, 0.000000000000000000 ) ) ;
#1281 = CARTESIAN_POINT ( 'NONE',  ( 17.49999999999999645, 0.5509236102170654847, 10.00000000000000000 ) ) ;
#1282 = LINE ( 'NONE', #408, #345 ) ;
#1283 = VERTEX_POINT ( 'NONE', #2170 ) ;
#1284 = VERTEX_POINT ( 'NONE', #2548 ) ;
#1285 = FACE_OUTER_BOUND ( 'NONE', #3549, .T. ) ;
#1286 = DIRECTION ( 'NONE',  ( 1.047444401652940007E-14, -1.000000000000000000, 0.000000000000000000 ) ) ;
#1287 = CARTESIAN_POINT ( 'NONE',  ( 4.883837912083744293, 16.81373379332467266, 10.00000000000000000 ) ) ;
#1288 = DIRECTION ( 'NONE',  ( -0.000000000000000000, 0.000000000000000000, 1.000000000000000000 ) ) ;
#1289 = EDGE_CURVE ( 'NONE', #1604, #3600, #4157, .T. ) ;
#1290 = DIRECTION ( 'NONE',  ( 0.8090169943749467851, 0.5877852522924741363, 0.000000000000000000 ) ) ;
#1291 = CARTESIAN_POINT ( 'NONE',  ( -15.00000000000000000, 0.000000000000000000, -10.00000000000000000 ) ) ;
#1292 = EDGE_CURVE ( 'NONE', #3187, #1734, #227, .T. ) ;
#1293 = CIRCLE ( 'NONE', #187, 4.500000000000000000 ) ;
#1294 = CARTESIAN_POINT ( 'NONE',  ( 16.47324427700583271, -5.931756891039039914, -10.00000000000000000 ) ) ;
#1295 = AXIS2_PLACEMENT_3D ( 'NONE', #3497, #3053, #1870 ) ;
#1296 = ORIENTED_EDGE ( 'NONE', *, *, #2770, .T. ) ;
#1297 = FACE_OUTER_BOUND ( 'NONE', #237, .T. ) ;
#1298 = EDGE_CURVE ( 'NONE', #2314, #331, #3731, .T. ) ;
#1299 = AXIS2_PLACEMENT_3D ( 'NONE', #4347, #1945, #2292 ) ;
#1300 = CARTESIAN_POINT ( 'NONE',  ( -4.491043080150626920, -17.62565389454305276, 10.00000000000000000 ) ) ;
#1301 = ORIENTED_EDGE ( 'NONE', *, *, #3236, .T. ) ;
#1302 = CIRCLE ( 'NONE', #4548, 0.6249999999999998890 ) ;
#1303 = DIRECTION ( 'NONE',  ( 0.8090169943749551118, -0.5877852522924625900, 0.000000000000000000 ) ) ;
#1304 = ORIENTED_EDGE ( 'NONE', *, *, #2015, .T. ) ;
#1305 = DIRECTION ( 'NONE',  ( -0.000000000000000000, 0.000000000000000000, -1.000000000000000000 ) ) ;
#1306 = DIRECTION ( 'NONE',  ( -1.000000000000000000, 0.000000000000000000, 0.000000000000000000 ) ) ;
#1307 = LINE ( 'NONE', #4086, #2145 ) ;
#1308 = EDGE_LOOP ( 'NONE', ( #1532, #4256, #3526, #4756 ) ) ;
#1309 = CARTESIAN_POINT ( 'NONE',  ( 10.73194847838626309, -13.83397262833628005, -10.00000000000000000 ) ) ;
#1310 = ORIENTED_EDGE ( 'NONE', *, *, #2132, .F. ) ;
#1311 = ORIENTED_EDGE ( 'NONE', *, *, #1353, .F. ) ;
#1312 = FACE_OUTER_BOUND ( 'NONE', #1403, .T. ) ;
#1313 = CYLINDRICAL_SURFACE ( 'NONE', #2023, 0.6249999999999996669 ) ;
#1314 = AXIS2_PLACEMENT_3D ( 'NONE', #4768, #218, #1439 ) ;
#1315 = DIRECTION ( 'NONE',  ( 1.000000000000000000, 0.000000000000000000, 0.000000000000000000 ) ) ;
#1316 = DIRECTION ( 'NONE',  ( -0.3090169943749383474, -0.9510565162951566398, 0.000000000000000000 ) ) ;
#1317 = AXIS2_PLACEMENT_3D ( 'NONE', #4386, #734, #3981 ) ;
#1318 = DIRECTION ( 'NONE',  ( 0.5877852522924835732, -0.8090169943749399017, 0.000000000000000000 ) ) ;
#1319 = AXIS2_PLACEMENT_3D ( 'NONE', #3501, #3191, #2800 ) ;
#1320 = CARTESIAN_POINT ( 'NONE',  ( -10.20790113453324466, 14.98725779627112686, -10.00000000000000000 ) ) ;
#1321 = DIRECTION ( 'NONE',  ( -0.5877852522924770229, 0.8090169943749445647, 0.000000000000000000 ) ) ;
#1322 = ORIENTED_EDGE ( 'NONE', *, *, #1913, .T. ) ;
#1323 = VECTOR ( 'NONE', #4502, 1000.000000000000000 ) ;
#1324 = AXIS2_PLACEMENT_3D ( 'NONE', #2595, #943, #2565 ) ;
#1325 = EDGE_CURVE ( 'NONE', #136, #4322, #4324, .T. ) ;
#1326 = DIRECTION ( 'NONE',  ( -0.5877852522924770229, 0.8090169943749445647, 0.000000000000000000 ) ) ;
#1327 = ORIENTED_EDGE ( 'NONE', *, *, #283, .T. ) ;
#1328 = ORIENTED_EDGE ( 'NONE', *, *, #3303, .F. ) ;
#1329 = DIRECTION ( 'NONE',  ( -0.000000000000000000, -0.000000000000000000, 1.000000000000000000 ) ) ;
#1330 = VECTOR ( 'NONE', #3750, 1000.000000000000000 ) ;
#1331 = DIRECTION ( 'NONE',  ( 0.000000000000000000, 0.000000000000000000, 1.000000000000000000 ) ) ;
#1332 = DIRECTION ( 'NONE',  ( 0.5877852522924835732, -0.8090169943749399017, 0.000000000000000000 ) ) ;
#1333 = VERTEX_POINT ( 'NONE', #1369 ) ;
#1334 = VERTEX_POINT ( 'NONE', #4635 ) ;
#1335 = ADVANCED_FACE ( 'NONE', ( #2657 ), #4231, .F. ) ;
#1336 = CIRCLE ( 'NONE', #3812, 4.500000000000000000 ) ;
#1337 = ORIENTED_EDGE ( 'NONE', *, *, #4003, .F. ) ;
#1338 = FACE_OUTER_BOUND ( 'NONE', #2648, .T. ) ;
#1339 = DIRECTION ( 'NONE',  ( 0.000000000000000000, -0.000000000000000000, 1.000000000000000000 ) ) ;
#1340 = LINE ( 'NONE', #946, #2853 ) ;
#1341 = DIRECTION ( 'NONE',  ( -0.9510565162951556406, 0.3090169943749411230, 0.000000000000000000 ) ) ;
#1342 = DIRECTION ( 'NONE',  ( -0.8090169943749508930, 0.5877852522924683631, 0.000000000000000000 ) ) ;
#1343 = DIRECTION ( 'NONE',  ( 0.000000000000000000, -0.000000000000000000, 1.000000000000000000 ) ) ;
#1344 = LINE ( 'NONE', #2980, #5040 ) ;
#1345 = VERTEX_POINT ( 'NONE', #2254 ) ;
#1346 = EDGE_CURVE ( 'NONE', #1856, #459, #2686, .T. ) ;
#1347 = DIRECTION ( 'NONE',  ( 0.000000000000000000, 0.000000000000000000, 1.000000000000000000 ) ) ;
#1348 = EDGE_LOOP ( 'NONE', ( #3817, #2540, #235, #2211 ) ) ;
#1349 = VERTEX_POINT ( 'NONE', #4334 ) ;
#1350 = AXIS2_PLACEMENT_3D ( 'NONE', #557, #2178, #3411 ) ;
#1351 = DIRECTION ( 'NONE',  ( 1.047444401652940007E-14, -1.000000000000000000, 0.000000000000000000 ) ) ;
#1352 = DIRECTION ( 'NONE',  ( -0.000000000000000000, 0.000000000000000000, 1.000000000000000000 ) ) ;
#1353 = EDGE_CURVE ( 'NONE', #886, #775, #824, .T. ) ;
#1354 = ORIENTED_EDGE ( 'NONE', *, *, #2324, .T. ) ;
#1355 = EDGE_CURVE ( 'NONE', #5251, #1345, #2600, .T. ) ;
#1356 = EDGE_CURVE ( 'NONE', #2721, #1113, #4997, .T. ) ;
#1357 = EDGE_LOOP ( 'NONE', ( #4092, #2699, #2889, #2432 ) ) ;
#1358 = CIRCLE ( 'NONE', #2650, 0.6249999999999998890 ) ;
#1359 = VECTOR ( 'NONE', #1271, 1000.000000000000000 ) ;
#1360 = EDGE_CURVE ( 'NONE', #2484, #4617, #1397, .T. ) ;
#1361 = EDGE_CURVE ( 'NONE', #368, #3568, #5143, .T. ) ;
#1362 = AXIS2_PLACEMENT_3D ( 'NONE', #3109, #1080, #3139 ) ;
#1363 = DIRECTION ( 'NONE',  ( 1.000000000000000000, 0.000000000000000000, 0.000000000000000000 ) ) ;
#1364 = LINE ( 'NONE', #2195, #3390 ) ;
#1365 = CARTESIAN_POINT ( 'NONE',  ( 15.00000000000000000, 0.000000000000000000, 5.000000000000000000 ) ) ;
#1366 = CARTESIAN_POINT ( 'NONE',  ( 6.189583320500982033, -18.16825558712694288, 10.00000000000000000 ) ) ;
#1367 = ORIENTED_EDGE ( 'NONE', *, *, #3551, .T. ) ;
#1368 = CARTESIAN_POINT ( 'NONE',  ( -13.71460824982073845, 11.09931426106890484, -10.00000000000000000 ) ) ;
#1369 = CARTESIAN_POINT ( 'NONE',  ( 1.175923610216882187, 18.12500000000000711, 10.00000000000000000 ) ) ;
#1370 = ORIENTED_EDGE ( 'NONE', *, *, #1386, .F. ) ;
#1371 = EDGE_CURVE ( 'NONE', #5215, #1959, #766, .T. ) ;
#1372 = CIRCLE ( 'NONE', #1544, 22.00000000000000000 ) ;
#1373 = DIRECTION ( 'NONE',  ( -0.000000000000000000, 0.000000000000000000, -1.000000000000000000 ) ) ;
#1374 = EDGE_LOOP ( 'NONE', ( #3984, #4947, #3179, #4905 ) ) ;
#1375 = VERTEX_POINT ( 'NONE', #3531 ) ;
#1376 = AXIS2_PLACEMENT_3D ( 'NONE', #4274, #4245, #1332 ) ;
#1377 = CIRCLE ( 'NONE', #2420, 0.6250000000000000000 ) ;
#1378 = DIRECTION ( 'NONE',  ( 0.000000000000000000, -0.000000000000000000, 1.000000000000000000 ) ) ;
#1379 = ORIENTED_EDGE ( 'NONE', *, *, #2182, .T. ) ;
#1380 = CARTESIAN_POINT ( 'NONE',  ( 13.83397262833624275, 10.73194847838630928, -10.00000000000000000 ) ) ;
#1381 = VERTEX_POINT ( 'NONE', #1079 ) ;
#1382 = ORIENTED_EDGE ( 'NONE', *, *, #4364, .T. ) ;
#1383 = AXIS2_PLACEMENT_3D ( 'NONE', #3181, #351, #1227 ) ;
#1384 = LINE ( 'NONE', #568, #1579 ) ;
#1385 = DIRECTION ( 'NONE',  ( -0.000000000000000000, -0.000000000000000000, 1.000000000000000000 ) ) ;
#1386 = EDGE_CURVE ( 'NONE', #3397, #3162, #1661, .T. ) ;
#1387 = EDGE_CURVE ( 'NONE', #150, #1213, #4830, .T. ) ;
#1388 = CARTESIAN_POINT ( 'NONE',  ( -11.61968464773343612, -13.99342959553580634, -10.00000000000000000 ) ) ;
#1389 = DIRECTION ( 'NONE',  ( 0.3090169943749411230, 0.9510565162951556406, 0.000000000000000000 ) ) ;
#1390 = ORIENTED_EDGE ( 'NONE', *, *, #4632, .T. ) ;
#1391 = CIRCLE ( 'NONE', #807, 4.499999999999999112 ) ;
#1392 = LINE ( 'NONE', #5119, #653 ) ;
#1393 = EDGE_CURVE ( 'NONE', #2647, #2060, #1240, .T. ) ;
#1394 = FACE_OUTER_BOUND ( 'NONE', #1348, .T. ) ;
#1395 = ORIENTED_EDGE ( 'NONE', *, *, #4363, .T. ) ;
#1396 = CIRCLE ( 'NONE', #4303, 0.6249999999999997780 ) ;
#1397 = CIRCLE ( 'NONE', #4650, 0.6249999999999998890 ) ;
#1398 = CIRCLE ( 'NONE', #122, 0.6249999999999998890 ) ;
#1399 = ORIENTED_EDGE ( 'NONE', *, *, #4268, .F. ) ;
#1400 = DIRECTION ( 'NONE',  ( -0.000000000000000000, -0.000000000000000000, 1.000000000000000000 ) ) ;
#1401 = VERTEX_POINT ( 'NONE', #3079 ) ;
#1402 = VERTEX_POINT ( 'NONE', #677 ) ;
#1403 = EDGE_LOOP ( 'NONE', ( #2492, #4058, #4332, #1429 ) ) ;
#1404 = CARTESIAN_POINT ( 'NONE',  ( 0.5509236102168820759, 18.12500000000000711, -10.00000000000000000 ) ) ;
#1405 = ORIENTED_EDGE ( 'NONE', *, *, #124, .F. ) ;
#1406 = CARTESIAN_POINT ( 'NONE',  ( 18.15080162460479585, -1.175390804044962101, 10.00000000000000000 ) ) ;
#1407 = ORIENTED_EDGE ( 'NONE', *, *, #4176, .T. ) ;
#1408 = ORIENTED_EDGE ( 'NONE', *, *, #3868, .T. ) ;
#1409 = CARTESIAN_POINT ( 'NONE',  ( 5.671554599608693792, -18.33657332175918597, -10.00000000000000000 ) ) ;
#1410 = CARTESIAN_POINT ( 'NONE',  ( -6.726769246911835864, 16.89922242757905124, -10.00000000000000000 ) ) ;
#1411 = FACE_OUTER_BOUND ( 'NONE', #2602, .T. ) ;
#1412 = AXIS2_PLACEMENT_3D ( 'NONE', #2956, #70, #3572 ) ;
#1413 = DIRECTION ( 'NONE',  ( 0.000000000000000000, -0.000000000000000000, 1.000000000000000000 ) ) ;
#1414 = DIRECTION ( 'NONE',  ( -0.000000000000000000, -0.000000000000000000, -1.000000000000000000 ) ) ;
#1415 = EDGE_CURVE ( 'NONE', #1712, #368, #3373, .T. ) ;
#1416 = ORIENTED_EDGE ( 'NONE', *, *, #4037, .T. ) ;
#1417 = AXIS2_PLACEMENT_3D ( 'NONE', #3524, #2299, #5223 ) ;
#1418 = DIRECTION ( 'NONE',  ( 0.000000000000000000, 0.000000000000000000, -1.000000000000000000 ) ) ;
#1419 = CARTESIAN_POINT ( 'NONE',  ( -16.47324427700575811, -5.931756891039271729, 10.00000000000000000 ) ) ;
#1420 = EDGE_CURVE ( 'NONE', #229, #108, #3536, .T. ) ;
#1421 = EDGE_CURVE ( 'NONE', #5272, #1431, #1105, .T. ) ;
#1422 = EDGE_CURVE ( 'NONE', #4661, #5104, #3108, .T. ) ;
#1423 = CIRCLE ( 'NONE', #1942, 4.500000000000000888 ) ;
#1424 = ORIENTED_EDGE ( 'NONE', *, *, #524, .T. ) ;
#1425 = DIRECTION ( 'NONE',  ( 1.000000000000000000, 0.000000000000000000, 0.000000000000000000 ) ) ;
#1426 = ORIENTED_EDGE ( 'NONE', *, *, #1273, .T. ) ;
#1427 = CARTESIAN_POINT ( 'NONE',  ( 15.10661573985676398, -15.99344118344491328, -10.00000000000000000 ) ) ;
#1428 = ORIENTED_EDGE ( 'NONE', *, *, #3874, .F. ) ;
#1429 = ORIENTED_EDGE ( 'NONE', *, *, #546, .F. ) ;
#1430 = PLANE ( 'NONE',  #1585 ) ;
#1431 = VERTEX_POINT ( 'NONE', #3957 ) ;
#1432 = CARTESIAN_POINT ( 'NONE',  ( -5.671554599608693792, 18.33657332175918597, 10.00000000000000000 ) ) ;
#1433 = ORIENTED_EDGE ( 'NONE', *, *, #1371, .F. ) ;
#1434 = EDGE_LOOP ( 'NONE', ( #1382, #3012, #2228, #1322 ) ) ;
#1435 = CYLINDRICAL_SURFACE ( 'NONE', #306, 22.00000000000000000 ) ;
#1436 = CARTESIAN_POINT ( 'NONE',  ( 17.49999999999999645, 0.5509236102170654847, -10.00000000000000000 ) ) ;
#1437 = DIRECTION ( 'NONE',  ( 1.000000000000000000, 0.000000000000000000, 0.000000000000000000 ) ) ;
#1438 = AXIS2_PLACEMENT_3D ( 'NONE', #1249, #2074, #74 ) ;
#1439 = DIRECTION ( 'NONE',  ( -0.3090169943749386805, -0.9510565162951565288, 0.000000000000000000 ) ) ;
#1440 = VERTEX_POINT ( 'NONE', #1934 ) ;
#1441 = PRESENTATION_LAYER_ASSIGNMENT (  '', '', ( #4880 ) ) ;
#1442 = DIRECTION ( 'NONE',  ( 1.000000000000000000, 0.000000000000000000, 0.000000000000000000 ) ) ;
#1443 = CARTESIAN_POINT ( 'NONE',  ( -10.00000000000000000, 0.000000000000000000, -5.000000000000000000 ) ) ;
#1444 = DIRECTION ( 'NONE',  ( 0.8090169943749467851, 0.5877852522924741363, 0.000000000000000000 ) ) ;
#1445 = DIRECTION ( 'NONE',  ( -0.000000000000000000, -0.000000000000000000, 1.000000000000000000 ) ) ;
#1446 = ADVANCED_FACE ( 'NONE', ( #2682 ), #655, .F. ) ;
#1447 = EDGE_LOOP ( 'NONE', ( #4591, #2458, #4012, #3833 ) ) ;
#1448 = DIRECTION ( 'NONE',  ( -1.000000000000000000, 0.000000000000000000, 0.000000000000000000 ) ) ;
#1449 = EDGE_LOOP ( 'NONE', ( #233, #1679, #3836, #973 ) ) ;
#1450 = EDGE_CURVE ( 'NONE', #131, #1941, #4220, .T. ) ;
#1451 = ORIENTED_EDGE ( 'NONE', *, *, #620, .T. ) ;
#1452 = DIRECTION ( 'NONE',  ( -0.3090169943749383474, -0.9510565162951566398, 0.000000000000000000 ) ) ;
#1453 = ORIENTED_EDGE ( 'NONE', *, *, #580, .T. ) ;
#1454 = CARTESIAN_POINT ( 'NONE',  ( -16.47324427700575811, -5.931756891039271729, 10.00000000000000000 ) ) ;
#1455 = ORIENTED_EDGE ( 'NONE', *, *, #1617, .T. ) ;
#1456 = AXIS2_PLACEMENT_3D ( 'NONE', #3523, #1488, #4006 ) ;
#1457 = ORIENTED_EDGE ( 'NONE', *, *, #1687, .T. ) ;
#1458 = AXIS2_PLACEMENT_3D ( 'NONE', #3616, #1635, #37 ) ;
#1459 = CIRCLE ( 'NONE', #2927, 0.6250000000000001110 ) ;
#1460 = DIRECTION ( 'NONE',  ( -0.000000000000000000, 0.000000000000000000, 1.000000000000000000 ) ) ;
#1461 = DIRECTION ( 'NONE',  ( 0.8090169943749465631, 0.5877852522924742473, 0.000000000000000000 ) ) ;
#1462 = CARTESIAN_POINT ( 'NONE',  ( 1.175923610216882187, -18.12500000000000711, 10.00000000000000000 ) ) ;
#1463 = DIRECTION ( 'NONE',  ( 0.000000000000000000, 0.000000000000000000, 1.000000000000000000 ) ) ;
#1464 = AXIS2_PLACEMENT_3D ( 'NONE', #4567, #4164, #4424 ) ;
#1465 = DIRECTION ( 'NONE',  ( 0.000000000000000000, 1.000000000000000000, 0.000000000000000000 ) ) ;
#1466 = EDGE_LOOP ( 'NONE', ( #3434, #3477, #1301, #1150 ) ) ;
#1467 = EDGE_CURVE ( 'NONE', #4187, #2647, #1987, .T. ) ;
#1468 = DIRECTION ( 'NONE',  ( 1.000000000000000000, 0.000000000000000000, 0.000000000000000000 ) ) ;
#1469 = AXIS2_PLACEMENT_3D ( 'NONE', #4606, #897, #4124 ) ;
#1470 = DIRECTION ( 'NONE',  ( -0.8090169943749508930, 0.5877852522924683631, 0.000000000000000000 ) ) ;
#1471 = PLANE ( 'NONE',  #1362 ) ;
#1472 = CARTESIAN_POINT ( 'NONE',  ( 17.40814411600902289, 5.076973533568504671, -10.00000000000000000 ) ) ;
#1473 = AXIS2_PLACEMENT_3D ( 'NONE', #3284, #374, #4431 ) ;
#1474 = ORIENTED_EDGE ( 'NONE', *, *, #3276, .T. ) ;
#1475 = CARTESIAN_POINT ( 'NONE',  ( 0.000000000000000000, 0.000000000000000000, -5.000000000000000000 ) ) ;
#1476 = ORIENTED_EDGE ( 'NONE', *, *, #1803, .T. ) ;
#1477 = AXIS2_PLACEMENT_3D ( 'NONE', #3862, #606, #153 ) ;
#1478 = VERTEX_POINT ( 'NONE', #2393 ) ;
#1479 = EDGE_CURVE ( 'NONE', #2235, #3819, #4053, .T. ) ;
#1480 = AXIS2_PLACEMENT_3D ( 'NONE', #742, #3110, #4716 ) ;
#1481 = DIRECTION ( 'NONE',  ( 0.000000000000000000, -0.000000000000000000, 1.000000000000000000 ) ) ;
#1482 = DIRECTION ( 'NONE',  ( 0.000000000000000000, 0.000000000000000000, 1.000000000000000000 ) ) ;
#1483 = VERTEX_POINT ( 'NONE', #4420 ) ;
#1484 = ORIENTED_EDGE ( 'NONE', *, *, #2109, .T. ) ;
#1485 = AXIS2_PLACEMENT_3D ( 'NONE', #4985, #5036, #922 ) ;
#1486 = VECTOR ( 'NONE', #4655, 999.9999999999998863 ) ;
#1487 = CARTESIAN_POINT ( 'NONE',  ( 18.33657332175912913, 5.671554599608885638, -10.00000000000000000 ) ) ;
#1488 = DIRECTION ( 'NONE',  ( -0.000000000000000000, -0.000000000000000000, 1.000000000000000000 ) ) ;
#1489 = CARTESIAN_POINT ( 'NONE',  ( -17.06765459969027177, 6.124892512523492982, 10.00000000000000000 ) ) ;
#1490 = EDGE_CURVE ( 'NONE', #1538, #558, #901, .T. ) ;
#1491 = DIRECTION ( 'NONE',  ( 0.000000000000000000, 0.000000000000000000, 1.000000000000000000 ) ) ;
#1492 = ORIENTED_EDGE ( 'NONE', *, *, #856, .T. ) ;
#1493 = AXIS2_PLACEMENT_3D ( 'NONE', #4148, #415, #3272 ) ;
#1494 = CIRCLE ( 'NONE', #3632, 15.00000000000000000 ) ;
#1495 = CARTESIAN_POINT ( 'NONE',  ( 11.61968464773363507, -13.99342959553563936, 10.00000000000000000 ) ) ;
#1496 = VERTEX_POINT ( 'NONE', #4122 ) ;
#1497 = AXIS2_PLACEMENT_3D ( 'NONE', #950, #5069, #2633 ) ;
#1498 = CARTESIAN_POINT ( 'NONE',  ( 18.16825558712705657, -6.189583320500646302, -10.00000000000000000 ) ) ;
#1499 = CARTESIAN_POINT ( 'NONE',  ( 0.000000000000000000, 0.000000000000000000, -10.00000000000000000 ) ) ;
#1500 = DIRECTION ( 'NONE',  ( 1.000000000000000000, 0.000000000000000000, 0.000000000000000000 ) ) ;
#1501 = CARTESIAN_POINT ( 'NONE',  ( 0.000000000000000000, 0.000000000000000000, -10.00000000000000000 ) ) ;
#1502 = CIRCLE ( 'NONE', #2886, 0.6249999999999998890 ) ;
#1503 = ORIENTED_EDGE ( 'NONE', *, *, #4758, .F. ) ;
#1504 = LINE ( 'NONE', #280, #1199 ) ;
#1505 = VERTEX_POINT ( 'NONE', #1582 ) ;
#1506 = ORIENTED_EDGE ( 'NONE', *, *, #4117, .T. ) ;
#1507 = VECTOR ( 'NONE', #5292, 1000.000000000000000 ) ;
#1508 = LINE ( 'NONE', #3442, #3977 ) ;
#1509 = ORIENTED_EDGE ( 'NONE', *, *, #2351, .T. ) ;
#1510 = CYLINDRICAL_SURFACE ( 'NONE', #4975, 7.500000000000000000 ) ;
#1511 = EDGE_LOOP ( 'NONE', ( #1968, #5022 ) ) ;
#1512 = AXIS2_PLACEMENT_3D ( 'NONE', #4419, #2090, #2418 ) ;
#1513 = ORIENTED_EDGE ( 'NONE', *, *, #2676, .T. ) ;
#1514 = EDGE_CURVE ( 'NONE', #558, #5215, #3454, .T. ) ;
#1515 = EDGE_CURVE ( 'NONE', #4131, #4118, #895, .T. ) ;
#1516 = CYLINDRICAL_SURFACE ( 'NONE', #3117, 4.500000000000000888 ) ;
#1517 = LINE ( 'NONE', #5137, #4708 ) ;
#1518 = FACE_OUTER_BOUND ( 'NONE', #2208, .T. ) ;
#1519 = DIRECTION ( 'NONE',  ( 0.9510565162951534202, 0.3090169943749480064, 0.000000000000000000 ) ) ;
#1520 = ORIENTED_EDGE ( 'NONE', *, *, #714, .T. ) ;
#1521 = EDGE_CURVE ( 'NONE', #4869, #2814, #2258, .T. ) ;
#1522 = DIRECTION ( 'NONE',  ( 1.000000000000000000, 0.000000000000000000, 0.000000000000000000 ) ) ;
#1523 = EDGE_CURVE ( 'NONE', #3760, #596, #295, .T. ) ;
#1524 = ORIENTED_EDGE ( 'NONE', *, *, #728, .T. ) ;
#1525 = DIRECTION ( 'NONE',  ( -0.5877852522924653655, -0.8090169943749531134, 0.000000000000000000 ) ) ;
#1526 = CIRCLE ( 'NONE', #5300, 4.500000000000001776 ) ;
#1527 = CARTESIAN_POINT ( 'NONE',  ( 0.000000000000000000, 0.000000000000000000, -10.00000000000000000 ) ) ;
#1528 = DIRECTION ( 'NONE',  ( 1.000000000000000000, 0.000000000000000000, 0.000000000000000000 ) ) ;
#1529 = DIRECTION ( 'NONE',  ( 0.000000000000000000, 0.000000000000000000, -1.000000000000000000 ) ) ;
#1530 = AXIS2_PLACEMENT_3D ( 'NONE', #3101, #1954, #4820 ) ;
#1531 = AXIS2_PLACEMENT_3D ( 'NONE', #2683, #2307, #1444 ) ;
#1532 = ORIENTED_EDGE ( 'NONE', *, *, #5096, .T. ) ;
#1533 = DIRECTION ( 'NONE',  ( 0.000000000000000000, 0.000000000000000000, 1.000000000000000000 ) ) ;
#1534 = VERTEX_POINT ( 'NONE', #4908 ) ;
#1535 = EDGE_CURVE ( 'NONE', #3506, #1085, #207, .T. ) ;
#1536 = ORIENTED_EDGE ( 'NONE', *, *, #2567, .F. ) ;
#1537 = DIRECTION ( 'NONE',  ( 0.000000000000000000, 0.000000000000000000, 1.000000000000000000 ) ) ;
#1538 = VERTEX_POINT ( 'NONE', #3300 ) ;
#1539 = CARTESIAN_POINT ( 'NONE',  ( 6.189583320500583241, 18.16825558712707789, -10.00000000000000000 ) ) ;
#1540 = VERTEX_POINT ( 'NONE', #4884 ) ;
#1541 = ORIENTED_EDGE ( 'NONE', *, *, #3906, .T. ) ;
#1542 = CARTESIAN_POINT ( 'NONE',  ( -9.425000214336753501, -19.87886744660651317, 10.00000000000000000 ) ) ;
#1543 = AXIS2_PLACEMENT_3D ( 'NONE', #3908, #4362, #1528 ) ;
#1544 = AXIS2_PLACEMENT_3D ( 'NONE', #2119, #4610, #1696 ) ;
#1545 = DIRECTION ( 'NONE',  ( 1.079383496163346391E-14, -1.000000000000000000, 0.000000000000000000 ) ) ;
#1546 = DIRECTION ( 'NONE',  ( -0.000000000000000000, 0.000000000000000000, 1.000000000000000000 ) ) ;
#1547 = CARTESIAN_POINT ( 'NONE',  ( 0.2723438155444214415, -19.19172429998743112, -10.00000000000000000 ) ) ;
#1548 = DIRECTION ( 'NONE',  ( 0.8090169943749466741, 0.5877852522924741363, 0.000000000000000000 ) ) ;
#1549 = VERTEX_POINT ( 'NONE', #1634 ) ;
#1550 = VECTOR ( 'NONE', #665, 1000.000000000000000 ) ;
#1551 = ORIENTED_EDGE ( 'NONE', *, *, #1268, .F. ) ;
#1552 = DIRECTION ( 'NONE',  ( 0.000000000000000000, 0.000000000000000000, 1.000000000000000000 ) ) ;
#1553 = EDGE_CURVE ( 'NONE', #108, #3462, #3204, .T. ) ;
#1554 = DIRECTION ( 'NONE',  ( -1.000000000000000000, 0.000000000000000000, 0.000000000000000000 ) ) ;
#1555 = VECTOR ( 'NONE', #1649, 1000.000000000000000 ) ;
#1556 = FACE_OUTER_BOUND ( 'NONE', #931, .T. ) ;
#1557 = DIRECTION ( 'NONE',  ( 1.000000000000000000, 0.000000000000000000, 0.000000000000000000 ) ) ;
#1558 = DIRECTION ( 'NONE',  ( -1.000000000000000000, 0.000000000000000000, 0.000000000000000000 ) ) ;
#1559 = VERTEX_POINT ( 'NONE', #2900 ) ;
#1560 = CARTESIAN_POINT ( 'NONE',  ( 0.000000000000000000, 0.000000000000000000, 10.00000000000000000 ) ) ;
#1561 = VERTEX_POINT ( 'NONE', #1692 ) ;
#1562 = EDGE_CURVE ( 'NONE', #1483, #3445, #1572, .T. ) ;
#1563 = DIRECTION ( 'NONE',  ( -0.9510565162951563067, 0.3090169943749390691, 0.000000000000000000 ) ) ;
#1565 = CARTESIAN_POINT ( 'NONE',  ( -0.5509236102168821869, 17.50000000000000355, 10.00000000000000000 ) ) ;
#1564 = AXIS2_PLACEMENT_3D ( 'NONE', #3268, #1922, #1866 ) ;
#1566 = ORIENTED_EDGE ( 'NONE', *, *, #2617, .F. ) ;
#1567 = DIRECTION ( 'NONE',  ( -0.000000000000000000, -0.000000000000000000, 1.000000000000000000 ) ) ;
#1568 = ORIENTED_EDGE ( 'NONE', *, *, #5161, .F. ) ;
#1569 = ORIENTED_EDGE ( 'NONE', *, *, #5229, .F. ) ;
#1570 = DIRECTION ( 'NONE',  ( -0.3090169943749499493, 0.9510565162951527540, 0.000000000000000000 ) ) ;
#1571 = CIRCLE ( 'NONE', #4646, 4.500000000000000888 ) ;
#1572 = CIRCLE ( 'NONE', #2947, 22.00000000000000000 ) ;
#1573 = FACE_OUTER_BOUND ( 'NONE', #4469, .T. ) ;
#1574 = CYLINDRICAL_SURFACE ( 'NONE', #4194, 0.6250000000000005551 ) ;
#1575 = CARTESIAN_POINT ( 'NONE',  ( -9.425000214336900939, 19.87886744660644922, 10.00000000000000000 ) ) ;
#1576 = VECTOR ( 'NONE', #1218, 1000.000000000000000 ) ;
#1577 = CARTESIAN_POINT ( 'NONE',  ( -15.36635143171850792, 11.50094328468391147, -10.00000000000000000 ) ) ;
#1578 = ORIENTED_EDGE ( 'NONE', *, *, #4991, .F. ) ;
#1579 = VECTOR ( 'NONE', #3743, 1000.000000000000000 ) ;
#1580 = ORIENTED_EDGE ( 'NONE', *, *, #2995, .F. ) ;
#1581 = CARTESIAN_POINT ( 'NONE',  ( -18.33657332175920729, 5.671554599608629843, 10.00000000000000000 ) ) ;
#1582 = CARTESIAN_POINT ( 'NONE',  ( -11.61968464773353560, 13.99342959553572818, -10.00000000000000000 ) ) ;
#1583 = CARTESIAN_POINT ( 'NONE',  ( 21.62221772207219672, -4.059519772005933724, 10.00000000000000000 ) ) ;
#1584 = CYLINDRICAL_SURFACE ( 'NONE', #2346, 4.500000000000000888 ) ;
#1585 = AXIS2_PLACEMENT_3D ( 'NONE', #3545, #2291, #1861 ) ;
#1586 = ADVANCED_FACE ( 'NONE', ( #64 ), #4525, .T. ) ;
#1587 = LINE ( 'NONE', #2369, #5064 ) ;
#1588 = EDGE_CURVE ( 'NONE', #4466, #3823, #820, .T. ) ;
#1589 = CARTESIAN_POINT ( 'NONE',  ( -15.10661573985653483, -15.99344118344513177, -10.00000000000000000 ) ) ;
#1590 = VERTEX_POINT ( 'NONE', #2495 ) ;
#1591 = VECTOR ( 'NONE', #1799, 1000.000000000000000 ) ;
#1592 = VERTEX_POINT ( 'NONE', #2925 ) ;
#1593 = ADVANCED_FACE ( 'NONE', ( #4551 ), #3222, .T. ) ;
#1594 = ORIENTED_EDGE ( 'NONE', *, *, #1152, .F. ) ;
#1595 = DIRECTION ( 'NONE',  ( 0.000000000000000000, 0.000000000000000000, -1.000000000000000000 ) ) ;
#1596 = ORIENTED_EDGE ( 'NONE', *, *, #3030, .T. ) ;
#1597 = VERTEX_POINT ( 'NONE', #497 ) ;
#1598 = DIRECTION ( 'NONE',  ( -0.000000000000000000, -0.000000000000000000, 1.000000000000000000 ) ) ;
#1599 = CIRCLE ( 'NONE', #4592, 0.6250000000000001110 ) ;
#1600 = CYLINDRICAL_SURFACE ( 'NONE', #4575, 22.00000000000000000 ) ;
#1601 = DIRECTION ( 'NONE',  ( 1.000000000000000000, 0.000000000000000000, 0.000000000000000000 ) ) ;
#1602 = CARTESIAN_POINT ( 'NONE',  ( -0.5509236102168820759, 18.12500000000000711, 10.00000000000000000 ) ) ;
#1603 = FACE_OUTER_BOUND ( 'NONE', #5152, .T. ) ;
#1604 = VERTEX_POINT ( 'NONE', #3744 ) ;
#1605 = DIRECTION ( 'NONE',  ( 0.000000000000000000, 0.000000000000000000, 1.000000000000000000 ) ) ;
#1606 = ORIENTED_EDGE ( 'NONE', *, *, #1346, .T. ) ;
#1607 = CARTESIAN_POINT ( 'NONE',  ( -9.840535351850345336, -14.48162217478685143, -10.00000000000000000 ) ) ;
#1608 = DIRECTION ( 'NONE',  ( 1.000000000000000000, 0.000000000000000000, 0.000000000000000000 ) ) ;
#1609 = CARTESIAN_POINT ( 'NONE',  ( -0.7499999999999992228, 8.250000000000000000, -10.00000000000000000 ) ) ;
#1610 = DIRECTION ( 'NONE',  ( -0.9510565162951576390, 0.3090169943749348502, 0.000000000000000000 ) ) ;
#1611 = DIRECTION ( 'NONE',  ( -0.000000000000000000, -0.000000000000000000, 1.000000000000000000 ) ) ;
#1612 =( NAMED_UNIT ( * ) PLANE_ANGLE_UNIT ( ) SI_UNIT ( $, .RADIAN. ) );
#1613 = ORIENTED_EDGE ( 'NONE', *, *, #4382, .T. ) ;
#1614 = FACE_OUTER_BOUND ( 'NONE', #3339, .T. ) ;
#1615 = AXIS2_PLACEMENT_3D ( 'NONE', #647, #5169, #2760 ) ;
#1616 = CIRCLE ( 'NONE', #1350, 4.500000000000000888 ) ;
#1617 = EDGE_CURVE ( 'NONE', #409, #2593, #211, .T. ) ;
#1618 = CIRCLE ( 'NONE', #2, 22.00000000000000000 ) ;
#1619 = EDGE_CURVE ( 'NONE', #150, #131, #2824, .T. ) ;
#1620 = ORIENTED_EDGE ( 'NONE', *, *, #974, .T. ) ;
#1621 = DIRECTION ( 'NONE',  ( 1.000000000000000000, 0.000000000000000000, 0.000000000000000000 ) ) ;
#1622 = EDGE_LOOP ( 'NONE', ( #3048, #695, #2028, #5198 ) ) ;
#1623 = ORIENTED_EDGE ( 'NONE', *, *, #1760, .T. ) ;
#1624 = DIRECTION ( 'NONE',  ( 0.5877852522924771339, -0.8090169943749445647, 0.000000000000000000 ) ) ;
#1625 = EDGE_CURVE ( 'NONE', #3233, #2994, #5012, .T. ) ;
#1626 = EDGE_CURVE ( 'NONE', #1931, #1849, #2803, .T. ) ;
#1627 = CYLINDRICAL_SURFACE ( 'NONE', #4312, 4.500000000000000888 ) ;
#1628 = CARTESIAN_POINT ( 'NONE',  ( -4.883837912083854427, -16.81373379332464424, -10.00000000000000000 ) ) ;
#1629 = CARTESIAN_POINT ( 'NONE',  ( -13.83397262833632269, -10.73194847838620625, -10.00000000000000000 ) ) ;
#1630 = ORIENTED_EDGE ( 'NONE', *, *, #4733, .F. ) ;
#1631 = CARTESIAN_POINT ( 'NONE',  ( -21.81841165988029729, 2.820799999999926033, -10.00000000000000000 ) ) ;
#1632 = ORIENTED_EDGE ( 'NONE', *, *, #2641, .F. ) ;
#1633 = DIRECTION ( 'NONE',  ( 0.000000000000000000, 0.000000000000000000, 1.000000000000000000 ) ) ;
#1634 = CARTESIAN_POINT ( 'NONE',  ( -13.99342959553576726, 11.61968464773348231, -10.00000000000000000 ) ) ;
#1635 = DIRECTION ( 'NONE',  ( 0.000000000000000000, -0.000000000000000000, 1.000000000000000000 ) ) ;
#1636 = CIRCLE ( 'NONE', #16, 0.6250000000000004441 ) ;
#1637 = DIRECTION ( 'NONE',  ( 1.000000000000000000, 0.000000000000000000, 0.000000000000000000 ) ) ;
#1638 = AXIS2_PLACEMENT_3D ( 'NONE', #1432, #160, #2622 ) ;
#1639 = DIRECTION ( 'NONE',  ( 1.047444401652940007E-14, -1.000000000000000000, 0.000000000000000000 ) ) ;
#1640 = EDGE_CURVE ( 'NONE', #4618, #5163, #2626, .T. ) ;
#1641 = CARTESIAN_POINT ( 'NONE',  ( -7.500000000000000000, 9.184850993605147944E-16, -10.00000000000000000 ) ) ;
#1642 = ORIENTED_EDGE ( 'NONE', *, *, #3969, .F. ) ;
#1643 = DIRECTION ( 'NONE',  ( -0.000000000000000000, -0.000000000000000000, 1.000000000000000000 ) ) ;
#1644 = VECTOR ( 'NONE', #3647, 1000.000000000000000 ) ;
#1645 = AXIS2_PLACEMENT_3D ( 'NONE', #1609, #4069, #1265 ) ;
#1646 = CARTESIAN_POINT ( 'NONE',  ( 19.19172429998743468, -0.2723438155440866537, -10.00000000000000000 ) ) ;
#1647 = ORIENTED_EDGE ( 'NONE', *, *, #2050, .F. ) ;
#1648 = ORIENTED_EDGE ( 'NONE', *, *, #962, .F. ) ;
#1649 = DIRECTION ( 'NONE',  ( -0.000000000000000000, -0.000000000000000000, -1.000000000000000000 ) ) ;
#1650 = EDGE_CURVE ( 'NONE', #81, #2731, #1364, .T. ) ;
#1651 = VECTOR ( 'NONE', #5116, 1000.000000000000000 ) ;
#1652 = DIRECTION ( 'NONE',  ( 0.5877852522924685852, 0.8090169943749507819, 0.000000000000000000 ) ) ;
#1653 = FACE_OUTER_BOUND ( 'NONE', #230, .T. ) ;
#1654 = LINE ( 'NONE', #1685, #1707 ) ;
#1655 = DIRECTION ( 'NONE',  ( -0.000000000000000000, -0.000000000000000000, 1.000000000000000000 ) ) ;
#1656 = EDGE_CURVE ( 'NONE', #2187, #3445, #2998, .T. ) ;
#1657 = ORIENTED_EDGE ( 'NONE', *, *, #3939, .F. ) ;
#1658 = DIRECTION ( 'NONE',  ( 1.000000000000000000, 0.000000000000000000, 0.000000000000000000 ) ) ;
#1659 = VECTOR ( 'NONE', #3157, 1000.000000000000000 ) ;
#1660 = EDGE_CURVE ( 'NONE', #1814, #5016, #966, .T. ) ;
#1661 = CIRCLE ( 'NONE', #42, 0.6250000000000003331 ) ;
#1662 = ORIENTED_EDGE ( 'NONE', *, *, #3613, .T. ) ;
#1663 = EDGE_CURVE ( 'NONE', #1160, #1779, #3050, .T. ) ;
#1664 = CIRCLE ( 'NONE', #4739, 4.500000000000000000 ) ;
#1665 = CYLINDRICAL_SURFACE ( 'NONE', #3036, 4.500000000000000888 ) ;
#1666 = DIRECTION ( 'NONE',  ( 1.000000000000000000, 0.000000000000000000, 0.000000000000000000 ) ) ;
#1667 = FACE_OUTER_BOUND ( 'NONE', #754, .T. ) ;
#1668 = FACE_OUTER_BOUND ( 'NONE', #2621, .T. ) ;
#1669 = EDGE_CURVE ( 'NONE', #131, #3571, #3643, .T. ) ;
#1670 = CIRCLE ( 'NONE', #4658, 4.500000000000000888 ) ;
#1671 = CARTESIAN_POINT ( 'NONE',  ( 9.840535351850553170, -14.48162217478670755, -10.00000000000000000 ) ) ;
#1672 = DIRECTION ( 'NONE',  ( -0.000000000000000000, 0.000000000000000000, 1.000000000000000000 ) ) ;
#1673 = DIRECTION ( 'NONE',  ( -1.000000000000000000, 0.000000000000000000, 0.000000000000000000 ) ) ;
#1674 = VERTEX_POINT ( 'NONE', #3850 ) ;
#1675 = DIRECTION ( 'NONE',  ( 0.3090169943749441206, 0.9510565162951547524, 0.000000000000000000 ) ) ;
#1676 = VECTOR ( 'NONE', #3489, 1000.000000000000000 ) ;
#1677 = CIRCLE ( 'NONE', #1497, 4.500000000000000000 ) ;
#1678 = DIRECTION ( 'NONE',  ( 1.000000000000000000, 0.000000000000000000, 0.000000000000000000 ) ) ;
#1679 = ORIENTED_EDGE ( 'NONE', *, *, #780, .T. ) ;
#1680 = ORIENTED_EDGE ( 'NONE', *, *, #3652, .F. ) ;
#1681 = DIRECTION ( 'NONE',  ( 0.000000000000000000, -0.000000000000000000, -1.000000000000000000 ) ) ;
#1682 = AXIS2_PLACEMENT_3D ( 'NONE', #1489, #4792, #1097 ) ;
#1683 = CYLINDRICAL_SURFACE ( 'NONE', #5268, 22.00000000000000000 ) ;
#1684 = FACE_BOUND ( 'NONE', #2287, .T. ) ;
#1685 = CARTESIAN_POINT ( 'NONE',  ( -16.81373379332462648, 4.883837912083918376, -10.00000000000000000 ) ) ;
#1686 = ORIENTED_EDGE ( 'NONE', *, *, #1562, .F. ) ;
#1687 = EDGE_CURVE ( 'NONE', #1561, #507, #317, .T. ) ;
#1688 = CIRCLE ( 'NONE', #1855, 4.500000000000000888 ) ;
#1689 = EDGE_CURVE ( 'NONE', #2270, #1203, #1502, .T. ) ;
#1690 = ORIENTED_EDGE ( 'NONE', *, *, #2617, .T. ) ;
#1691 = DIRECTION ( 'NONE',  ( 0.8090169943749551118, -0.5877852522924625900, 0.000000000000000000 ) ) ;
#1692 = CARTESIAN_POINT ( 'NONE',  ( -9.425000214336900939, 19.87886744660644922, -10.00000000000000000 ) ) ;
#1693 = EDGE_CURVE ( 'NONE', #1505, #2184, #4683, .T. ) ;
#1694 = CARTESIAN_POINT ( 'NONE',  ( -9.717862376724413664, 15.37518435613159618, -10.00000000000000000 ) ) ;
#1695 = DIRECTION ( 'NONE',  ( 1.000000000000000000, 0.000000000000000000, 0.000000000000000000 ) ) ;
#1696 = DIRECTION ( 'NONE',  ( 1.000000000000000000, 0.000000000000000000, 0.000000000000000000 ) ) ;
#1697 = CARTESIAN_POINT ( 'NONE',  ( -13.83397262833639729, 10.73194847838611032, -10.00000000000000000 ) ) ;
#1698 = DIRECTION ( 'NONE',  ( 0.8090169943749507819, -0.5877852522924684742, 0.000000000000000000 ) ) ;
#1699 = EDGE_LOOP ( 'NONE', ( #2723, #1657, #3630, #1367 ) ) ;
#1700 = DIRECTION ( 'NONE',  ( -0.000000000000000000, -0.000000000000000000, 1.000000000000000000 ) ) ;
#1701 = DIRECTION ( 'NONE',  ( 0.000000000000000000, 0.000000000000000000, 1.000000000000000000 ) ) ;
#1702 = AXIS2_PLACEMENT_3D ( 'NONE', #3837, #4615, #5074 ) ;
#1703 = ORIENTED_EDGE ( 'NONE', *, *, #714, .F. ) ;
#1704 = FACE_OUTER_BOUND ( 'NONE', #1221, .T. ) ;
#1705 = ORIENTED_EDGE ( 'NONE', *, *, #1415, .F. ) ;
#1706 = DIRECTION ( 'NONE',  ( 0.000000000000000000, -0.000000000000000000, 1.000000000000000000 ) ) ;
#1707 = VECTOR ( 'NONE', #1185, 1000.000000000000000 ) ;
#1708 = LINE ( 'NONE', #3818, #4745 ) ;
#1709 = DIRECTION ( 'NONE',  ( 0.000000000000000000, 0.000000000000000000, 1.000000000000000000 ) ) ;
#1710 = ORIENTED_EDGE ( 'NONE', *, *, #2742, .F. ) ;
#1711 = LINE ( 'NONE', #82, #4695 ) ;
#1712 = VERTEX_POINT ( 'NONE', #3826 ) ;
#1713 = ORIENTED_EDGE ( 'NONE', *, *, #3315, .F. ) ;
#1714 = DIRECTION ( 'NONE',  ( -0.8090169943749423442, -0.5877852522924801315, 0.000000000000000000 ) ) ;
#1715 = CARTESIAN_POINT ( 'NONE',  ( 15.68651078837833168, 11.06028173450764740, 10.00000000000000000 ) ) ;
#1716 = CARTESIAN_POINT ( 'NONE',  ( -15.99344118344507848, 15.10661573985658990, -10.00000000000000000 ) ) ;
#1717 = CARTESIAN_POINT ( 'NONE',  ( -4.491043080150626920, -17.62565389454305276, -10.00000000000000000 ) ) ;
#1718 = EDGE_CURVE ( 'NONE', #1225, #1779, #920, .T. ) ;
#1719 = CARTESIAN_POINT ( 'NONE',  ( 16.47324427700571192, 5.931756891039385415, -10.00000000000000000 ) ) ;
#1720 = DIRECTION ( 'NONE',  ( -0.000000000000000000, -0.000000000000000000, 1.000000000000000000 ) ) ;
#1721 = VECTOR ( 'NONE', #4516, 1000.000000000000000 ) ;
#1722 = CARTESIAN_POINT ( 'NONE',  ( 15.99344118344519394, -15.10661573985647088, -10.00000000000000000 ) ) ;
#1723 = AXIS2_PLACEMENT_3D ( 'NONE', #1823, #2277, #1072 ) ;
#1724 = EDGE_LOOP ( 'NONE', ( #3975, #4817, #457, #830 ) ) ;
#1725 = AXIS2_PLACEMENT_3D ( 'NONE', #5232, #823, #4829 ) ;
#1726 = VECTOR ( 'NONE', #4755, 1000.000000000000000 ) ;
#1727 = ADVANCED_FACE ( 'NONE', ( #4626 ), #1313, .F. ) ;
#1728 = DIRECTION ( 'NONE',  ( 0.000000000000000000, -0.000000000000000000, 1.000000000000000000 ) ) ;
#1729 = ORIENTED_EDGE ( 'NONE', *, *, #454, .T. ) ;
#1730 = ORIENTED_EDGE ( 'NONE', *, *, #2118, .F. ) ;
#1731 = PLANE ( 'NONE',  #1464 ) ;
#1732 = CARTESIAN_POINT ( 'NONE',  ( 0.000000000000000000, 0.000000000000000000, -10.00000000000000000 ) ) ;
#1733 = CARTESIAN_POINT ( 'NONE',  ( 7.500000000000000000, 0.000000000000000000, 10.00000000000000000 ) ) ;
#1734 = VERTEX_POINT ( 'NONE', #2951 ) ;
#1735 =( NAMED_UNIT ( * ) SI_UNIT ( $, .STERADIAN. ) SOLID_ANGLE_UNIT ( ) );
#1736 = ORIENTED_EDGE ( 'NONE', *, *, #3027, .T. ) ;
#1737 = CIRCLE ( 'NONE', #2941, 0.6250000000000003331 ) ;
#1738 = ORIENTED_EDGE ( 'NONE', *, *, #3061, .F. ) ;
#1739 = CARTESIAN_POINT ( 'NONE',  ( 9.717862376724525575, -15.37518435613151979, -10.00000000000000000 ) ) ;
#1740 = LINE ( 'NONE', #2163, #144 ) ;
#1741 = CIRCLE ( 'NONE', #2597, 4.500000000000000888 ) ;
#1742 = CARTESIAN_POINT ( 'NONE',  ( -19.87886744660641369, -9.425000214336971993, 10.00000000000000000 ) ) ;
#1743 = FACE_OUTER_BOUND ( 'NONE', #4513, .T. ) ;
#1744 = ADVANCED_FACE ( 'NONE', ( #4225 ), #4196, .F. ) ;
#1745 = AXIS2_PLACEMENT_3D ( 'NONE', #3900, #1491, #300 ) ;
#1746 = DIRECTION ( 'NONE',  ( -3.854941057726237111E-15, 1.000000000000000000, 0.000000000000000000 ) ) ;
#1747 = VECTOR ( 'NONE', #2365, 1000.000000000000000 ) ;
#1748 = DIRECTION ( 'NONE',  ( -1.000000000000000000, 0.000000000000000000, 0.000000000000000000 ) ) ;
#1749 = DIRECTION ( 'NONE',  ( 1.000000000000000000, 0.000000000000000000, 0.000000000000000000 ) ) ;
#1750 = ORIENTED_EDGE ( 'NONE', *, *, #316, .F. ) ;
#1751 = AXIS2_PLACEMENT_3D ( 'NONE', #1854, #3959, #3503 ) ;
#1752 = DIRECTION ( 'NONE',  ( 0.000000000000000000, 0.000000000000000000, 1.000000000000000000 ) ) ;
#1753 = AXIS2_PLACEMENT_3D ( 'NONE', #2494, #1986, #819 ) ;
#1754 = EDGE_CURVE ( 'NONE', #1540, #3735, #1740, .T. ) ;
#1755 = ADVANCED_FACE ( 'NONE', ( #1411 ), #2544, .F. ) ;
#1756 = EDGE_CURVE ( 'NONE', #1401, #4160, #3402, .T. ) ;
#1757 = PLANE ( 'NONE',  #4177 ) ;
#1758 = VERTEX_POINT ( 'NONE', #3052 ) ;
#1759 = AXIS2_PLACEMENT_3D ( 'NONE', #5001, #4188, #511 ) ;
#1760 = EDGE_CURVE ( 'NONE', #1200, #5085, #998, .T. ) ;
#1761 = ADVANCED_FACE ( 'NONE', ( #112 ), #542, .F. ) ;
#1762 = ORIENTED_EDGE ( 'NONE', *, *, #517, .F. ) ;
#1763 = ORIENTED_EDGE ( 'NONE', *, *, #5155, .T. ) ;
#1764 = LINE ( 'NONE', #2536, #743 ) ;
#1765 = DIRECTION ( 'NONE',  ( 0.000000000000000000, 0.000000000000000000, 1.000000000000000000 ) ) ;
#1766 = EDGE_LOOP ( 'NONE', ( #4065, #2036, #2724, #293 ) ) ;
#1767 = EDGE_LOOP ( 'NONE', ( #3231, #565, #201, #4981 ) ) ;
#1768 = AXIS2_PLACEMENT_3D ( 'NONE', #1770, #2975, #569 ) ;
#1769 = CARTESIAN_POINT ( 'NONE',  ( 18.16825558712692157, 6.189583320501044206, -10.00000000000000000 ) ) ;
#1770 = CARTESIAN_POINT ( 'NONE',  ( -5.076973533568192920, -17.40814411600911527, -10.00000000000000000 ) ) ;
#1771 = DIRECTION ( 'NONE',  ( 0.000000000000000000, 0.000000000000000000, 1.000000000000000000 ) ) ;
#1772 = DIRECTION ( 'NONE',  ( 1.000000000000000000, 0.000000000000000000, 0.000000000000000000 ) ) ;
#1773 = AXIS2_PLACEMENT_3D ( 'NONE', #246, #304, #1468 ) ;
#1774 = CARTESIAN_POINT ( 'NONE',  ( -6.189583320500719132, -18.16825558712703170, -10.00000000000000000 ) ) ;
#1775 = DIRECTION ( 'NONE',  ( -0.000000000000000000, -0.000000000000000000, 1.000000000000000000 ) ) ;
#1776 = DIRECTION ( 'NONE',  ( 0.000000000000000000, -0.000000000000000000, -1.000000000000000000 ) ) ;
#1777 = ORIENTED_EDGE ( 'NONE', *, *, #4402, .T. ) ;
#1778 = DIRECTION ( 'NONE',  ( -0.8090169943749531134, 0.5877852522924653655, 0.000000000000000000 ) ) ;
#1779 = VERTEX_POINT ( 'NONE', #3128 ) ;
#1780 = ORIENTED_EDGE ( 'NONE', *, *, #2142, .F. ) ;
#1781 = ORIENTED_EDGE ( 'NONE', *, *, #1803, .F. ) ;
#1782 = EDGE_CURVE ( 'NONE', #1918, #2187, #4068, .T. ) ;
#1783 = AXIS2_PLACEMENT_3D ( 'NONE', #2261, #3886, #1425 ) ;
#1784 = FACE_OUTER_BOUND ( 'NONE', #4458, .T. ) ;
#1785 = DIRECTION ( 'NONE',  ( 0.8090169943749547787, -0.5877852522924629231, 0.000000000000000000 ) ) ;
#1786 = ORIENTED_EDGE ( 'NONE', *, *, #3262, .F. ) ;
#1787 = ORIENTED_EDGE ( 'NONE', *, *, #2641, .T. ) ;
#1788 = AXIS2_PLACEMENT_3D ( 'NONE', #2549, #926, #1698 ) ;
#1789 = EDGE_CURVE ( 'NONE', #2856, #3571, #1926, .T. ) ;
#1790 = CIRCLE ( 'NONE', #4782, 4.500000000000001776 ) ;
#1791 = EDGE_CURVE ( 'NONE', #4728, #2270, #1336, .T. ) ;
#1792 = CIRCLE ( 'NONE', #1543, 10.00000000000000000 ) ;
#1793 = ADVANCED_FACE ( 'NONE', ( #1518 ), #4764, .T. ) ;
#1794 = CARTESIAN_POINT ( 'NONE',  ( 19.19172429998742757, 0.2723438155444882769, -10.00000000000000000 ) ) ;
#1795 = DIRECTION ( 'NONE',  ( -0.000000000000000000, 0.000000000000000000, 1.000000000000000000 ) ) ;
#1796 = CYLINDRICAL_SURFACE ( 'NONE', #3699, 10.00000000000000000 ) ;
#1797 = CARTESIAN_POINT ( 'NONE',  ( 16.81373379332465490, -4.883837912083802912, 10.00000000000000000 ) ) ;
#1798 = ORIENTED_EDGE ( 'NONE', *, *, #4561, .F. ) ;
#1799 = DIRECTION ( 'NONE',  ( -0.000000000000000000, -1.000000000000000000, -0.000000000000000000 ) ) ;
#1800 = CARTESIAN_POINT ( 'NONE',  ( -11.06028173450736674, -15.68651078837853419, -10.00000000000000000 ) ) ;
#1801 = ORIENTED_EDGE ( 'NONE', *, *, #292, .T. ) ;
#1802 = DIRECTION ( 'NONE',  ( 0.000000000000000000, 0.000000000000000000, -1.000000000000000000 ) ) ;
#1803 = EDGE_CURVE ( 'NONE', #763, #5190, #1082, .T. ) ;
#1804 = VECTOR ( 'NONE', #1978, 1000.000000000000000 ) ;
#1805 = VERTEX_POINT ( 'NONE', #5138 ) ;
#1806 = CARTESIAN_POINT ( 'NONE',  ( -21.62221772207214343, -4.059519772006235705, 10.00000000000000000 ) ) ;
#1807 = ORIENTED_EDGE ( 'NONE', *, *, #712, .F. ) ;
#1808 = DIRECTION ( 'NONE',  ( 0.000000000000000000, -0.000000000000000000, 1.000000000000000000 ) ) ;
#1809 = EDGE_LOOP ( 'NONE', ( #3650, #4454, #2944, #3465 ) ) ;
#1810 = CIRCLE ( 'NONE', #1299, 4.500000000000000888 ) ;
#1811 = EDGE_LOOP ( 'NONE', ( #5050, #3782, #2405, #4775 ) ) ;
#1812 = AXIS2_PLACEMENT_3D ( 'NONE', #533, #1305, #2916 ) ;
#1813 = CARTESIAN_POINT ( 'NONE',  ( -13.99342959553576726, 11.61968464773348231, -10.00000000000000000 ) ) ;
#1814 = VERTEX_POINT ( 'NONE', #1071 ) ;
#1815 = CARTESIAN_POINT ( 'NONE',  ( 18.12500000000001421, -0.5509236102166922278, -10.00000000000000000 ) ) ;
#1816 = ORIENTED_EDGE ( 'NONE', *, *, #988, .F. ) ;
#1817 = EDGE_CURVE ( 'NONE', #1496, #4287, #5186, .T. ) ;
#1818 = ORIENTED_EDGE ( 'NONE', *, *, #3813, .T. ) ;
#1819 = EDGE_CURVE ( 'NONE', #4287, #2425, #1157, .T. ) ;
#1820 = CARTESIAN_POINT ( 'NONE',  ( -15.10661573985653483, -15.99344118344513177, -10.00000000000000000 ) ) ;
#1821 = DIRECTION ( 'NONE',  ( 0.000000000000000000, 0.000000000000000000, 1.000000000000000000 ) ) ;
#1822 = EDGE_CURVE ( 'NONE', #4118, #3397, #3980, .T. ) ;
#1823 = CARTESIAN_POINT ( 'NONE',  ( 0.2723438155444214415, -19.19172429998743112, -10.00000000000000000 ) ) ;
#1824 = DIRECTION ( 'NONE',  ( 1.000000000000000000, 0.000000000000000000, 0.000000000000000000 ) ) ;
#1825 = ORIENTED_EDGE ( 'NONE', *, *, #2757, .F. ) ;
#1826 = AXIS2_PLACEMENT_3D ( 'NONE', #3123, #4298, #238 ) ;
#1827 = CARTESIAN_POINT ( 'NONE',  ( 1.175923610216882187, 18.12500000000000711, -10.00000000000000000 ) ) ;
#1828 = DIRECTION ( 'NONE',  ( 0.000000000000000000, -0.000000000000000000, 1.000000000000000000 ) ) ;
#1829 = EDGE_CURVE ( 'NONE', #1974, #4466, #3156, .T. ) ;
#1830 = AXIS2_PLACEMENT_3D ( 'NONE', #1098, #4008, #4035 ) ;
#1831 = AXIS2_PLACEMENT_3D ( 'NONE', #2285, #2741, #3909 ) ;
#1832 = ORIENTED_EDGE ( 'NONE', *, *, #1450, .T. ) ;
#1833 = DIRECTION ( 'NONE',  ( -0.000000000000000000, 0.000000000000000000, 1.000000000000000000 ) ) ;
#1834 = VERTEX_POINT ( 'NONE', #3074 ) ;
#1835 = ORIENTED_EDGE ( 'NONE', *, *, #2601, .F. ) ;
#1836 = ORIENTED_EDGE ( 'NONE', *, *, #2055, .F. ) ;
#1837 = CARTESIAN_POINT ( 'NONE',  ( -11.50094328468385640, -15.36635143171854700, -10.00000000000000000 ) ) ;
#1838 = CARTESIAN_POINT ( 'NONE',  ( -17.06765459969027177, 6.124892512523492982, -10.00000000000000000 ) ) ;
#1839 = ORIENTED_EDGE ( 'NONE', *, *, #2864, .F. ) ;
#1840 = ORIENTED_EDGE ( 'NONE', *, *, #2702, .F. ) ;
#1841 = VECTOR ( 'NONE', #1351, 1000.000000000000000 ) ;
#1842 = DIRECTION ( 'NONE',  ( 0.000000000000000000, 0.000000000000000000, 1.000000000000000000 ) ) ;
#1843 = CARTESIAN_POINT ( 'NONE',  ( -19.19172429998743468, 0.2723438155442158837, -10.00000000000000000 ) ) ;
#1844 = AXIS2_PLACEMENT_3D ( 'NONE', #503, #2120, #4127 ) ;
#1845 = CARTESIAN_POINT ( 'NONE',  ( 13.99342959553560028, 11.61968464773368481, 10.00000000000000000 ) ) ;
#1846 = CARTESIAN_POINT ( 'NONE',  ( 4.772343815544422441, -19.19172429998743112, 10.00000000000000000 ) ) ;
#1847 = ADVANCED_FACE ( 'NONE', ( #266 ), #3949, .T. ) ;
#1848 = AXIS2_PLACEMENT_3D ( 'NONE', #5089, #999, #2654 ) ;
#1849 = VERTEX_POINT ( 'NONE', #1893 ) ;
#1850 = CARTESIAN_POINT ( 'NONE',  ( -9.717862376724305307, -15.37518435613166012, 10.00000000000000000 ) ) ;
#1851 = EDGE_CURVE ( 'NONE', #2514, #4233, #498, .T. ) ;
#1852 = DIRECTION ( 'NONE',  ( 0.000000000000000000, -0.000000000000000000, 1.000000000000000000 ) ) ;
#1853 = CARTESIAN_POINT ( 'NONE',  ( -14.48162217478681590, 9.840535351850393297, -10.00000000000000000 ) ) ;
#1854 = CARTESIAN_POINT ( 'NONE',  ( 11.09931426106906294, -14.33960824982061943, -10.00000000000000000 ) ) ;
#1855 = AXIS2_PLACEMENT_3D ( 'NONE', #2711, #4333, #1215 ) ;
#1856 = VERTEX_POINT ( 'NONE', #1045 ) ;
#1857 = CARTESIAN_POINT ( 'NONE',  ( -4.491043080150626920, -17.62565389454305276, -10.00000000000000000 ) ) ;
#1858 = ORIENTED_EDGE ( 'NONE', *, *, #2351, .F. ) ;
#1859 = ORIENTED_EDGE ( 'NONE', *, *, #5161, .T. ) ;
#1860 = ORIENTED_EDGE ( 'NONE', *, *, #857, .F. ) ;
#1861 = DIRECTION ( 'NONE',  ( 0.3090169943749581649, -0.9510565162951499785, 0.000000000000000000 ) ) ;
#1862 = ORIENTED_EDGE ( 'NONE', *, *, #2879, .T. ) ;
#1863 = DIRECTION ( 'NONE',  ( 1.000000000000000000, 0.000000000000000000, 0.000000000000000000 ) ) ;
#1864 = ORIENTED_EDGE ( 'NONE', *, *, #1422, .F. ) ;
#1865 = VERTEX_POINT ( 'NONE', #2729 ) ;
#1866 = DIRECTION ( 'NONE',  ( -1.000000000000000000, 0.000000000000000000, 0.000000000000000000 ) ) ;
#1867 = LINE ( 'NONE', #3871, #2790 ) ;
#1868 = DIRECTION ( 'NONE',  ( -0.9510565162951566398, 0.3090169943749383474, 0.000000000000000000 ) ) ;
#1869 = DIRECTION ( 'NONE',  ( -0.000000000000000000, -0.000000000000000000, 1.000000000000000000 ) ) ;
#1870 = DIRECTION ( 'NONE',  ( 1.000000000000000000, 0.000000000000000000, 0.000000000000000000 ) ) ;
#1871 = AXIS2_PLACEMENT_3D ( 'NONE', #3689, #2464, #5279 ) ;
#1872 = CARTESIAN_POINT ( 'NONE',  ( -17.50000000000000000, -0.5509236102169433602, 10.00000000000000000 ) ) ;
#1873 = VERTEX_POINT ( 'NONE', #1462 ) ;
#1874 = FACE_OUTER_BOUND ( 'NONE', #1308, .T. ) ;
#1875 = CARTESIAN_POINT ( 'NONE',  ( 0.000000000000000000, 0.000000000000000000, 10.00000000000000000 ) ) ;
#1876 = DIRECTION ( 'NONE',  ( -0.000000000000000000, -0.000000000000000000, -1.000000000000000000 ) ) ;
#1877 = PLANE ( 'NONE',  #4397 ) ;
#1878 = ADVANCED_FACE ( 'NONE', ( #1125 ), #2675, .T. ) ;
#1879 = VERTEX_POINT ( 'NONE', #3899 ) ;
#1880 = DIRECTION ( 'NONE',  ( -0.8090169943749422332, -0.5877852522924802425, 0.000000000000000000 ) ) ;
#1881 = ORIENTED_EDGE ( 'NONE', *, *, #1626, .T. ) ;
#1882 = ORIENTED_EDGE ( 'NONE', *, *, #4113, .T. ) ;
#1883 = EDGE_CURVE ( 'NONE', #605, #4233, #4355, .T. ) ;
#1884 = CARTESIAN_POINT ( 'NONE',  ( 16.81373379332455187, 4.883837912084155519, -10.00000000000000000 ) ) ;
#1885 = DIRECTION ( 'NONE',  ( 1.000000000000000000, 0.000000000000000000, 0.000000000000000000 ) ) ;
#1886 = ORIENTED_EDGE ( 'NONE', *, *, #1421, .T. ) ;
#1887 = AXIS2_PLACEMENT_3D ( 'NONE', #2513, #4977, #1601 ) ;
#1888 = VERTEX_POINT ( 'NONE', #2328 ) ;
#1889 = AXIS2_PLACEMENT_3D ( 'NONE', #3302, #3644, #5256 ) ;
#1890 = AXIS2_PLACEMENT_3D ( 'NONE', #1815, #5083, #4648 ) ;
#1891 = DIRECTION ( 'NONE',  ( 0.8090169943749467851, 0.5877852522924741363, 0.000000000000000000 ) ) ;
#1892 = LINE ( 'NONE', #2759, #3853 ) ;
#1893 = CARTESIAN_POINT ( 'NONE',  ( 13.99342959553585430, -11.61968464773338106, -10.00000000000000000 ) ) ;
#1894 = DIRECTION ( 'NONE',  ( -1.000000000000000000, 0.000000000000000000, 0.000000000000000000 ) ) ;
#1895 = ORIENTED_EDGE ( 'NONE', *, *, #1912, .T. ) ;
#1896 = CIRCLE ( 'NONE', #1047, 22.00000000000000000 ) ;
#1897 = CARTESIAN_POINT ( 'NONE',  ( 15.37518435613170098, -9.717862376724246687, -10.00000000000000000 ) ) ;
#1898 = EDGE_LOOP ( 'NONE', ( #4212, #2874, #3573, #4341 ) ) ;
#1899 = DIRECTION ( 'NONE',  ( 0.000000000000000000, 0.000000000000000000, 1.000000000000000000 ) ) ;
#1900 = AXIS2_PLACEMENT_3D ( 'NONE', #5010, #2092, #571 ) ;
#1901 = DIRECTION ( 'NONE',  ( 1.000000000000000000, 0.000000000000000000, 0.000000000000000000 ) ) ;
#1902 = CYLINDRICAL_SURFACE ( 'NONE', #1751, 0.6250000000000005551 ) ;
#1903 = ADVANCED_FACE ( 'NONE', ( #732, #3496 ), #4732, .T. ) ;
#1904 = VECTOR ( 'NONE', #1465, 1000.000000000000000 ) ;
#1905 = EDGE_LOOP ( 'NONE', ( #3210, #4718, #3792, #4209 ) ) ;
#1906 = DIRECTION ( 'NONE',  ( -0.000000000000000000, -0.000000000000000000, -1.000000000000000000 ) ) ;
#1907 = EDGE_LOOP ( 'NONE', ( #817, #1839, #5037, #1956 ) ) ;
#1908 = AXIS2_PLACEMENT_3D ( 'NONE', #2707, #4330, #621 ) ;
#1909 = ORIENTED_EDGE ( 'NONE', *, *, #857, .T. ) ;
#1910 = ADVANCED_FACE ( 'NONE', ( #2793 ), #2706, .F. ) ;
#1911 = VECTOR ( 'NONE', #1163, 1000.000000000000000 ) ;
#1912 = EDGE_CURVE ( 'NONE', #854, #1431, #3660, .T. ) ;
#1913 = EDGE_CURVE ( 'NONE', #5190, #1261, #4517, .T. ) ;
#1914 = AXIS2_PLACEMENT_3D ( 'NONE', #4774, #4689, #1936 ) ;
#1915 = ADVANCED_FACE ( 'NONE', ( #2084 ), #2919, .F. ) ;
#1916 = DIRECTION ( 'NONE',  ( -0.5877852522924770229, 0.8090169943749445647, 0.000000000000000000 ) ) ;
#1917 = EDGE_CURVE ( 'NONE', #3143, #395, #3412, .T. ) ;
#1918 = VERTEX_POINT ( 'NONE', #3714 ) ;
#1919 = DIRECTION ( 'NONE',  ( 0.000000000000000000, 0.000000000000000000, 1.000000000000000000 ) ) ;
#1920 = VERTEX_POINT ( 'NONE', #1230 ) ;
#1921 = ORIENTED_EDGE ( 'NONE', *, *, #4668, .F. ) ;
#1922 = DIRECTION ( 'NONE',  ( -0.000000000000000000, -0.000000000000000000, -1.000000000000000000 ) ) ;
#1923 = CIRCLE ( 'NONE', #2354, 0.6250000000000006661 ) ;
#1924 = LINE ( 'NONE', #4730, #480 ) ;
#1925 = FACE_OUTER_BOUND ( 'NONE', #2945, .T. ) ;
#1926 = LINE ( 'NONE', #3872, #5103 ) ;
#1927 = DIRECTION ( 'NONE',  ( -0.000000000000000000, -0.000000000000000000, -1.000000000000000000 ) ) ;
#1928 = ORIENTED_EDGE ( 'NONE', *, *, #4255, .F. ) ;
#1929 = AXIS2_PLACEMENT_3D ( 'NONE', #1837, #3941, #1916 ) ;
#1930 = CARTESIAN_POINT ( 'NONE',  ( 15.10661573985676398, -15.99344118344491328, 10.00000000000000000 ) ) ;
#1931 = VERTEX_POINT ( 'NONE', #810 ) ;
#1932 = EDGE_CURVE ( 'NONE', #2973, #1597, #862, .T. ) ;
#1933 = CARTESIAN_POINT ( 'NONE',  ( -0.2723438155442844399, 19.19172429998743468, 10.00000000000000000 ) ) ;
#1934 = CARTESIAN_POINT ( 'NONE',  ( 15.99344118344519394, -15.10661573985647088, 10.00000000000000000 ) ) ;
#1935 = DIRECTION ( 'NONE',  ( 1.000000000000000000, 0.000000000000000000, 0.000000000000000000 ) ) ;
#1936 = DIRECTION ( 'NONE',  ( -0.3090169943749448977, -0.9510565162951544194, 0.000000000000000000 ) ) ;
#1937 = AXIS2_PLACEMENT_3D ( 'NONE', #5114, #761, #3582 ) ;
#1938 = ORIENTED_EDGE ( 'NONE', *, *, #1467, .T. ) ;
#1939 = FACE_OUTER_BOUND ( 'NONE', #1809, .T. ) ;
#1940 = ORIENTED_EDGE ( 'NONE', *, *, #4176, .F. ) ;
#1941 = VERTEX_POINT ( 'NONE', #354 ) ;
#1942 = AXIS2_PLACEMENT_3D ( 'NONE', #1933, #4827, #1103 ) ;
#1943 = CARTESIAN_POINT ( 'NONE',  ( -16.47324427700575811, -5.931756891039271729, -10.00000000000000000 ) ) ;
#1944 = VERTEX_POINT ( 'NONE', #4545 ) ;
#1945 = DIRECTION ( 'NONE',  ( 0.000000000000000000, 0.000000000000000000, -1.000000000000000000 ) ) ;
#1946 = EDGE_LOOP ( 'NONE', ( #3719, #4239, #2996, #49 ) ) ;
#1947 = AXIS2_PLACEMENT_3D ( 'NONE', #3324, #1633, #2063 ) ;
#1948 = ORIENTED_EDGE ( 'NONE', *, *, #1985, .F. ) ;
#1949 = FACE_OUTER_BOUND ( 'NONE', #2751, .T. ) ;
#1950 = EDGE_CURVE ( 'NONE', #3706, #81, #1654, .T. ) ;
#1951 = EDGE_CURVE ( 'NONE', #4598, #4573, #3159, .T. ) ;
#1952 = DIRECTION ( 'NONE',  ( -0.000000000000000000, -0.000000000000000000, 1.000000000000000000 ) ) ;
#1953 = CARTESIAN_POINT ( 'NONE',  ( -19.87886744660648120, 9.425000214336829885, -10.00000000000000000 ) ) ;
#1954 = DIRECTION ( 'NONE',  ( 0.000000000000000000, 0.000000000000000000, 1.000000000000000000 ) ) ;
#1955 = LINE ( 'NONE', #2533, #3623 ) ;
#1956 = ORIENTED_EDGE ( 'NONE', *, *, #1371, .T. ) ;
#1957 = CARTESIAN_POINT ( 'NONE',  ( 16.89922242757897664, 6.726769246912013500, 10.00000000000000000 ) ) ;
#1958 = EDGE_CURVE ( 'NONE', #1149, #3752, #841, .T. ) ;
#1959 = VERTEX_POINT ( 'NONE', #2867 ) ;
#1960 = PLANE ( 'NONE',  #4939 ) ;
#1961 = AXIS2_PLACEMENT_3D ( 'NONE', #906, #3539, #746 ) ;
#1962 = DIRECTION ( 'NONE',  ( 0.000000000000000000, 0.000000000000000000, 1.000000000000000000 ) ) ;
#1963 = CARTESIAN_POINT ( 'NONE',  ( 6.124892512523674171, -17.06765459969020071, 10.00000000000000000 ) ) ;
#1964 = LINE ( 'NONE', #3482, #2259 ) ;
#1965 = CARTESIAN_POINT ( 'NONE',  ( -0.7499999999999992228, 7.462405778299650017, -10.00000000000000000 ) ) ;
#1966 = ORIENTED_EDGE ( 'NONE', *, *, #255, .F. ) ;
#1967 = FACE_OUTER_BOUND ( 'NONE', #3729, .T. ) ;
#1968 = ORIENTED_EDGE ( 'NONE', *, *, #213, .F. ) ;
#1969 = ORIENTED_EDGE ( 'NONE', *, *, #4934, .T. ) ;
#1970 = DIRECTION ( 'NONE',  ( 1.000000000000000000, 0.000000000000000000, 0.000000000000000000 ) ) ;
#1971 = VERTEX_POINT ( 'NONE', #2032 ) ;
#1972 = LINE ( 'NONE', #4294, #4714 ) ;
#1973 = ORIENTED_EDGE ( 'NONE', *, *, #1588, .T. ) ;
#1974 = VERTEX_POINT ( 'NONE', #4492 ) ;
#1975 = CARTESIAN_POINT ( 'NONE',  ( 0.2723438155444214415, -19.19172429998743112, -10.00000000000000000 ) ) ;
#1976 = AXIS2_PLACEMENT_3D ( 'NONE', #3979, #3581, #4731 ) ;
#1977 = DIRECTION ( 'NONE',  ( -0.000000000000000000, -0.000000000000000000, -1.000000000000000000 ) ) ;
#1978 = DIRECTION ( 'NONE',  ( -0.000000000000000000, -0.000000000000000000, 1.000000000000000000 ) ) ;
#1979 = AXIS2_PLACEMENT_3D ( 'NONE', #2545, #4174, #522 ) ;
#1980 = DIRECTION ( 'NONE',  ( 1.000000000000000000, 0.000000000000000000, 0.000000000000000000 ) ) ;
#1981 = CARTESIAN_POINT ( 'NONE',  ( -5.931756891039211332, 16.47324427700577232, -10.00000000000000000 ) ) ;
#1982 = ORIENTED_EDGE ( 'NONE', *, *, #1663, .F. ) ;
#1983 = EDGE_CURVE ( 'NONE', #4969, #1149, #4871, .T. ) ;
#1984 = ORIENTED_EDGE ( 'NONE', *, *, #5130, .T. ) ;
#1985 = EDGE_CURVE ( 'NONE', #2397, #4825, #30, .T. ) ;
#1986 = DIRECTION ( 'NONE',  ( -0.000000000000000000, -0.000000000000000000, 1.000000000000000000 ) ) ;
#1987 = LINE ( 'NONE', #5231, #1911 ) ;
#1988 = AXIS2_PLACEMENT_3D ( 'NONE', #3316, #78, #483 ) ;
#1989 = CARTESIAN_POINT ( 'NONE',  ( 11.61968464773363507, -13.99342959553563936, -10.00000000000000000 ) ) ;
#1990 = CARTESIAN_POINT ( 'NONE',  ( 0.000000000000000000, 0.000000000000000000, -10.00000000000000000 ) ) ;
#1991 = DIRECTION ( 'NONE',  ( 0.000000000000000000, 0.000000000000000000, -1.000000000000000000 ) ) ;
#1992 = VERTEX_POINT ( 'NONE', #1575 ) ;
#1993 = ORIENTED_EDGE ( 'NONE', *, *, #1206, .F. ) ;
#1994 = ORIENTED_EDGE ( 'NONE', *, *, #386, .F. ) ;
#1995 = AXIS2_PLACEMENT_3D ( 'NONE', #4653, #2295, #4325 ) ;
#1996 = ORIENTED_EDGE ( 'NONE', *, *, #2809, .F. ) ;
#1997 = DIRECTION ( 'NONE',  ( 0.000000000000000000, 0.000000000000000000, 1.000000000000000000 ) ) ;
#1998 = ORIENTED_EDGE ( 'NONE', *, *, #3780, .T. ) ;
#1999 = ORIENTED_EDGE ( 'NONE', *, *, #4599, .T. ) ;
#2000 = DIRECTION ( 'NONE',  ( 1.000000000000000000, 0.000000000000000000, 0.000000000000000000 ) ) ;
#2001 = VECTOR ( 'NONE', #986, 1000.000000000000000 ) ;
#2002 = AXIS2_PLACEMENT_3D ( 'NONE', #4472, #2115, #871 ) ;
#2003 = DIRECTION ( 'NONE',  ( -0.5877852522924773560, 0.8090169943749443426, 0.000000000000000000 ) ) ;
#2004 = CARTESIAN_POINT ( 'NONE',  ( -21.81841165988027598, -2.820800000000078356, 10.00000000000000000 ) ) ;
#2005 = CYLINDRICAL_SURFACE ( 'NONE', #2479, 10.00000000000000000 ) ;
#2006 = AXIS2_PLACEMENT_3D ( 'NONE', #3645, #5287, #1610 ) ;
#2007 = DIRECTION ( 'NONE',  ( 0.000000000000000000, -0.000000000000000000, -1.000000000000000000 ) ) ;
#2008 = VERTEX_POINT ( 'NONE', #1256 ) ;
#2009 = AXIS2_PLACEMENT_3D ( 'NONE', #3795, #3401, #4224 ) ;
#2010 = VERTEX_POINT ( 'NONE', #4950 ) ;
#2011 = DIRECTION ( 'NONE',  ( -0.000000000000000000, 0.000000000000000000, -1.000000000000000000 ) ) ;
#2012 = CARTESIAN_POINT ( 'NONE',  ( 14.33960824982082372, -11.09931426106879826, -10.00000000000000000 ) ) ;
#2013 = AXIS2_PLACEMENT_3D ( 'NONE', #3317, #2992, #1280 ) ;
#2014 = DIRECTION ( 'NONE',  ( -0.000000000000000000, -0.000000000000000000, 1.000000000000000000 ) ) ;
#2015 = EDGE_CURVE ( 'NONE', #4000, #479, #1358, .T. ) ;
#2016 = LINE ( 'NONE', #4017, #1323 ) ;
#2017 = CIRCLE ( 'NONE', #59, 0.6250000000000006661 ) ;
#2018 = ADVANCED_FACE ( 'NONE', ( #2489 ), #2005, .T. ) ;
#2019 = DIRECTION ( 'NONE',  ( 1.000000000000000000, 0.000000000000000000, 0.000000000000000000 ) ) ;
#2020 = ORIENTED_EDGE ( 'NONE', *, *, #1490, .T. ) ;
#2021 = DIRECTION ( 'NONE',  ( 0.000000000000000000, 0.000000000000000000, 1.000000000000000000 ) ) ;
#2022 = EDGE_CURVE ( 'NONE', #3785, #3506, #1282, .T. ) ;
#2023 = AXIS2_PLACEMENT_3D ( 'NONE', #2566, #1339, #4656 ) ;
#2024 = EDGE_CURVE ( 'NONE', #1431, #1375, #4693, .T. ) ;
#2025 = ORIENTED_EDGE ( 'NONE', *, *, #1393, .T. ) ;
#2026 = DIRECTION ( 'NONE',  ( 0.8090169943749486725, -0.5877852522924714718, 0.000000000000000000 ) ) ;
#2027 = ORIENTED_EDGE ( 'NONE', *, *, #4897, .T. ) ;
#2028 = ORIENTED_EDGE ( 'NONE', *, *, #2563, .T. ) ;
#2029 = CYLINDRICAL_SURFACE ( 'NONE', #1383, 22.00000000000000000 ) ;
#2030 = CARTESIAN_POINT ( 'NONE',  ( -5.671554599608693792, -18.33657332175918597, -10.00000000000000000 ) ) ;
#2031 = DIRECTION ( 'NONE',  ( -0.000000000000000000, -0.000000000000000000, 1.000000000000000000 ) ) ;
#2032 = CARTESIAN_POINT ( 'NONE',  ( 15.37518435613148782, 9.717862376724578866, 10.00000000000000000 ) ) ;
#2033 = EDGE_LOOP ( 'NONE', ( #2377, #1012, #4770, #1408 ) ) ;
#2034 = CARTESIAN_POINT ( 'NONE',  ( -19.87886744660648120, 9.425000214336829885, -10.00000000000000000 ) ) ;
#2035 = ADVANCED_FACE ( 'NONE', ( #1211 ), #2841, .F. ) ;
#2036 = ORIENTED_EDGE ( 'NONE', *, *, #4651, .T. ) ;
#2037 = CARTESIAN_POINT ( 'NONE',  ( -1.175390804045149951, 18.15080162460478164, -10.00000000000000000 ) ) ;
#2038 = DIRECTION ( 'NONE',  ( 0.9510565162951529761, 0.3090169943749495607, 0.000000000000000000 ) ) ;
#2039 = DIRECTION ( 'NONE',  ( 1.000000000000000000, 0.000000000000000000, 0.000000000000000000 ) ) ;
#2040 = DIRECTION ( 'NONE',  ( -0.000000000000000000, -0.000000000000000000, 1.000000000000000000 ) ) ;
#2041 = AXIS2_PLACEMENT_3D ( 'NONE', #3654, #883, #4945 ) ;
#2042 = CARTESIAN_POINT ( 'NONE',  ( 0.000000000000000000, 0.000000000000000000, 5.000000000000000000 ) ) ;
#2043 = EDGE_CURVE ( 'NONE', #4171, #4621, #2552, .T. ) ;
#2044 = LINE ( 'NONE', #4888, #2733 ) ;
#2045 = ORIENTED_EDGE ( 'NONE', *, *, #124, .T. ) ;
#2046 = EDGE_LOOP ( 'NONE', ( #4882, #5185, #2776, #1948 ) ) ;
#2047 = CIRCLE ( 'NONE', #5213, 4.500000000000000888 ) ;
#2048 = AXIS2_PLACEMENT_3D ( 'NONE', #3594, #2883, #4426 ) ;
#2049 =( GEOMETRIC_REPRESENTATION_CONTEXT ( 3 ) GLOBAL_UNCERTAINTY_ASSIGNED_CONTEXT ( ( #5124 ) ) GLOBAL_UNIT_ASSIGNED_CONTEXT ( ( #369, #1612, #4143 ) ) REPRESENTATION_CONTEXT ( 'NONE', 'WORKASPACE' ) );
#2050 = EDGE_CURVE ( 'NONE', #886, #4869, #3751, .T. ) ;
#2051 = CARTESIAN_POINT ( 'NONE',  ( -11.50094328468385640, -15.36635143171854700, 10.00000000000000000 ) ) ;
#2052 = ORIENTED_EDGE ( 'NONE', *, *, #1420, .F. ) ;
#2053 = VERTEX_POINT ( 'NONE', #3033 ) ;
#2054 = FACE_OUTER_BOUND ( 'NONE', #4978, .T. ) ;
#2055 = EDGE_CURVE ( 'NONE', #910, #4788, #2047, .T. ) ;
#2056 = PLANE ( 'NONE',  #567 ) ;
#2057 = CARTESIAN_POINT ( 'NONE',  ( -17.40814411600909750, 5.076973533568258645, 10.00000000000000000 ) ) ;
#2058 = DIRECTION ( 'NONE',  ( 0.000000000000000000, 0.000000000000000000, 1.000000000000000000 ) ) ;
#2059 = EDGE_CURVE ( 'NONE', #178, #5291, #94, .T. ) ;
#2060 = VERTEX_POINT ( 'NONE', #147 ) ;
#2061 = VERTEX_POINT ( 'NONE', #1722 ) ;
#2062 = CIRCLE ( 'NONE', #2574, 4.500000000000000888 ) ;
#2063 = DIRECTION ( 'NONE',  ( 0.3090169943749441206, 0.9510565162951547524, 0.000000000000000000 ) ) ;
#2064 = CARTESIAN_POINT ( 'NONE',  ( -5.076973533568319930, 17.40814411600907974, -10.00000000000000000 ) ) ;
#2065 = DIRECTION ( 'NONE',  ( 0.000000000000000000, 0.000000000000000000, 1.000000000000000000 ) ) ;
#2066 = AXIS2_PLACEMENT_3D ( 'NONE', #4785, #755, #234 ) ;
#2067 = CARTESIAN_POINT ( 'NONE',  ( 21.62221772207219672, -4.059519772005933724, -10.00000000000000000 ) ) ;
#2068 = AXIS2_PLACEMENT_3D ( 'NONE', #4459, #3235, #4411 ) ;
#2069 = FACE_OUTER_BOUND ( 'NONE', #4387, .T. ) ;
#2070 = LINE ( 'NONE', #1697, #314 ) ;
#2071 = LINE ( 'NONE', #1589, #1359 ) ;
#2072 = ORIENTED_EDGE ( 'NONE', *, *, #5289, .T. ) ;
#2073 = CIRCLE ( 'NONE', #461, 0.6250000000000006661 ) ;
#2074 = DIRECTION ( 'NONE',  ( 0.000000000000000000, 0.000000000000000000, 1.000000000000000000 ) ) ;
#2075 = ORIENTED_EDGE ( 'NONE', *, *, #3552, .F. ) ;
#2076 = ORIENTED_EDGE ( 'NONE', *, *, #2971, .T. ) ;
#2077 = EDGE_CURVE ( 'NONE', #659, #3878, #2985, .T. ) ;
#2078 = ADVANCED_FACE ( 'NONE', ( #1394 ), #576, .F. ) ;
#2079 = CARTESIAN_POINT ( 'NONE',  ( 5.931756891039328572, -16.47324427700573324, -10.00000000000000000 ) ) ;
#2080 = AXIS2_PLACEMENT_3D ( 'NONE', #3926, #3498, #650 ) ;
#2081 = ADVANCED_FACE ( 'NONE', ( #1003 ), #2097, .F. ) ;
#2082 = CARTESIAN_POINT ( 'NONE',  ( 4.772343815544019208, 19.19172429998743468, -10.00000000000000000 ) ) ;
#2083 = CARTESIAN_POINT ( 'NONE',  ( -2.820800000000002417, -21.81841165988028663, -10.00000000000000000 ) ) ;
#2084 = FACE_OUTER_BOUND ( 'NONE', #953, .T. ) ;
#2085 = EDGE_LOOP ( 'NONE', ( #452, #2370, #1405, #2869 ) ) ;
#2086 = CIRCLE ( 'NONE', #2777, 0.6249999999999994449 ) ;
#2087 = AXIS2_PLACEMENT_3D ( 'NONE', #3245, #2419, #1666 ) ;
#2088 = VERTEX_POINT ( 'NONE', #3407 ) ;
#2089 = AXIS2_PLACEMENT_3D ( 'NONE', #418, #4937, #2802 ) ;
#2090 = DIRECTION ( 'NONE',  ( 0.000000000000000000, 0.000000000000000000, 1.000000000000000000 ) ) ;
#2091 = CARTESIAN_POINT ( 'NONE',  ( 0.000000000000000000, 0.000000000000000000, 10.00000000000000000 ) ) ;
#2092 = DIRECTION ( 'NONE',  ( -0.000000000000000000, 0.000000000000000000, 1.000000000000000000 ) ) ;
#2093 = DIRECTION ( 'NONE',  ( 0.000000000000000000, 0.000000000000000000, 1.000000000000000000 ) ) ;
#2094 = EDGE_CURVE ( 'NONE', #2679, #403, #4094, .T. ) ;
#2095 = LINE ( 'NONE', #2526, #4123 ) ;
#2096 = LINE ( 'NONE', #93, #5269 ) ;
#2097 = CYLINDRICAL_SURFACE ( 'NONE', #2732, 0.6250000000000005551 ) ;
#2098 = EDGE_LOOP ( 'NONE', ( #1492, #125, #4193, #748 ) ) ;
#2099 = CIRCLE ( 'NONE', #3722, 4.500000000000000888 ) ;
#2100 = DIRECTION ( 'NONE',  ( -0.000000000000000000, -0.000000000000000000, 1.000000000000000000 ) ) ;
#2101 = ORIENTED_EDGE ( 'NONE', *, *, #3911, .F. ) ;
#2102 = CARTESIAN_POINT ( 'NONE',  ( -14.98725779627115884, 10.20790113453318781, 10.00000000000000000 ) ) ;
#2103 = ORIENTED_EDGE ( 'NONE', *, *, #3435, .F. ) ;
#2104 = DIRECTION ( 'NONE',  ( 1.000000000000000000, 0.000000000000000000, 0.000000000000000000 ) ) ;
#2105 = VECTOR ( 'NONE', #329, 1000.000000000000000 ) ;
#2106 = CARTESIAN_POINT ( 'NONE',  ( -14.98725779627115884, 10.20790113453318781, -10.00000000000000000 ) ) ;
#2107 = CARTESIAN_POINT ( 'NONE',  ( 0.000000000000000000, 0.000000000000000000, -5.000000000000000000 ) ) ;
#2108 = ORIENTED_EDGE ( 'NONE', *, *, #4471, .T. ) ;
#2109 = EDGE_CURVE ( 'NONE', #1561, #1992, #951, .T. ) ;
#2110 = ORIENTED_EDGE ( 'NONE', *, *, #61, .T. ) ;
#2111 = EDGE_CURVE ( 'NONE', #1202, #1334, #2575, .T. ) ;
#2112 = CIRCLE ( 'NONE', #2714, 4.500000000000001776 ) ;
#2113 = ORIENTED_EDGE ( 'NONE', *, *, #1553, .F. ) ;
#2114 = CARTESIAN_POINT ( 'NONE',  ( -14.33960824982066207, -11.09931426106900432, -10.00000000000000000 ) ) ;
#2115 = DIRECTION ( 'NONE',  ( -0.000000000000000000, -0.000000000000000000, -1.000000000000000000 ) ) ;
#2116 = CYLINDRICAL_SURFACE ( 'NONE', #4453, 4.500000000000000888 ) ;
#2117 = CARTESIAN_POINT ( 'NONE',  ( 13.83397262833624275, 10.73194847838630928, -10.00000000000000000 ) ) ;
#2118 = EDGE_CURVE ( 'NONE', #638, #3399, #4781, .T. ) ;
#2119 = CARTESIAN_POINT ( 'NONE',  ( 0.000000000000000000, 0.000000000000000000, -10.00000000000000000 ) ) ;
#2120 = DIRECTION ( 'NONE',  ( 0.000000000000000000, 0.000000000000000000, -1.000000000000000000 ) ) ;
#2121 = DIRECTION ( 'NONE',  ( 0.9510565162951556406, -0.3090169943749410120, 0.000000000000000000 ) ) ;
#2122 = ORIENTED_EDGE ( 'NONE', *, *, #3513, .T. ) ;
#2123 = DIRECTION ( 'NONE',  ( -5.551115123125781913E-15, 1.000000000000000000, 0.000000000000000000 ) ) ;
#2124 = AXIS2_PLACEMENT_3D ( 'NONE', #3338, #2026, #5294 ) ;
#2125 = ORIENTED_EDGE ( 'NONE', *, *, #1479, .F. ) ;
#2126 = CARTESIAN_POINT ( 'NONE',  ( 0.000000000000000000, 0.000000000000000000, 10.00000000000000000 ) ) ;
#2127 = VERTEX_POINT ( 'NONE', #4155 ) ;
#2128 = CARTESIAN_POINT ( 'NONE',  ( 6.726769246911954880, -16.89922242757900150, -10.00000000000000000 ) ) ;
#2129 = CARTESIAN_POINT ( 'NONE',  ( -0.7499999999999992228, 7.462405778299650017, 10.00000000000000000 ) ) ;
#2130 = DIRECTION ( 'NONE',  ( -1.000000000000000000, 0.000000000000000000, 0.000000000000000000 ) ) ;
#2131 = ORIENTED_EDGE ( 'NONE', *, *, #4651, .F. ) ;
#2132 = EDGE_CURVE ( 'NONE', #1590, #1918, #170, .T. ) ;
#2133 = ORIENTED_EDGE ( 'NONE', *, *, #3481, .F. ) ;
#2134 = ORIENTED_EDGE ( 'NONE', *, *, #2738, .F. ) ;
#2135 = DIRECTION ( 'NONE',  ( 0.000000000000000000, 0.000000000000000000, 1.000000000000000000 ) ) ;
#2136 = DIRECTION ( 'NONE',  ( -0.000000000000000000, -0.000000000000000000, 1.000000000000000000 ) ) ;
#2137 = CARTESIAN_POINT ( 'NONE',  ( -10.54246546439094701, 19.30949046277825687, -10.00000000000000000 ) ) ;
#2138 = CARTESIAN_POINT ( 'NONE',  ( -13.83397262833632269, -10.73194847838620625, -10.00000000000000000 ) ) ;
#2139 = ADVANCED_FACE ( 'NONE', ( #173 ), #504, .F. ) ;
#2140 = EDGE_CURVE ( 'NONE', #2425, #3982, #1344, .T. ) ;
#2141 = EDGE_CURVE ( 'NONE', #3003, #4399, #4743, .T. ) ;
#2142 = EDGE_CURVE ( 'NONE', #4661, #1033, #3480, .T. ) ;
#2143 = CARTESIAN_POINT ( 'NONE',  ( 16.47324427700571192, 5.931756891039385415, 10.00000000000000000 ) ) ;
#2144 = DIRECTION ( 'NONE',  ( 1.000000000000000000, 0.000000000000000000, 0.000000000000000000 ) ) ;
#2145 = VECTOR ( 'NONE', #2031, 1000.000000000000000 ) ;
#2146 = DIRECTION ( 'NONE',  ( -0.000000000000000000, -0.000000000000000000, 1.000000000000000000 ) ) ;
#2147 = CIRCLE ( 'NONE', #616, 0.6250000000000001110 ) ;
#2148 = ORIENTED_EDGE ( 'NONE', *, *, #2567, .T. ) ;
#2149 = CARTESIAN_POINT ( 'NONE',  ( 0.000000000000000000, 0.000000000000000000, -10.00000000000000000 ) ) ;
#2150 = CIRCLE ( 'NONE', #5144, 4.500000000000000888 ) ;
#2151 = AXIS2_PLACEMENT_3D ( 'NONE', #3518, #2722, #261 ) ;
#2152 = CARTESIAN_POINT ( 'NONE',  ( 17.06765459969017940, 6.124892512523734567, -10.00000000000000000 ) ) ;
#2153 = EDGE_LOOP ( 'NONE', ( #4942, #2619, #2921, #1763 ) ) ;
#2154 = AXIS2_PLACEMENT_3D ( 'NONE', #9, #3700, #1639 ) ;
#2155 = EDGE_LOOP ( 'NONE', ( #5134, #349, #83, #1594 ) ) ;
#2156 = CARTESIAN_POINT ( 'NONE',  ( 17.50000000000001066, -0.5509236102166986671, 10.00000000000000000 ) ) ;
#2157 = CARTESIAN_POINT ( 'NONE',  ( 4.772343815544019208, 19.19172429998743468, 10.00000000000000000 ) ) ;
#2158 = LINE ( 'NONE', #637, #1550 ) ;
#2159 = ORIENTED_EDGE ( 'NONE', *, *, #4200, .F. ) ;
#2160 = ORIENTED_EDGE ( 'NONE', *, *, #4382, .F. ) ;
#2161 = CIRCLE ( 'NONE', #896, 0.6249999999999994449 ) ;
#2162 = LINE ( 'NONE', #2521, #1486 ) ;
#2163 = CARTESIAN_POINT ( 'NONE',  ( 6.726769246911603162, 16.89922242757914006, -10.00000000000000000 ) ) ;
#2164 = CIRCLE ( 'NONE', #981, 0.6250000000000004441 ) ;
#2165 = DIRECTION ( 'NONE',  ( 1.000000000000000000, 0.000000000000000000, 0.000000000000000000 ) ) ;
#2166 = DIRECTION ( 'NONE',  ( 1.000000000000000000, 0.000000000000000000, 0.000000000000000000 ) ) ;
#2167 = CIRCLE ( 'NONE', #5170, 4.500000000000000888 ) ;
#2168 = CARTESIAN_POINT ( 'NONE',  ( -6.124892512523554267, 17.06765459969024690, -10.00000000000000000 ) ) ;
#2169 = VECTOR ( 'NONE', #1286, 1000.000000000000000 ) ;
#2170 = CARTESIAN_POINT ( 'NONE',  ( -16.47324427700575811, -5.931756891039271729, -10.00000000000000000 ) ) ;
#2171 = EDGE_CURVE ( 'NONE', #2564, #1349, #4527, .T. ) ;
#2172 = ORIENTED_EDGE ( 'NONE', *, *, #4600, .T. ) ;
#2173 = VECTOR ( 'NONE', #2040, 1000.000000000000000 ) ;
#2174 = CARTESIAN_POINT ( 'NONE',  ( -21.81841165988027598, -2.820800000000078356, -10.00000000000000000 ) ) ;
#2175 = ADVANCED_FACE ( 'NONE', ( #3882 ), #2227, .T. ) ;
#2176 = CIRCLE ( 'NONE', #5178, 22.00000000000000000 ) ;
#2177 = EDGE_LOOP ( 'NONE', ( #4036, #1416, #2317, #1686 ) ) ;
#2178 = DIRECTION ( 'NONE',  ( -0.000000000000000000, 0.000000000000000000, -1.000000000000000000 ) ) ;
#2179 = EDGE_CURVE ( 'NONE', #4617, #2937, #627, .T. ) ;
#2180 = VERTEX_POINT ( 'NONE', #710 ) ;
#2181 = CIRCLE ( 'NONE', #2013, 4.500000000000000888 ) ;
#2182 = EDGE_CURVE ( 'NONE', #3895, #1023, #600, .T. ) ;
#2183 = CARTESIAN_POINT ( 'NONE',  ( 10.73194847838626309, -13.83397262833628005, -10.00000000000000000 ) ) ;
#2184 = VERTEX_POINT ( 'NONE', #2283 ) ;
#2185 = EDGE_CURVE ( 'NONE', #2969, #2502, #3161, .T. ) ;
#2186 = VECTOR ( 'NONE', #1852, 1000.000000000000000 ) ;
#2187 = VERTEX_POINT ( 'NONE', #3857 ) ;
#2188 = CARTESIAN_POINT ( 'NONE',  ( 0.000000000000000000, 0.000000000000000000, -10.00000000000000000 ) ) ;
#2189 = VERTEX_POINT ( 'NONE', #5098 ) ;
#2190 = CARTESIAN_POINT ( 'NONE',  ( 11.09931426106874675, 14.33960824982086280, 10.00000000000000000 ) ) ;
#2191 = ORIENTED_EDGE ( 'NONE', *, *, #4798, .T. ) ;
#2192 = ORIENTED_EDGE ( 'NONE', *, *, #39, .F. ) ;
#2193 = AXIS2_PLACEMENT_3D ( 'NONE', #3473, #3555, #2275 ) ;
#2194 = CYLINDRICAL_SURFACE ( 'NONE', #908, 4.500000000000000888 ) ;
#2195 = CARTESIAN_POINT ( 'NONE',  ( -16.81373379332462648, 4.883837912083918376, 10.00000000000000000 ) ) ;
#2196 = DIRECTION ( 'NONE',  ( 0.000000000000000000, 0.000000000000000000, 1.000000000000000000 ) ) ;
#2197 = CARTESIAN_POINT ( 'NONE',  ( 14.98725779627123700, -10.20790113453307768, -10.00000000000000000 ) ) ;
#2198 = AXIS2_PLACEMENT_3D ( 'NONE', #2364, #1552, #3530 ) ;
#2199 = EDGE_CURVE ( 'NONE', #629, #258, #1792, .T. ) ;
#2200 = ORIENTED_EDGE ( 'NONE', *, *, #3295, .F. ) ;
#2201 = CARTESIAN_POINT ( 'NONE',  ( 5.671554599608693792, -18.33657332175918597, -10.00000000000000000 ) ) ;
#2202 = CARTESIAN_POINT ( 'NONE',  ( -17.50000000000000711, 0.5509236102168209026, -10.00000000000000000 ) ) ;
#2203 = VERTEX_POINT ( 'NONE', #2658 ) ;
#2204 = DIRECTION ( 'NONE',  ( 1.000000000000000000, 0.000000000000000000, 0.000000000000000000 ) ) ;
#2205 = ADVANCED_FACE ( 'NONE', ( #1134 ), #3058, .T. ) ;
#2206 = ORIENTED_EDGE ( 'NONE', *, *, #1754, .T. ) ;
#2207 = DIRECTION ( 'NONE',  ( 0.3090169943749448977, 0.9510565162951544194, 0.000000000000000000 ) ) ;
#2208 = EDGE_LOOP ( 'NONE', ( #4320, #3821, #2280, #590 ) ) ;
#2209 = EDGE_LOOP ( 'NONE', ( #4486, #770, #5246, #3321 ) ) ;
#2210 = ADVANCED_FACE ( 'NONE', ( #3958 ), #1052, .T. ) ;
#2211 = ORIENTED_EDGE ( 'NONE', *, *, #4722, .T. ) ;
#2212 = ADVANCED_FACE ( 'NONE', ( #5120 ), #3080, .F. ) ;
#2213 = CIRCLE ( 'NONE', #682, 0.6250000000000001110 ) ;
#2214 = DIRECTION ( 'NONE',  ( -0.000000000000000000, -0.000000000000000000, 1.000000000000000000 ) ) ;
#2215 = DIRECTION ( 'NONE',  ( 1.000000000000000000, 0.000000000000000000, 0.000000000000000000 ) ) ;
#2216 = ORIENTED_EDGE ( 'NONE', *, *, #3717, .T. ) ;
#2217 = ORIENTED_EDGE ( 'NONE', *, *, #1173, .F. ) ;
#2218 = CARTESIAN_POINT ( 'NONE',  ( 10.68958332050098292, -18.16825558712694288, -10.00000000000000000 ) ) ;
#2219 = VECTOR ( 'NONE', #2438, 1000.000000000000000 ) ;
#2220 = CARTESIAN_POINT ( 'NONE',  ( 15.36635143171859141, -11.50094328468379601, 10.00000000000000000 ) ) ;
#2221 = EDGE_CURVE ( 'NONE', #4316, #4380, #5228, .T. ) ;
#2222 = DIRECTION ( 'NONE',  ( 0.3090169943749447312, 0.9510565162951544194, 0.000000000000000000 ) ) ;
#2223 = CARTESIAN_POINT ( 'NONE',  ( 0.000000000000000000, 0.000000000000000000, 10.00000000000000000 ) ) ;
#2224 = DIRECTION ( 'NONE',  ( 0.000000000000000000, 0.000000000000000000, 1.000000000000000000 ) ) ;
#2225 = ORIENTED_EDGE ( 'NONE', *, *, #3843, .T. ) ;
#2226 = CARTESIAN_POINT ( 'NONE',  ( -10.73194847838606236, -13.83397262833643460, -10.00000000000000000 ) ) ;
#2227 = CYLINDRICAL_SURFACE ( 'NONE', #2735, 22.00000000000000000 ) ;
#2228 = ORIENTED_EDGE ( 'NONE', *, *, #2904, .F. ) ;
#2229 = AXIS2_PLACEMENT_3D ( 'NONE', #2866, #3713, #2840 ) ;
#2230 = AXIS2_PLACEMENT_3D ( 'NONE', #3403, #1771, #4150 ) ;
#2231 = EDGE_LOOP ( 'NONE', ( #51, #301, #4727, #1258 ) ) ;
#2232 = CYLINDRICAL_SURFACE ( 'NONE', #3748, 4.500000000000000888 ) ;
#2233 = ORIENTED_EDGE ( 'NONE', *, *, #2999, .T. ) ;
#2234 = DIRECTION ( 'NONE',  ( 0.8090169943749547787, -0.5877852522924629231, 0.000000000000000000 ) ) ;
#2235 = VERTEX_POINT ( 'NONE', #5179 ) ;
#2236 = CIRCLE ( 'NONE', #190, 0.6250000000000007772 ) ;
#2237 = ORIENTED_EDGE ( 'NONE', *, *, #521, .T. ) ;
#2238 = AXIS2_PLACEMENT_3D ( 'NONE', #2556, #4922, #2104 ) ;
#2239 = CARTESIAN_POINT ( 'NONE',  ( 0.000000000000000000, 0.000000000000000000, 5.000000000000000000 ) ) ;
#2240 = VERTEX_POINT ( 'NONE', #5146 ) ;
#2241 = DIRECTION ( 'NONE',  ( -0.9510565162951511997, -0.3090169943749548342, 0.000000000000000000 ) ) ;
#2242 = ADVANCED_FACE ( 'NONE', ( #1106 ), #1471, .F. ) ;
#2243 = ORIENTED_EDGE ( 'NONE', *, *, #292, .F. ) ;
#2244 = ADVANCED_FACE ( 'NONE', ( #2713 ), #4335, .F. ) ;
#2245 = ORIENTED_EDGE ( 'NONE', *, *, #644, .F. ) ;
#2246 = FACE_OUTER_BOUND ( 'NONE', #2231, .T. ) ;
#2247 = EDGE_CURVE ( 'NONE', #3653, #4129, #4713, .T. ) ;
#2248 = FACE_OUTER_BOUND ( 'NONE', #842, .T. ) ;
#2249 = PLANE ( 'NONE',  #102 ) ;
#2250 = DIRECTION ( 'NONE',  ( -0.000000000000000000, -0.000000000000000000, 1.000000000000000000 ) ) ;
#2251 = ORIENTED_EDGE ( 'NONE', *, *, #422, .F. ) ;
#2252 = AXIS2_PLACEMENT_3D ( 'NONE', #4388, #2708, #2279 ) ;
#2253 = DIRECTION ( 'NONE',  ( 0.000000000000000000, -0.000000000000000000, 1.000000000000000000 ) ) ;
#2254 = CARTESIAN_POINT ( 'NONE',  ( 10.54246546439108734, -19.30949046277817160, -10.00000000000000000 ) ) ;
#2255 = CARTESIAN_POINT ( 'NONE',  ( 0.000000000000000000, 0.000000000000000000, 10.00000000000000000 ) ) ;
#2256 = DIRECTION ( 'NONE',  ( 0.000000000000000000, 0.000000000000000000, 1.000000000000000000 ) ) ;
#2257 = AXIS2_PLACEMENT_3D ( 'NONE', #4440, #784, #481 ) ;
#2258 = CIRCLE ( 'NONE', #4566, 22.00000000000000000 ) ;
#2259 = VECTOR ( 'NONE', #711, 1000.000000000000000 ) ;
#2260 = ORIENTED_EDGE ( 'NONE', *, *, #2141, .F. ) ;
#2261 = CARTESIAN_POINT ( 'NONE',  ( -14.98725779627108601, -10.20790113453329440, -10.00000000000000000 ) ) ;
#2262 = ORIENTED_EDGE ( 'NONE', *, *, #25, .F. ) ;
#2263 = ORIENTED_EDGE ( 'NONE', *, *, #4117, .F. ) ;
#2264 = ORIENTED_EDGE ( 'NONE', *, *, #2970, .T. ) ;
#2265 = AXIS2_PLACEMENT_3D ( 'NONE', #2106, #959, #562 ) ;
#2266 = CARTESIAN_POINT ( 'NONE',  ( 5.931756891039327684, -16.47324427700572969, 10.00000000000000000 ) ) ;
#2267 = ORIENTED_EDGE ( 'NONE', *, *, #2611, .T. ) ;
#2268 = LINE ( 'NONE', #3574, #705 ) ;
#2269 = ORIENTED_EDGE ( 'NONE', *, *, #2539, .F. ) ;
#2270 = VERTEX_POINT ( 'NONE', #1989 ) ;
#2271 = CIRCLE ( 'NONE', #1844, 4.500000000000000888 ) ;
#2272 = LINE ( 'NONE', #730, #4309 ) ;
#2273 = EDGE_CURVE ( 'NONE', #507, #3951, #2394, .T. ) ;
#2274 = CARTESIAN_POINT ( 'NONE',  ( 10.20790113453302439, 14.98725779627127075, -10.00000000000000000 ) ) ;
#2275 = DIRECTION ( 'NONE',  ( 0.9510565162951580831, -0.3090169943749332404, 0.000000000000000000 ) ) ;
#2276 = VECTOR ( 'NONE', #852, 1000.000000000000000 ) ;
#2277 = DIRECTION ( 'NONE',  ( -0.000000000000000000, 0.000000000000000000, 1.000000000000000000 ) ) ;
#2278 = AXIS2_PLACEMENT_3D ( 'NONE', #4499, #846, #2469 ) ;
#2279 = DIRECTION ( 'NONE',  ( 0.5877852522924771339, -0.8090169943749445647, 0.000000000000000000 ) ) ;
#2280 = ORIENTED_EDGE ( 'NONE', *, *, #4368, .F. ) ;
#2281 = DIRECTION ( 'NONE',  ( -0.8090169943749421222, -0.5877852522924804646, 0.000000000000000000 ) ) ;
#2282 = DIRECTION ( 'NONE',  ( 1.000000000000000000, 0.000000000000000000, 0.000000000000000000 ) ) ;
#2283 = CARTESIAN_POINT ( 'NONE',  ( -11.61968464773353560, 13.99342959553572818, 10.00000000000000000 ) ) ;
#2284 = AXIS2_PLACEMENT_3D ( 'NONE', #3880, #3057, #977 ) ;
#2285 = CARTESIAN_POINT ( 'NONE',  ( 0.000000000000000000, 0.000000000000000000, -10.00000000000000000 ) ) ;
#2286 = ADVANCED_FACE ( 'NONE', ( #741 ), #4016, .F. ) ;
#2287 = EDGE_LOOP ( 'NONE', ( #1736, #2076, #3016, #4295, #2843, #3637 ) ) ;
#2288 = FACE_OUTER_BOUND ( 'NONE', #4808, .T. ) ;
#2289 = ORIENTED_EDGE ( 'NONE', *, *, #421, .F. ) ;
#2290 = ORIENTED_EDGE ( 'NONE', *, *, #643, .T. ) ;
#2291 = DIRECTION ( 'NONE',  ( -0.9510565162951500895, -0.3090169943749582204, 0.000000000000000000 ) ) ;
#2292 = DIRECTION ( 'NONE',  ( 0.8090169943749421222, 0.5877852522924803536, 0.000000000000000000 ) ) ;
#2293 = EDGE_LOOP ( 'NONE', ( #3255, #5141, #3374, #2172 ) ) ;
#2294 = ORIENTED_EDGE ( 'NONE', *, *, #3145, .T. ) ;
#2295 = DIRECTION ( 'NONE',  ( -0.3090169943749349613, -0.9510565162951576390, 0.000000000000000000 ) ) ;
#2296 = CARTESIAN_POINT ( 'NONE',  ( 10.68958332050058324, 18.16825558712707789, -10.00000000000000000 ) ) ;
#2297 = EDGE_CURVE ( 'NONE', #1334, #3233, #3088, .T. ) ;
#2298 = DIRECTION ( 'NONE',  ( 1.000000000000000000, 0.000000000000000000, 0.000000000000000000 ) ) ;
#2299 = DIRECTION ( 'NONE',  ( -0.000000000000000000, 0.000000000000000000, 1.000000000000000000 ) ) ;
#2300 = FACE_OUTER_BOUND ( 'NONE', #1466, .T. ) ;
#2301 = VECTOR ( 'NONE', #701, 1000.000000000000000 ) ;
#2302 = AXIS2_PLACEMENT_3D ( 'NONE', #506, #1347, #2123 ) ;
#2303 = CYLINDRICAL_SURFACE ( 'NONE', #4047, 22.00000000000000000 ) ;
#2304 = ORIENTED_EDGE ( 'NONE', *, *, #3323, .T. ) ;
#2305 = CYLINDRICAL_SURFACE ( 'NONE', #4505, 4.500000000000000888 ) ;
#2306 = DIRECTION ( 'NONE',  ( -0.3090169943749499493, 0.9510565162951527540, 0.000000000000000000 ) ) ;
#2307 = DIRECTION ( 'NONE',  ( 0.000000000000000000, 0.000000000000000000, 1.000000000000000000 ) ) ;
#2308 = ADVANCED_FACE ( 'NONE', ( #1556 ), #767, .T. ) ;
#2309 = EDGE_CURVE ( 'NONE', #2203, #3063, #4028, .T. ) ;
#2310 = EDGE_CURVE ( 'NONE', #1023, #3418, #2844, .T. ) ;
#2311 = CARTESIAN_POINT ( 'NONE',  ( 15.99344118344519394, -15.10661573985647088, -10.00000000000000000 ) ) ;
#2312 = ADVANCED_FACE ( 'NONE', ( #1667 ), #1192, .T. ) ;
#2313 = EDGE_CURVE ( 'NONE', #2589, #4219, #3769, .T. ) ;
#2314 = VERTEX_POINT ( 'NONE', #4910 ) ;
#2315 = CARTESIAN_POINT ( 'NONE',  ( 6.124892512523674171, -17.06765459969020071, -10.00000000000000000 ) ) ;
#2316 = ORIENTED_EDGE ( 'NONE', *, *, #685, .T. ) ;
#2317 = ORIENTED_EDGE ( 'NONE', *, *, #1656, .T. ) ;
#2318 = CARTESIAN_POINT ( 'NONE',  ( 14.48162217478688873, -9.840535351850288492, -10.00000000000000000 ) ) ;
#2319 = ORIENTED_EDGE ( 'NONE', *, *, #5158, .F. ) ;
#2320 = CARTESIAN_POINT ( 'NONE',  ( 10.73194847838595756, 13.83397262833651453, -10.00000000000000000 ) ) ;
#2321 = EDGE_LOOP ( 'NONE', ( #4432, #2192, #2612, #2122 ) ) ;
#2322 = VECTOR ( 'NONE', #4583, 1000.000000000000000 ) ;
#2323 = ORIENTED_EDGE ( 'NONE', *, *, #3131, .T. ) ;
#2324 = EDGE_CURVE ( 'NONE', #1971, #1941, #2150, .T. ) ;
#2325 = AXIS2_PLACEMENT_3D ( 'NONE', #3208, #694, #2752 ) ;
#2326 = CARTESIAN_POINT ( 'NONE',  ( 2.820800000000002417, 21.81841165988028663, 10.00000000000000000 ) ) ;
#2327 = CARTESIAN_POINT ( 'NONE',  ( -16.89922242757907611, 6.726769246911778133, 10.00000000000000000 ) ) ;
#2328 = CARTESIAN_POINT ( 'NONE',  ( -18.15080162460478519, 1.175390804045088888, 10.00000000000000000 ) ) ;
#2329 = CARTESIAN_POINT ( 'NONE',  ( 4.491043080150879163, -17.62565389454298881, 10.00000000000000000 ) ) ;
#2330 = ORIENTED_EDGE ( 'NONE', *, *, #1626, .F. ) ;
#2331 = CARTESIAN_POINT ( 'NONE',  ( -1.175390804045152171, -18.15080162460478164, -10.00000000000000000 ) ) ;
#2332 = ORIENTED_EDGE ( 'NONE', *, *, #1068, .T. ) ;
#2333 = DIRECTION ( 'NONE',  ( -0.3090169943749515036, 0.9510565162951521989, 0.000000000000000000 ) ) ;
#2334 = AXIS2_PLACEMENT_3D ( 'NONE', #2926, #2196, #2901 ) ;
#2335 = CARTESIAN_POINT ( 'NONE',  ( -14.48162217478681590, 9.840535351850393297, -10.00000000000000000 ) ) ;
#2336 = DIRECTION ( 'NONE',  ( -0.3090169943749515591, 0.9510565162951523099, 0.000000000000000000 ) ) ;
#2337 = DIRECTION ( 'NONE',  ( 0.9510565162951529761, 0.3090169943749495607, 0.000000000000000000 ) ) ;
#2338 = AXIS2_PLACEMENT_3D ( 'NONE', #4011, #1605, #812 ) ;
#2339 = ORIENTED_EDGE ( 'NONE', *, *, #1791, .F. ) ;
#2340 = LINE ( 'NONE', #257, #3244 ) ;
#2341 = ORIENTED_EDGE ( 'NONE', *, *, #283, .F. ) ;
#2342 = AXIS2_PLACEMENT_3D ( 'NONE', #648, #671, #594 ) ;
#2343 = EDGE_CURVE ( 'NONE', #4895, #1001, #3511, .T. ) ;
#2344 = EDGE_CURVE ( 'NONE', #634, #4746, #3192, .T. ) ;
#2345 = VERTEX_POINT ( 'NONE', #2447 ) ;
#2346 = AXIS2_PLACEMENT_3D ( 'NONE', #1193, #3304, #3617 ) ;
#2347 = CARTESIAN_POINT ( 'NONE',  ( 15.37518435613148782, 9.717862376724578866, -10.00000000000000000 ) ) ;
#2348 = ORIENTED_EDGE ( 'NONE', *, *, #1415, .T. ) ;
#2349 = DIRECTION ( 'NONE',  ( -0.000000000000000000, -0.000000000000000000, 1.000000000000000000 ) ) ;
#2350 = ORIENTED_EDGE ( 'NONE', *, *, #1073, .T. ) ;
#2351 = EDGE_CURVE ( 'NONE', #1604, #634, #3353, .T. ) ;
#2352 = VERTEX_POINT ( 'NONE', #1583 ) ;
#2353 = DIRECTION ( 'NONE',  ( 1.000000000000000000, 0.000000000000000000, 0.000000000000000000 ) ) ;
#2354 = AXIS2_PLACEMENT_3D ( 'NONE', #264, #1018, #1891 ) ;
#2355 = CARTESIAN_POINT ( 'NONE',  ( 0.000000000000000000, 0.000000000000000000, -10.00000000000000000 ) ) ;
#2356 = DIRECTION ( 'NONE',  ( 1.000000000000000000, 0.000000000000000000, 0.000000000000000000 ) ) ;
#2357 = CARTESIAN_POINT ( 'NONE',  ( 15.36635143171859141, -11.50094328468379601, -10.00000000000000000 ) ) ;
#2358 = FACE_OUTER_BOUND ( 'NONE', #2177, .T. ) ;
#2359 = ORIENTED_EDGE ( 'NONE', *, *, #3131, .F. ) ;
#2360 = AXIS2_PLACEMENT_3D ( 'NONE', #3892, #5081, #182 ) ;
#2361 = CARTESIAN_POINT ( 'NONE',  ( 9.840535351850553170, -14.48162217478670755, 10.00000000000000000 ) ) ;
#2362 = ORIENTED_EDGE ( 'NONE', *, *, #4751, .F. ) ;
#2363 = VECTOR ( 'NONE', #2214, 1000.000000000000000 ) ;
#2364 = CARTESIAN_POINT ( 'NONE',  ( 0.000000000000000000, 0.000000000000000000, 10.00000000000000000 ) ) ;
#2365 = DIRECTION ( 'NONE',  ( -0.000000000000000000, -0.000000000000000000, 1.000000000000000000 ) ) ;
#2366 = CARTESIAN_POINT ( 'NONE',  ( -14.33960824982066207, -11.09931426106900432, 10.00000000000000000 ) ) ;
#2367 = CARTESIAN_POINT ( 'NONE',  ( -10.54246546439080845, -19.30949046277832792, -10.00000000000000000 ) ) ;
#2368 = AXIS2_PLACEMENT_3D ( 'NONE', #2653, #1385, #192 ) ;
#2369 = CARTESIAN_POINT ( 'NONE',  ( -4.883837912083854427, -16.81373379332464424, 10.00000000000000000 ) ) ;
#2370 = ORIENTED_EDGE ( 'NONE', *, *, #4503, .F. ) ;
#2371 = CYLINDRICAL_SURFACE ( 'NONE', #167, 15.00000000000000000 ) ;
#2372 = EDGE_LOOP ( 'NONE', ( #321, #2580, #918, #206 ) ) ;
#2373 = DIRECTION ( 'NONE',  ( 1.000000000000000000, 0.000000000000000000, 0.000000000000000000 ) ) ;
#2374 = AXIS2_PLACEMENT_3D ( 'NONE', #2401, #773, #4890 ) ;
#2375 = ADVANCED_FACE ( 'NONE', ( #2421 ), #2801, .F. ) ;
#2376 = CARTESIAN_POINT ( 'NONE',  ( 0.000000000000000000, 0.000000000000000000, 10.00000000000000000 ) ) ;
#2377 = ORIENTED_EDGE ( 'NONE', *, *, #2935, .T. ) ;
#2378 = CARTESIAN_POINT ( 'NONE',  ( -0.5509236102168821869, 17.50000000000000355, -10.00000000000000000 ) ) ;
#2379 = EDGE_LOOP ( 'NONE', ( #3424, #2319, #3189, #4190 ) ) ;
#2380 = VERTEX_POINT ( 'NONE', #3223 ) ;
#2381 = ADVANCED_FACE ( 'NONE', ( #3670 ), #4857, .F. ) ;
#2382 = DIRECTION ( 'NONE',  ( 0.000000000000000000, 0.000000000000000000, 1.000000000000000000 ) ) ;
#2383 = EDGE_CURVE ( 'NONE', #5085, #613, #1239, .T. ) ;
#2384 = EDGE_CURVE ( 'NONE', #4000, #3604, #847, .T. ) ;
#2385 = FACE_OUTER_BOUND ( 'NONE', #4009, .T. ) ;
#2386 = DIRECTION ( 'NONE',  ( -0.000000000000000000, -0.000000000000000000, 1.000000000000000000 ) ) ;
#2387 = DIRECTION ( 'NONE',  ( 0.000000000000000000, 0.000000000000000000, 1.000000000000000000 ) ) ;
#2388 = CYLINDRICAL_SURFACE ( 'NONE', #120, 4.500000000000000888 ) ;
#2389 = ORIENTED_EDGE ( 'NONE', *, *, #673, .T. ) ;
#2390 = DIRECTION ( 'NONE',  ( -0.000000000000000000, -0.000000000000000000, 1.000000000000000000 ) ) ;
#2391 = EDGE_LOOP ( 'NONE', ( #4040, #4030, #515, #1642 ) ) ;
#2392 = DIRECTION ( 'NONE',  ( 1.079383496163346391E-14, -1.000000000000000000, 0.000000000000000000 ) ) ;
#2393 = CARTESIAN_POINT ( 'NONE',  ( -15.99344118344497545, -15.10661573985670181, -10.00000000000000000 ) ) ;
#2394 = LINE ( 'NONE', #791, #2415 ) ;
#2395 = LINE ( 'NONE', #5259, #3625 ) ;
#2396 = LINE ( 'NONE', #3198, #458 ) ;
#2397 = VERTEX_POINT ( 'NONE', #1365 ) ;
#2398 = DIRECTION ( 'NONE',  ( 1.000000000000000000, 0.000000000000000000, 0.000000000000000000 ) ) ;
#2399 = ORIENTED_EDGE ( 'NONE', *, *, #3259, .F. ) ;
#2400 = FACE_OUTER_BOUND ( 'NONE', #801, .T. ) ;
#2401 = CARTESIAN_POINT ( 'NONE',  ( 0.5509236102168820759, -17.50000000000000355, -10.00000000000000000 ) ) ;
#2402 = ORIENTED_EDGE ( 'NONE', *, *, #3163, .F. ) ;
#2403 = DIRECTION ( 'NONE',  ( -0.000000000000000000, -0.000000000000000000, 1.000000000000000000 ) ) ;
#2404 = ORIENTED_EDGE ( 'NONE', *, *, #822, .F. ) ;
#2405 = ORIENTED_EDGE ( 'NONE', *, *, #3135, .F. ) ;
#2406 = CARTESIAN_POINT ( 'NONE',  ( -2.820800000000002417, 21.81841165988028663, -10.00000000000000000 ) ) ;
#2407 = ADVANCED_FACE ( 'NONE', ( #88 ), #3352, .F. ) ;
#2408 = LINE ( 'NONE', #3213, #5095 ) ;
#2409 = DIRECTION ( 'NONE',  ( 0.000000000000000000, 0.000000000000000000, 1.000000000000000000 ) ) ;
#2410 = CIRCLE ( 'NONE', #1295, 4.500000000000000888 ) ;
#2411 = CARTESIAN_POINT ( 'NONE',  ( -0.5509236102168820759, -18.12500000000000711, 10.00000000000000000 ) ) ;
#2412 = DIRECTION ( 'NONE',  ( -0.000000000000000000, -0.000000000000000000, 1.000000000000000000 ) ) ;
#2413 = ORIENTED_EDGE ( 'NONE', *, *, #1032, .T. ) ;
#2414 = EDGE_CURVE ( 'NONE', #1196, #1402, #141, .T. ) ;
#2415 = VECTOR ( 'NONE', #2851, 1000.000000000000000 ) ;
#2416 = VECTOR ( 'NONE', #3998, 1000.000000000000000 ) ;
#2417 = ORIENTED_EDGE ( 'NONE', *, *, #882, .T. ) ;
#2418 = DIRECTION ( 'NONE',  ( -0.8090169943749503378, 0.5877852522924692513, 0.000000000000000000 ) ) ;
#2419 = DIRECTION ( 'NONE',  ( 0.000000000000000000, 0.000000000000000000, 1.000000000000000000 ) ) ;
#2420 = AXIS2_PLACEMENT_3D ( 'NONE', #2433, #404, #3757 ) ;
#2421 = FACE_OUTER_BOUND ( 'NONE', #3716, .T. ) ;
#2422 = CYLINDRICAL_SURFACE ( 'NONE', #2687, 4.500000000000001776 ) ;
#2423 = CARTESIAN_POINT ( 'NONE',  ( 0.5509236102168820759, -17.50000000000000355, -10.00000000000000000 ) ) ;
#2424 = DIRECTION ( 'NONE',  ( 0.000000000000000000, 0.000000000000000000, 1.000000000000000000 ) ) ;
#2425 = VERTEX_POINT ( 'NONE', #1287 ) ;
#2426 = DIRECTION ( 'NONE',  ( -0.000000000000000000, 0.000000000000000000, 1.000000000000000000 ) ) ;
#2427 = AXIS2_PLACEMENT_3D ( 'NONE', #2197, #2599, #4581 ) ;
#2428 = AXIS2_PLACEMENT_3D ( 'NONE', #3610, #2938, #1303 ) ;
#2429 = ORIENTED_EDGE ( 'NONE', *, *, #1032, .F. ) ;
#2430 = DIRECTION ( 'NONE',  ( 0.000000000000000000, 0.000000000000000000, -1.000000000000000000 ) ) ;
#2431 = ORIENTED_EDGE ( 'NONE', *, *, #2871, .F. ) ;
#2432 = ORIENTED_EDGE ( 'NONE', *, *, #4337, .T. ) ;
#2433 = CARTESIAN_POINT ( 'NONE',  ( 5.076973533568079233, 17.40814411600914724, 10.00000000000000000 ) ) ;
#2434 = AXIS2_PLACEMENT_3D ( 'NONE', #4447, #2093, #2881 ) ;
#2435 = VECTOR ( 'NONE', #1554, 1000.000000000000000 ) ;
#2436 = LINE ( 'NONE', #4085, #3381 ) ;
#2437 = DIRECTION ( 'NONE',  ( -0.000000000000000000, -0.000000000000000000, -1.000000000000000000 ) ) ;
#2438 = DIRECTION ( 'NONE',  ( -0.000000000000000000, -0.000000000000000000, 1.000000000000000000 ) ) ;
#2439 = AXIS2_PLACEMENT_3D ( 'NONE', #4803, #1137, #2769 ) ;
#2440 = ORIENTED_EDGE ( 'NONE', *, *, #1387, .T. ) ;
#2441 = DIRECTION ( 'NONE',  ( -0.000000000000000000, -0.000000000000000000, 1.000000000000000000 ) ) ;
#2442 = ORIENTED_EDGE ( 'NONE', *, *, #1983, .F. ) ;
#2443 = EDGE_CURVE ( 'NONE', #3568, #2679, #967, .T. ) ;
#2444 = CARTESIAN_POINT ( 'NONE',  ( 18.33657332175912913, 5.671554599608885638, 10.00000000000000000 ) ) ;
#2445 = DIRECTION ( 'NONE',  ( 0.9510565162951529761, 0.3090169943749495607, 0.000000000000000000 ) ) ;
#2446 = AXIS2_PLACEMENT_3D ( 'NONE', #2588, #4217, #1035 ) ;
#2447 = CARTESIAN_POINT ( 'NONE',  ( -13.99342959553576726, 11.61968464773348231, 10.00000000000000000 ) ) ;
#2448 = CARTESIAN_POINT ( 'NONE',  ( 17.62565389454297105, 4.491043080150940447, 10.00000000000000000 ) ) ;
#2449 = CIRCLE ( 'NONE', #3466, 22.00000000000000000 ) ;
#2450 = CARTESIAN_POINT ( 'NONE',  ( 1.175923610216882187, -18.12500000000000711, -10.00000000000000000 ) ) ;
#2451 = CARTESIAN_POINT ( 'NONE',  ( 14.48162217478688873, -9.840535351850288492, 10.00000000000000000 ) ) ;
#2452 = ORIENTED_EDGE ( 'NONE', *, *, #2491, .T. ) ;
#2453 = EDGE_CURVE ( 'NONE', #4869, #2589, #32, .T. ) ;
#2454 = DIRECTION ( 'NONE',  ( -0.000000000000000000, -0.000000000000000000, 1.000000000000000000 ) ) ;
#2455 = CARTESIAN_POINT ( 'NONE',  ( -6.189583320500847030, 18.16825558712698907, -10.00000000000000000 ) ) ;
#2456 = VECTOR ( 'NONE', #3449, 1000.000000000000000 ) ;
#2457 = CARTESIAN_POINT ( 'NONE',  ( 11.61968464773333132, 13.99342959553589338, 10.00000000000000000 ) ) ;
#2458 = ORIENTED_EDGE ( 'NONE', *, *, #2864, .T. ) ;
#2459 = EDGE_LOOP ( 'NONE', ( #1973, #107, #2616, #803 ) ) ;
#2460 = CIRCLE ( 'NONE', #843, 4.500000000000000888 ) ;
#2461 = DIRECTION ( 'NONE',  ( -0.000000000000000000, 0.000000000000000000, 1.000000000000000000 ) ) ;
#2462 = DIRECTION ( 'NONE',  ( 0.000000000000000000, 0.000000000000000000, -1.000000000000000000 ) ) ;
#2463 = DIRECTION ( 'NONE',  ( 0.8090169943749551118, -0.5877852522924625900, 0.000000000000000000 ) ) ;
#2464 = DIRECTION ( 'NONE',  ( -0.000000000000000000, 0.000000000000000000, 1.000000000000000000 ) ) ;
#2465 = ORIENTED_EDGE ( 'NONE', *, *, #4471, .F. ) ;
#2466 = CARTESIAN_POINT ( 'NONE',  ( -10.73194847838606236, -13.83397262833643460, -10.00000000000000000 ) ) ;
#2467 = EDGE_LOOP ( 'NONE', ( #661, #2509, #1178, #5071 ) ) ;
#2468 = LINE ( 'NONE', #2037, #4569 ) ;
#2469 = DIRECTION ( 'NONE',  ( -0.5877852522924660317, -0.8090169943749525583, 0.000000000000000000 ) ) ;
#2470 = DIRECTION ( 'NONE',  ( 0.5877852522924835732, -0.8090169943749399017, 0.000000000000000000 ) ) ;
#2471 = CARTESIAN_POINT ( 'NONE',  ( -17.06765459969022558, -6.124892512523616439, -10.00000000000000000 ) ) ;
#2472 = CIRCLE ( 'NONE', #3409, 4.500000000000000888 ) ;
#2473 = ADVANCED_FACE ( 'NONE', ( #4526 ), #3746, .T. ) ;
#2474 = DIRECTION ( 'NONE',  ( 0.000000000000000000, 0.000000000000000000, 1.000000000000000000 ) ) ;
#2475 = FACE_BOUND ( 'NONE', #4738, .T. ) ;
#2476 = ADVANCED_FACE ( 'NONE', ( #3828 ), #4958, .F. ) ;
#2477 = DIRECTION ( 'NONE',  ( 1.000000000000000000, 0.000000000000000000, 0.000000000000000000 ) ) ;
#2478 = ORIENTED_EDGE ( 'NONE', *, *, #325, .T. ) ;
#2479 = AXIS2_PLACEMENT_3D ( 'NONE', #56, #4439, #783 ) ;
#2480 = ADVANCED_FACE ( 'NONE', ( #4580 ), #1796, .T. ) ;
#2481 = ADVANCED_FACE ( 'NONE', ( #2568 ), #66, .F. ) ;
#2482 = VECTOR ( 'NONE', #199, 1000.000000000000000 ) ;
#2483 = DIRECTION ( 'NONE',  ( -0.000000000000000000, -0.000000000000000000, 1.000000000000000000 ) ) ;
#2484 = VERTEX_POINT ( 'NONE', #4552 ) ;
#2485 = ORIENTED_EDGE ( 'NONE', *, *, #4488, .T. ) ;
#2486 = LINE ( 'NONE', #4514, #194 ) ;
#2487 = FACE_OUTER_BOUND ( 'NONE', #3896, .T. ) ;
#2488 = DIRECTION ( 'NONE',  ( 0.3090169943749608295, -0.9510565162951492013, 0.000000000000000000 ) ) ;
#2489 = FACE_OUTER_BOUND ( 'NONE', #3470, .T. ) ;
#2490 = EDGE_LOOP ( 'NONE', ( #1111, #375, #2465, #400 ) ) ;
#2491 = EDGE_CURVE ( 'NONE', #4287, #878, #1340, .T. ) ;
#2492 = ORIENTED_EDGE ( 'NONE', *, *, #911, .T. ) ;
#2493 = CIRCLE ( 'NONE', #2229, 0.6250000000000006661 ) ;
#2494 = CARTESIAN_POINT ( 'NONE',  ( 0.000000000000000000, 0.000000000000000000, -10.00000000000000000 ) ) ;
#2495 = CARTESIAN_POINT ( 'NONE',  ( 4.491043080150879163, -17.62565389454298881, -10.00000000000000000 ) ) ;
#2496 = CARTESIAN_POINT ( 'NONE',  ( -10.20790113453324466, 14.98725779627112686, -10.00000000000000000 ) ) ;
#2497 = DIRECTION ( 'NONE',  ( -0.000000000000000000, -0.000000000000000000, 1.000000000000000000 ) ) ;
#2498 = AXIS2_PLACEMENT_3D ( 'NONE', #4846, #1598, #4001 ) ;
#2499 = PLANE ( 'NONE',  #2763 ) ;
#2500 = CARTESIAN_POINT ( 'NONE',  ( 14.48162217478667202, 9.840535351850602908, -10.00000000000000000 ) ) ;
#2501 = CARTESIAN_POINT ( 'NONE',  ( 9.425000214337041271, -19.87886744660637817, -10.00000000000000000 ) ) ;
#2502 = VERTEX_POINT ( 'NONE', #1694 ) ;
#2503 = CARTESIAN_POINT ( 'NONE',  ( -14.33960824982073845, 11.09931426106890484, -10.00000000000000000 ) ) ;
#2504 = CIRCLE ( 'NONE', #4375, 4.500000000000001776 ) ;
#2505 = EDGE_CURVE ( 'NONE', #5104, #4410, #4210, .T. ) ;
#2506 = PLANE ( 'NONE',  #2124 ) ;
#2507 = ORIENTED_EDGE ( 'NONE', *, *, #856, .F. ) ;
#2508 = DIRECTION ( 'NONE',  ( 1.000000000000000000, 0.000000000000000000, 0.000000000000000000 ) ) ;
#2509 = ORIENTED_EDGE ( 'NONE', *, *, #4944, .F. ) ;
#2510 = CARTESIAN_POINT ( 'NONE',  ( 10.54246546439066456, 19.30949046277840608, -10.00000000000000000 ) ) ;
#2511 = AXIS2_PLACEMENT_3D ( 'NONE', #5011, #1389, #1341 ) ;
#2512 = DIRECTION ( 'NONE',  ( -0.000000000000000000, -0.000000000000000000, -1.000000000000000000 ) ) ;
#2513 = CARTESIAN_POINT ( 'NONE',  ( 14.33960824982058035, 11.09931426106911090, -10.00000000000000000 ) ) ;
#2514 = VERTEX_POINT ( 'NONE', #3768 ) ;
#2515 = ORIENTED_EDGE ( 'NONE', *, *, #3806, .F. ) ;
#2516 = ADVANCED_FACE ( 'NONE', ( #499 ), #2116, .T. ) ;
#2517 = AXIS2_PLACEMENT_3D ( 'NONE', #5197, #3340, #4793 ) ;
#2518 = VECTOR ( 'NONE', #5255, 1000.000000000000000 ) ;
#2519 = ORIENTED_EDGE ( 'NONE', *, *, #850, .T. ) ;
#2520 = CIRCLE ( 'NONE', #3111, 22.00000000000000000 ) ;
#2521 = CARTESIAN_POINT ( 'NONE',  ( 9.840535351850233425, 14.48162217478692426, 10.00000000000000000 ) ) ;
#2522 = CARTESIAN_POINT ( 'NONE',  ( 0.000000000000000000, 0.000000000000000000, 10.00000000000000000 ) ) ;
#2523 = DIRECTION ( 'NONE',  ( 1.000000000000000000, 0.000000000000000000, 0.000000000000000000 ) ) ;
#2524 = DIRECTION ( 'NONE',  ( 0.000000000000000000, 0.000000000000000000, -1.000000000000000000 ) ) ;
#2525 = VECTOR ( 'NONE', #2848, 999.9999999999998863 ) ;
#2526 = CARTESIAN_POINT ( 'NONE',  ( 15.10661573985641404, 15.99344118344524190, -10.00000000000000000 ) ) ;
#2527 = DIRECTION ( 'NONE',  ( 0.000000000000000000, -0.000000000000000000, 1.000000000000000000 ) ) ;
#2528 = ORIENTED_EDGE ( 'NONE', *, *, #5221, .T. ) ;
#2529 = CIRCLE ( 'NONE', #4060, 22.00000000000000000 ) ;
#2530 = AXIS2_PLACEMENT_3D ( 'NONE', #549, #1002, #4584 ) ;
#2531 = FACE_OUTER_BOUND ( 'NONE', #1811, .T. ) ;
#2532 = VERTEX_POINT ( 'NONE', #921 ) ;
#2533 = CARTESIAN_POINT ( 'NONE',  ( 4.059519772005860005, 21.62221772207221093, -10.00000000000000000 ) ) ;
#2534 = ORIENTED_EDGE ( 'NONE', *, *, #3870, .F. ) ;
#2535 = FACE_OUTER_BOUND ( 'NONE', #2153, .T. ) ;
#2536 = CARTESIAN_POINT ( 'NONE',  ( -6.726769246911714184, -16.89922242757909387, -10.00000000000000000 ) ) ;
#2537 = LINE ( 'NONE', #2894, #4024 ) ;
#2538 = ORIENTED_EDGE ( 'NONE', *, *, #578, .T. ) ;
#2539 = EDGE_CURVE ( 'NONE', #4187, #3313, #4709, .T. ) ;
#2540 = ORIENTED_EDGE ( 'NONE', *, *, #4271, .F. ) ;
#2541 = CIRCLE ( 'NONE', #3902, 4.500000000000000888 ) ;
#2542 = EDGE_LOOP ( 'NONE', ( #2233, #4109, #1648, #2237 ) ) ;
#2543 = CARTESIAN_POINT ( 'NONE',  ( 14.98725779627123700, -10.20790113453307768, -10.00000000000000000 ) ) ;
#2544 = PLANE ( 'NONE',  #3132 ) ;
#2545 = CARTESIAN_POINT ( 'NONE',  ( -0.2723438155441447739, -19.19172429998743468, -10.00000000000000000 ) ) ;
#2546 = DIRECTION ( 'NONE',  ( 0.3090169943749481174, -0.9510565162951534202, 0.000000000000000000 ) ) ;
#2547 = DIRECTION ( 'NONE',  ( 1.000000000000000000, 0.000000000000000000, 0.000000000000000000 ) ) ;
#2548 = CARTESIAN_POINT ( 'NONE',  ( 4.059519772005860005, 21.62221772207221093, -10.00000000000000000 ) ) ;
#2549 = CARTESIAN_POINT ( 'NONE',  ( -15.36635143171842444, -11.50094328468401983, -10.00000000000000000 ) ) ;
#2550 = VERTEX_POINT ( 'NONE', #2137 ) ;
#2551 = CARTESIAN_POINT ( 'NONE',  ( 10.68958332050098292, -18.16825558712694288, 10.00000000000000000 ) ) ;
#2552 = CIRCLE ( 'NONE', #1024, 4.500000000000000888 ) ;
#2553 = VECTOR ( 'NONE', #1084, 1000.000000000000000 ) ;
#2554 = ORIENTED_EDGE ( 'NONE', *, *, #2094, .F. ) ;
#2555 = ORIENTED_EDGE ( 'NONE', *, *, #4508, .F. ) ;
#2556 = CARTESIAN_POINT ( 'NONE',  ( 0.000000000000000000, 0.000000000000000000, -10.00000000000000000 ) ) ;
#2557 = ORIENTED_EDGE ( 'NONE', *, *, #3359, .F. ) ;
#2558 = CARTESIAN_POINT ( 'NONE',  ( 0.000000000000000000, 0.000000000000000000, -10.00000000000000000 ) ) ;
#2559 = DIRECTION ( 'NONE',  ( -0.000000000000000000, -1.000000000000000000, -0.000000000000000000 ) ) ;
#2560 = ORIENTED_EDGE ( 'NONE', *, *, #4255, .T. ) ;
#2561 = DIRECTION ( 'NONE',  ( 0.000000000000000000, 0.000000000000000000, 1.000000000000000000 ) ) ;
#2562 = ORIENTED_EDGE ( 'NONE', *, *, #4037, .F. ) ;
#2563 = EDGE_CURVE ( 'NONE', #1674, #2060, #3598, .T. ) ;
#2564 = VERTEX_POINT ( 'NONE', #1742 ) ;
#2565 = DIRECTION ( 'NONE',  ( -1.000000000000000000, 0.000000000000000000, 0.000000000000000000 ) ) ;
#2566 = CARTESIAN_POINT ( 'NONE',  ( -6.124892512523429033, -17.06765459969028953, -10.00000000000000000 ) ) ;
#2567 = EDGE_CURVE ( 'NONE', #4572, #4219, #3000, .T. ) ;
#2568 = FACE_OUTER_BOUND ( 'NONE', #3778, .T. ) ;
#2569 = DIRECTION ( 'NONE',  ( -0.9510565162951563067, 0.3090169943749390691, 0.000000000000000000 ) ) ;
#2570 = ADVANCED_FACE ( 'NONE', ( #2598 ), #4226, .T. ) ;
#2571 = ADVANCED_FACE ( 'NONE', ( #243 ), #3023, .T. ) ;
#2572 = DIRECTION ( 'NONE',  ( -0.000000000000000000, 0.000000000000000000, 1.000000000000000000 ) ) ;
#2573 = DIRECTION ( 'NONE',  ( 1.000000000000000000, 0.000000000000000000, 0.000000000000000000 ) ) ;
#2574 = AXIS2_PLACEMENT_3D ( 'NONE', #3214, #297, #3554 ) ;
#2575 = LINE ( 'NONE', #1294, #680 ) ;
#2576 = EDGE_LOOP ( 'NONE', ( #2263, #892, #3322, #4676 ) ) ;
#2577 = CARTESIAN_POINT ( 'NONE',  ( -19.19172429998743468, -0.2723438155443546616, 10.00000000000000000 ) ) ;
#2578 = AXIS2_PLACEMENT_3D ( 'NONE', #4936, #416, #4475 ) ;
#2579 = CIRCLE ( 'NONE', #2325, 22.00000000000000000 ) ;
#2580 = ORIENTED_EDGE ( 'NONE', *, *, #1108, .F. ) ;
#2581 = DIRECTION ( 'NONE',  ( 1.000000000000000000, 0.000000000000000000, 0.000000000000000000 ) ) ;
#2582 = ORIENTED_EDGE ( 'NONE', *, *, #4561, .T. ) ;
#2583 = CARTESIAN_POINT ( 'NONE',  ( -18.15080162460477808, -1.175390804045213233, -10.00000000000000000 ) ) ;
#2584 = VERTEX_POINT ( 'NONE', #4279 ) ;
#2585 = EDGE_CURVE ( 'NONE', #3785, #2795, #2410, .T. ) ;
#2586 = VERTEX_POINT ( 'NONE', #1020 ) ;
#2587 = AXIS2_PLACEMENT_3D ( 'NONE', #3326, #3428, #2165 ) ;
#2588 = CARTESIAN_POINT ( 'NONE',  ( -15.68651078837849155, 11.06028173450742536, -10.00000000000000000 ) ) ;
#2589 = VERTEX_POINT ( 'NONE', #1845 ) ;
#2590 = DIRECTION ( 'NONE',  ( 1.000000000000000000, 0.000000000000000000, 0.000000000000000000 ) ) ;
#2591 = ORIENTED_EDGE ( 'NONE', *, *, #4368, .T. ) ;
#2592 = ADVANCED_FACE ( 'NONE', ( #3557, #4356 ), #2249, .T. ) ;
#2593 = VERTEX_POINT ( 'NONE', #2329 ) ;
#2594 = CIRCLE ( 'NONE', #5159, 4.500000000000000888 ) ;
#2595 = CARTESIAN_POINT ( 'NONE',  ( 0.000000000000000000, 0.000000000000000000, 10.00000000000000000 ) ) ;
#2596 = DIRECTION ( 'NONE',  ( 0.9510565162951534202, 0.3090169943749480064, 0.000000000000000000 ) ) ;
#2597 = AXIS2_PLACEMENT_3D ( 'NONE', #4765, #2629, #1046 ) ;
#2598 = FACE_OUTER_BOUND ( 'NONE', #4270, .T. ) ;
#2599 = DIRECTION ( 'NONE',  ( -0.000000000000000000, 0.000000000000000000, 1.000000000000000000 ) ) ;
#2600 = CIRCLE ( 'NONE', #4737, 22.00000000000000000 ) ;
#2601 = EDGE_CURVE ( 'NONE', #4237, #3455, #5115, .T. ) ;
#2602 = EDGE_LOOP ( 'NONE', ( #3346, #2359, #1680, #4105 ) ) ;
#2603 = AXIS2_PLACEMENT_3D ( 'NONE', #1027, #2659, #1081 ) ;
#2604 = DIRECTION ( 'NONE',  ( 0.000000000000000000, 0.000000000000000000, 1.000000000000000000 ) ) ;
#2605 = CARTESIAN_POINT ( 'NONE',  ( 11.09931426106874675, 14.33960824982086280, -10.00000000000000000 ) ) ;
#2606 = ORIENTED_EDGE ( 'NONE', *, *, #61, .F. ) ;
#2607 = EDGE_CURVE ( 'NONE', #1879, #2663, #4973, .T. ) ;
#2608 = LINE ( 'NONE', #602, #982 ) ;
#2609 = EDGE_CURVE ( 'NONE', #854, #3446, #2147, .T. ) ;
#2610 = VECTOR ( 'NONE', #212, 1000.000000000000000 ) ;
#2611 = EDGE_CURVE ( 'NONE', #495, #4534, #1040, .T. ) ;
#2612 = ORIENTED_EDGE ( 'NONE', *, *, #2873, .F. ) ;
#2613 = DIRECTION ( 'NONE',  ( 0.000000000000000000, 0.000000000000000000, 1.000000000000000000 ) ) ;
#2614 = ORIENTED_EDGE ( 'NONE', *, *, #358, .T. ) ;
#2615 = AXIS2_PLACEMENT_3D ( 'NONE', #839, #378, #4818 ) ;
#2616 = ORIENTED_EDGE ( 'NONE', *, *, #814, .F. ) ;
#2617 = EDGE_CURVE ( 'NONE', #4131, #1758, #4706, .T. ) ;
#2618 = CIRCLE ( 'NONE', #4495, 10.00000000000000000 ) ;
#2619 = ORIENTED_EDGE ( 'NONE', *, *, #524, .F. ) ;
#2620 = DIRECTION ( 'NONE',  ( 0.000000000000000000, 0.000000000000000000, 1.000000000000000000 ) ) ;
#2621 = EDGE_LOOP ( 'NONE', ( #689, #3839, #3584, #1011 ) ) ;
#2622 = DIRECTION ( 'NONE',  ( 1.000000000000000000, 0.000000000000000000, 0.000000000000000000 ) ) ;
#2623 = EDGE_LOOP ( 'NONE', ( #3298, #3360, #3087, #798 ) ) ;
#2624 = ORIENTED_EDGE ( 'NONE', *, *, #4991, .T. ) ;
#2625 = CARTESIAN_POINT ( 'NONE',  ( -16.81373379332462648, 4.883837912083918376, -10.00000000000000000 ) ) ;
#2626 = CIRCLE ( 'NONE', #2278, 0.6250000000000004441 ) ;
#2627 = FACE_OUTER_BOUND ( 'NONE', #3209, .T. ) ;
#2628 = DIRECTION ( 'NONE',  ( -0.000000000000000000, 0.000000000000000000, 1.000000000000000000 ) ) ;
#2629 = DIRECTION ( 'NONE',  ( -0.000000000000000000, 0.000000000000000000, -1.000000000000000000 ) ) ;
#2630 = CARTESIAN_POINT ( 'NONE',  ( -6.124892512523429033, -17.06765459969028953, -10.00000000000000000 ) ) ;
#2631 = AXIS2_PLACEMENT_3D ( 'NONE', #3078, #1162, #707 ) ;
#2632 = EDGE_LOOP ( 'NONE', ( #5270, #3130, #2191, #3270 ) ) ;
#2633 = DIRECTION ( 'NONE',  ( 0.5877852522924654766, 0.8090169943749531134, 0.000000000000000000 ) ) ;
#2634 = DIRECTION ( 'NONE',  ( 0.000000000000000000, 0.000000000000000000, 1.000000000000000000 ) ) ;
#2635 = ORIENTED_EDGE ( 'NONE', *, *, #3435, .T. ) ;
#2636 = EDGE_CURVE ( 'NONE', #1734, #3558, #3452, .T. ) ;
#2637 = EDGE_CURVE ( 'NONE', #1091, #1213, #1741, .T. ) ;
#2638 = ORIENTED_EDGE ( 'NONE', *, *, #1006, .F. ) ;
#2639 = CARTESIAN_POINT ( 'NONE',  ( 6.189583320500583241, 18.16825558712707789, 10.00000000000000000 ) ) ;
#2640 = EDGE_LOOP ( 'NONE', ( #4720, #3945, #2591, #884, #1296, #1451, #2821, #202, #551, #3256, #1798, #1457, #4631, #4641, #2020, #5293, #696, #4221, #3662, #3809, #955, #2698, #890, #4965, #3541, #4267, #347, #1662, #4167, #2452, #4612, #4614, #1569, #3019, #4430, #1168, #1037, #5084, #5225, #1311, #4076, #2485, #2304, #2027, #4519, #3228, #4919, #3756, #1690, #538, #1099, #2834, #3691, #4814, #1031, #3122, #2294, #3144, #4276, #2110, #3180, #3626, #2108, #4806, #4456, #4840, #2045, #1881, #4390, #1328, #2922, #1141, #4259, #1304, #2519, #3520, #3280, #3293, #3612, #4315, #1596, #5207, #4994, #2562, #1606, #5209, #787, #3972, #3611, #726, #745, #2131, #1176, #426, #2264, #4784, #4862, #2939, #979, #3341, #717, #2348, #2797, #281, #5133, #4698, #3846, #2389, #4697, #3158, #4450, #159, #4702, #992, #4757, #1161, #2614, #5066, #3787, #5075, #2990, #3548, #4451, #2958, #2267, #3997, #1476, #3171, #3242, #72, #1327, #956, #3437, #1509, #1119, #311 ) ) ;
#2641 = EDGE_CURVE ( 'NONE', #613, #3961, #40, .T. ) ;
#2642 = ORIENTED_EDGE ( 'NONE', *, *, #876, .F. ) ;
#2643 = CIRCLE ( 'NONE', #1702, 4.500000000000000888 ) ;
#2644 = DIRECTION ( 'NONE',  ( -0.000000000000000000, -0.000000000000000000, 1.000000000000000000 ) ) ;
#2645 = ORIENTED_EDGE ( 'NONE', *, *, #4874, .F. ) ;
#2646 = DIRECTION ( 'NONE',  ( -0.3090169943749548342, 0.9510565162951511997, 0.000000000000000000 ) ) ;
#2647 = VERTEX_POINT ( 'NONE', #4253 ) ;
#2648 = EDGE_LOOP ( 'NONE', ( #208, #3034, #1858, #5082 ) ) ;
#2649 = LINE ( 'NONE', #2725, #4989 ) ;
#2650 = AXIS2_PLACEMENT_3D ( 'NONE', #3215, #3292, #2895 ) ;
#2651 = VECTOR ( 'NONE', #877, 1000.000000000000000 ) ;
#2652 = CARTESIAN_POINT ( 'NONE',  ( 10.00000000000000000, 0.000000000000000000, 10.00000000000000000 ) ) ;
#2653 = CARTESIAN_POINT ( 'NONE',  ( 0.000000000000000000, 0.000000000000000000, -10.00000000000000000 ) ) ;
#2654 = DIRECTION ( 'NONE',  ( 3.854941057726237111E-15, -1.000000000000000000, 0.000000000000000000 ) ) ;
#2655 = CARTESIAN_POINT ( 'NONE',  ( -10.73194847838616006, 13.83397262833636177, -10.00000000000000000 ) ) ;
#2656 = ORIENTED_EDGE ( 'NONE', *, *, #1073, .F. ) ;
#2657 = FACE_OUTER_BOUND ( 'NONE', #811, .T. ) ;
#2658 = CARTESIAN_POINT ( 'NONE',  ( -13.99342959553568555, -11.61968464773358001, 10.00000000000000000 ) ) ;
#2659 = DIRECTION ( 'NONE',  ( 0.000000000000000000, 0.000000000000000000, 1.000000000000000000 ) ) ;
#2660 = ORIENTED_EDGE ( 'NONE', *, *, #4072, .F. ) ;
#2661 = FACE_OUTER_BOUND ( 'NONE', #3116, .T. ) ;
#2662 = ORIENTED_EDGE ( 'NONE', *, *, #974, .F. ) ;
#2663 = VERTEX_POINT ( 'NONE', #2677 ) ;
#2664 = CIRCLE ( 'NONE', #2066, 4.500000000000000888 ) ;
#2665 = ADVANCED_FACE ( 'NONE', ( #4304 ), #702, .F. ) ;
#2666 = ORIENTED_EDGE ( 'NONE', *, *, #1640, .T. ) ;
#2667 = VECTOR ( 'NONE', #3306, 1000.000000000000000 ) ;
#2668 = DIRECTION ( 'NONE',  ( 0.000000000000000000, -0.000000000000000000, 1.000000000000000000 ) ) ;
#2669 = ORIENTED_EDGE ( 'NONE', *, *, #4634, .F. ) ;
#2670 = CYLINDRICAL_SURFACE ( 'NONE', #4629, 22.00000000000000000 ) ;
#2671 = ORIENTED_EDGE ( 'NONE', *, *, #1095, .F. ) ;
#2672 = ORIENTED_EDGE ( 'NONE', *, *, #4912, .F. ) ;
#2673 = LINE ( 'NONE', #239, #2610 ) ;
#2674 = DIRECTION ( 'NONE',  ( 0.5877852522924830181, -0.8090169943749402348, 0.000000000000000000 ) ) ;
#2675 = CYLINDRICAL_SURFACE ( 'NONE', #1615, 10.00000000000000000 ) ;
#2676 = EDGE_CURVE ( 'NONE', #3462, #262, #899, .T. ) ;
#2677 = CARTESIAN_POINT ( 'NONE',  ( 18.15080162460479585, -1.175390804044962101, -10.00000000000000000 ) ) ;
#2678 = DIRECTION ( 'NONE',  ( -0.5877852522924773560, 0.8090169943749443426, 0.000000000000000000 ) ) ;
#2679 = VERTEX_POINT ( 'NONE', #1388 ) ;
#2680 = AXIS2_PLACEMENT_3D ( 'NONE', #244, #3160, #3560 ) ;
#2681 = CARTESIAN_POINT ( 'NONE',  ( -9.840535351850446588, 14.48162217478678571, -10.00000000000000000 ) ) ;
#2682 = FACE_OUTER_BOUND ( 'NONE', #3912, .T. ) ;
#2683 = CARTESIAN_POINT ( 'NONE',  ( -10.20790113453324466, 14.98725779627112686, -10.00000000000000000 ) ) ;
#2684 = FACE_OUTER_BOUND ( 'NONE', #2640, .T. ) ;
#2685 = AXIS2_PLACEMENT_3D ( 'NONE', #47, #2454, #4943 ) ;
#2686 = CIRCLE ( 'NONE', #4135, 4.500000000000000888 ) ;
#2687 = AXIS2_PLACEMENT_3D ( 'NONE', #4423, #849, #1637 ) ;
#2688 = ORIENTED_EDGE ( 'NONE', *, *, #4660, .T. ) ;
#2689 = LINE ( 'NONE', #716, #254 ) ;
#2690 = ORIENTED_EDGE ( 'NONE', *, *, #23, .T. ) ;
#2691 = EDGE_LOOP ( 'NONE', ( #4133, #5265, #2534, #3464 ) ) ;
#2692 = VECTOR ( 'NONE', #1952, 1000.000000000000000 ) ;
#2693 = ADVANCED_FACE ( 'NONE', ( #2300 ), #3924, .T. ) ;
#2694 = CIRCLE ( 'NONE', #1759, 0.6250000000000002220 ) ;
#2695 = DIRECTION ( 'NONE',  ( 0.000000000000000000, 0.000000000000000000, 1.000000000000000000 ) ) ;
#2696 = ORIENTED_EDGE ( 'NONE', *, *, #1005, .F. ) ;
#2697 = DIRECTION ( 'NONE',  ( 1.000000000000000000, 0.000000000000000000, 0.000000000000000000 ) ) ;
#2698 = ORIENTED_EDGE ( 'NONE', *, *, #3426, .T. ) ;
#2699 = ORIENTED_EDGE ( 'NONE', *, *, #1819, .F. ) ;
#2700 = VECTOR ( 'NONE', #1775, 1000.000000000000000 ) ;
#2701 = ADVANCED_FACE ( 'NONE', ( #3525 ), #3129, .T. ) ;
#2702 = EDGE_CURVE ( 'NONE', #638, #3063, #1212, .T. ) ;
#2703 = EDGE_CURVE ( 'NONE', #2008, #108, #4465, .T. ) ;
#2704 = DIRECTION ( 'NONE',  ( 1.000000000000000000, 0.000000000000000000, 0.000000000000000000 ) ) ;
#2705 = CARTESIAN_POINT ( 'NONE',  ( -19.30949046277821424, -10.54246546439101095, -10.00000000000000000 ) ) ;
#2706 = CYLINDRICAL_SURFACE ( 'NONE', #434, 0.6250000000000005551 ) ;
#2707 = CARTESIAN_POINT ( 'NONE',  ( -5.076973533568319930, 17.40814411600907974, 10.00000000000000000 ) ) ;
#2708 = DIRECTION ( 'NONE',  ( 0.000000000000000000, 0.000000000000000000, -1.000000000000000000 ) ) ;
#2709 = ADVANCED_FACE ( 'NONE', ( #2358 ), #1126, .T. ) ;
#2710 = ORIENTED_EDGE ( 'NONE', *, *, #1951, .F. ) ;
#2711 = CARTESIAN_POINT ( 'NONE',  ( 15.36635143171833917, 11.50094328468413174, 10.00000000000000000 ) ) ;
#2712 = CARTESIAN_POINT ( 'NONE',  ( 0.000000000000000000, 0.000000000000000000, -10.00000000000000000 ) ) ;
#2713 = FACE_OUTER_BOUND ( 'NONE', #4244, .T. ) ;
#2714 = AXIS2_PLACEMENT_3D ( 'NONE', #1174, #800, #4052 ) ;
#2715 = DIRECTION ( 'NONE',  ( 0.3090169943749608295, -0.9510565162951492013, 0.000000000000000000 ) ) ;
#2716 = ORIENTED_EDGE ( 'NONE', *, *, #3622, .F. ) ;
#2717 = CARTESIAN_POINT ( 'NONE',  ( -13.83397262833639729, 10.73194847838611032, -10.00000000000000000 ) ) ;
#2718 = ORIENTED_EDGE ( 'NONE', *, *, #5067, .F. ) ;
#2719 = EDGE_LOOP ( 'NONE', ( #4522, #4050, #4787, #5049 ) ) ;
#2720 = DIRECTION ( 'NONE',  ( 0.3090169943749517811, -0.9510565162951520879, 0.000000000000000000 ) ) ;
#2721 = VERTEX_POINT ( 'NONE', #381 ) ;
#2722 = DIRECTION ( 'NONE',  ( -0.000000000000000000, -0.000000000000000000, -1.000000000000000000 ) ) ;
#2723 = ORIENTED_EDGE ( 'NONE', *, *, #4191, .T. ) ;
#2724 = ORIENTED_EDGE ( 'NONE', *, *, #3257, .T. ) ;
#2725 = CARTESIAN_POINT ( 'NONE',  ( 2.820800000000002417, 21.81841165988028663, -10.00000000000000000 ) ) ;
#2726 = VECTOR ( 'NONE', #151, 1000.000000000000000 ) ;
#2727 = LINE ( 'NONE', #3494, #2692 ) ;
#2728 = CARTESIAN_POINT ( 'NONE',  ( -4.059519772006000338, -21.62221772207218251, -10.00000000000000000 ) ) ;
#2729 = CARTESIAN_POINT ( 'NONE',  ( -13.83397262833632269, -10.73194847838620625, 10.00000000000000000 ) ) ;
#2730 = DIRECTION ( 'NONE',  ( -0.000000000000000000, -0.000000000000000000, 1.000000000000000000 ) ) ;
#2731 = VERTEX_POINT ( 'NONE', #3636 ) ;
#2732 = AXIS2_PLACEMENT_3D ( 'NONE', #2605, #118, #4964 ) ;
#2733 = VECTOR ( 'NONE', #5264, 1000.000000000000000 ) ;
#2734 = CARTESIAN_POINT ( 'NONE',  ( 6.124892512523674171, -17.06765459969020071, -10.00000000000000000 ) ) ;
#2735 = AXIS2_PLACEMENT_3D ( 'NONE', #2255, #1876, #3502 ) ;
#2736 = ORIENTED_EDGE ( 'NONE', *, *, #5093, .F. ) ;
#2737 = DIRECTION ( 'NONE',  ( -0.8090169943749422332, -0.5877852522924802425, 0.000000000000000000 ) ) ;
#2738 = EDGE_CURVE ( 'NONE', #1284, #3760, #1955, .T. ) ;
#2739 = DIRECTION ( 'NONE',  ( 0.000000000000000000, 0.000000000000000000, 1.000000000000000000 ) ) ;
#2740 = DIRECTION ( 'NONE',  ( 0.000000000000000000, 0.000000000000000000, 1.000000000000000000 ) ) ;
#2741 = DIRECTION ( 'NONE',  ( 0.000000000000000000, 0.000000000000000000, 1.000000000000000000 ) ) ;
#2742 = EDGE_CURVE ( 'NONE', #459, #3925, #3372, .T. ) ;
#2743 = EDGE_CURVE ( 'NONE', #1992, #3951, #1059, .T. ) ;
#2744 = EDGE_CURVE ( 'NONE', #1200, #1538, #3583, .T. ) ;
#2745 = ORIENTED_EDGE ( 'NONE', *, *, #1241, .F. ) ;
#2746 = CYLINDRICAL_SURFACE ( 'NONE', #344, 15.00000000000000000 ) ;
#2747 = ORIENTED_EDGE ( 'NONE', *, *, #4865, .F. ) ;
#2748 = VERTEX_POINT ( 'NONE', #909 ) ;
#2749 = AXIS2_PLACEMENT_3D ( 'NONE', #2107, #55, #809 ) ;
#2750 = DIRECTION ( 'NONE',  ( 1.000000000000000000, 0.000000000000000000, 0.000000000000000000 ) ) ;
#2751 = EDGE_LOOP ( 'NONE', ( #1580, #3508, #2323, #3992 ) ) ;
#2752 = DIRECTION ( 'NONE',  ( 1.000000000000000000, 0.000000000000000000, 0.000000000000000000 ) ) ;
#2753 = ORIENTED_EDGE ( 'NONE', *, *, #1074, .F. ) ;
#2754 = ORIENTED_EDGE ( 'NONE', *, *, #2837, .T. ) ;
#2755 = FACE_OUTER_BOUND ( 'NONE', #4538, .T. ) ;
#2756 = AXIS2_PLACEMENT_3D ( 'NONE', #339, #744, #1558 ) ;
#2757 = EDGE_CURVE ( 'NONE', #2345, #1402, #4051, .T. ) ;
#2758 = DIRECTION ( 'NONE',  ( 0.000000000000000000, 0.000000000000000000, 1.000000000000000000 ) ) ;
#2759 = CARTESIAN_POINT ( 'NONE',  ( 0.5509236102168820759, 17.50000000000000355, -10.00000000000000000 ) ) ;
#2760 = DIRECTION ( 'NONE',  ( -1.000000000000000000, 0.000000000000000000, 0.000000000000000000 ) ) ;
#2761 = CARTESIAN_POINT ( 'NONE',  ( -9.717862376724305307, -15.37518435613166012, -10.00000000000000000 ) ) ;
#2762 = ORIENTED_EDGE ( 'NONE', *, *, #2111, .T. ) ;
#2763 = AXIS2_PLACEMENT_3D ( 'NONE', #1269, #1868, #2978 ) ;
#2764 = LINE ( 'NONE', #2655, #3783 ) ;
#2765 = ORIENTED_EDGE ( 'NONE', *, *, #3145, .F. ) ;
#2766 = DIRECTION ( 'NONE',  ( -0.5877852522924653655, -0.8090169943749531134, 0.000000000000000000 ) ) ;
#2767 = CARTESIAN_POINT ( 'NONE',  ( -17.06765459969022558, -6.124892512523616439, 10.00000000000000000 ) ) ;
#2768 = CARTESIAN_POINT ( 'NONE',  ( -21.81841165988027598, -2.820800000000078356, -10.00000000000000000 ) ) ;
#2769 = DIRECTION ( 'NONE',  ( 0.3090169943749608295, -0.9510565162951492013, 0.000000000000000000 ) ) ;
#2770 = EDGE_CURVE ( 'NONE', #402, #1505, #4734, .T. ) ;
#2771 = CIRCLE ( 'NONE', #4909, 22.00000000000000000 ) ;
#2772 = CARTESIAN_POINT ( 'NONE',  ( 19.30949046277813608, 10.54246546439115306, -10.00000000000000000 ) ) ;
#2773 = ADVANCED_FACE ( 'NONE', ( #1704 ), #330, .T. ) ;
#2774 = ORIENTED_EDGE ( 'NONE', *, *, #712, .T. ) ;
#2775 = DIRECTION ( 'NONE',  ( -0.000000000000000000, -0.000000000000000000, 1.000000000000000000 ) ) ;
#2776 = ORIENTED_EDGE ( 'NONE', *, *, #186, .T. ) ;
#2777 = AXIS2_PLACEMENT_3D ( 'NONE', #4182, #3459, #4666 ) ;
#2778 = ADVANCED_FACE ( 'NONE', ( #1603 ), #3240, .F. ) ;
#2779 = DIRECTION ( 'NONE',  ( 0.000000000000000000, 0.000000000000000000, 1.000000000000000000 ) ) ;
#2780 = AXIS2_PLACEMENT_3D ( 'NONE', #361, #4361, #3138 ) ;
#2781 = PRODUCT ( 'Sun Gear', 'Sun Gear', '', ( #440 ) ) ;
#2782 = AXIS2_PLACEMENT_3D ( 'NONE', #471, #4071, #1557 ) ;
#2783 = LINE ( 'NONE', #752, #1172 ) ;
#2784 = ORIENTED_EDGE ( 'NONE', *, *, #2273, .F. ) ;
#2785 = CARTESIAN_POINT ( 'NONE',  ( 18.33657332175924637, -5.671554599608501945, -10.00000000000000000 ) ) ;
#2786 = ORIENTED_EDGE ( 'NONE', *, *, #1640, .F. ) ;
#2787 = ORIENTED_EDGE ( 'NONE', *, *, #3169, .T. ) ;
#2788 = CARTESIAN_POINT ( 'NONE',  ( -16.81373379332462648, 4.883837912083918376, -10.00000000000000000 ) ) ;
#2789 = EDGE_CURVE ( 'NONE', #5215, #2127, #1571, .T. ) ;
#2790 = VECTOR ( 'NONE', #4352, 1000.000000000000000 ) ;
#2791 = DIRECTION ( 'NONE',  ( -0.000000000000000000, -0.000000000000000000, 1.000000000000000000 ) ) ;
#2792 = CARTESIAN_POINT ( 'NONE',  ( -10.20790113453313808, -14.98725779627119437, -10.00000000000000000 ) ) ;
#2793 = FACE_OUTER_BOUND ( 'NONE', #174, .T. ) ;
#2794 = DIRECTION ( 'NONE',  ( 0.000000000000000000, -0.000000000000000000, -1.000000000000000000 ) ) ;
#2795 = VERTEX_POINT ( 'NONE', #4415 ) ;
#2796 = VECTOR ( 'NONE', #5220, 1000.000000000000000 ) ;
#2797 = ORIENTED_EDGE ( 'NONE', *, *, #1361, .T. ) ;
#2798 = AXIS2_PLACEMENT_3D ( 'NONE', #4102, #475, #4841 ) ;
#2799 = DIRECTION ( 'NONE',  ( -0.8090169943749465631, -0.5877852522924742473, 0.000000000000000000 ) ) ;
#2800 = DIRECTION ( 'NONE',  ( -0.5877852522924773560, 0.8090169943749443426, 0.000000000000000000 ) ) ;
#2801 = PLANE ( 'NONE',  #1645 ) ;
#2802 = DIRECTION ( 'NONE',  ( 0.8090169943749467851, 0.5877852522924741363, 0.000000000000000000 ) ) ;
#2803 = CIRCLE ( 'NONE', #2962, 0.6250000000000004441 ) ;
#2804 = DIRECTION ( 'NONE',  ( -0.000000000000000000, -0.000000000000000000, 1.000000000000000000 ) ) ;
#2805 = VERTEX_POINT ( 'NONE', #762 ) ;
#2806 = LINE ( 'NONE', #1170, #945 ) ;
#2807 = ORIENTED_EDGE ( 'NONE', *, *, #5093, .T. ) ;
#2808 = FACE_OUTER_BOUND ( 'NONE', #1907, .T. ) ;
#2809 = EDGE_CURVE ( 'NONE', #3885, #513, #294, .T. ) ;
#2810 = CARTESIAN_POINT ( 'NONE',  ( 13.99342959553560028, 11.61968464773368481, -10.00000000000000000 ) ) ;
#2811 = ADVANCED_FACE ( 'NONE', ( #3216 ), #2388, .T. ) ;
#2812 = ORIENTED_EDGE ( 'NONE', *, *, #4364, .F. ) ;
#2813 = DIRECTION ( 'NONE',  ( 0.000000000000000000, 0.000000000000000000, 1.000000000000000000 ) ) ;
#2814 = VERTEX_POINT ( 'NONE', #4161 ) ;
#2815 = EDGE_LOOP ( 'NONE', ( #1143, #1120, #3937, #4 ) ) ;
#2816 = CARTESIAN_POINT ( 'NONE',  ( 4.059519772005860005, 21.62221772207221093, 10.00000000000000000 ) ) ;
#2817 = DIRECTION ( 'NONE',  ( -0.000000000000000000, -0.000000000000000000, 1.000000000000000000 ) ) ;
#2818 = CARTESIAN_POINT ( 'NONE',  ( 0.000000000000000000, 0.000000000000000000, 10.00000000000000000 ) ) ;
#2819 = CARTESIAN_POINT ( 'NONE',  ( 19.19172429998742757, 0.2723438155444882769, -10.00000000000000000 ) ) ;
#2820 = CARTESIAN_POINT ( 'NONE',  ( -17.62565389454300657, -4.491043080150818767, -10.00000000000000000 ) ) ;
#2821 = ORIENTED_EDGE ( 'NONE', *, *, #419, .T. ) ;
#2822 = VERTEX_POINT ( 'NONE', #2820 ) ;
#2823 = DIRECTION ( 'NONE',  ( -5.551115123125781913E-15, 1.000000000000000000, 0.000000000000000000 ) ) ;
#2824 = LINE ( 'NONE', #4445, #4672 ) ;
#2825 = DIRECTION ( 'NONE',  ( -0.5877852522924831291, 0.8090169943749402348, 0.000000000000000000 ) ) ;
#2826 = CARTESIAN_POINT ( 'NONE',  ( 18.16825558712705657, -6.189583320500646302, 10.00000000000000000 ) ) ;
#2827 = AXIS2_PLACEMENT_3D ( 'NONE', #3690, #2561, #4546 ) ;
#2828 = CYLINDRICAL_SURFACE ( 'NONE', #2756, 15.00000000000000000 ) ;
#2829 = DIRECTION ( 'NONE',  ( 1.000000000000000000, 0.000000000000000000, 0.000000000000000000 ) ) ;
#2830 = ORIENTED_EDGE ( 'NONE', *, *, #697, .F. ) ;
#2831 = DIRECTION ( 'NONE',  ( 1.000000000000000000, 0.000000000000000000, 0.000000000000000000 ) ) ;
#2832 = ORIENTED_EDGE ( 'NONE', *, *, #1034, .T. ) ;
#2833 = DIRECTION ( 'NONE',  ( 1.000000000000000000, 0.000000000000000000, 0.000000000000000000 ) ) ;
#2834 = ORIENTED_EDGE ( 'NONE', *, *, #3091, .F. ) ;
#2835 = ORIENTED_EDGE ( 'NONE', *, *, #2585, .F. ) ;
#2836 = DIRECTION ( 'NONE',  ( 1.000000000000000000, 0.000000000000000000, 0.000000000000000000 ) ) ;
#2837 = EDGE_CURVE ( 'NONE', #589, #4466, #4560, .T. ) ;
#2838 = AXIS2_PLACEMENT_3D ( 'NONE', #915, #1709, #3318 ) ;
#2839 = CARTESIAN_POINT ( 'NONE',  ( 0.2723438155440189856, 19.19172429998743468, 10.00000000000000000 ) ) ;
#2840 = DIRECTION ( 'NONE',  ( 0.8090169943749467851, 0.5877852522924741363, 0.000000000000000000 ) ) ;
#2841 = PLANE ( 'NONE',  #3585 ) ;
#2842 = DIRECTION ( 'NONE',  ( 0.000000000000000000, -0.000000000000000000, 1.000000000000000000 ) ) ;
#2843 = ORIENTED_EDGE ( 'NONE', *, *, #4906, .T. ) ;
#2844 = CIRCLE ( 'NONE', #103, 0.6250000000000001110 ) ;
#2845 = AXIS2_PLACEMENT_3D ( 'NONE', #2051, #2430, #858 ) ;
#2846 = ORIENTED_EDGE ( 'NONE', *, *, #1181, .F. ) ;
#2847 = EDGE_CURVE ( 'NONE', #4746, #1033, #1396, .T. ) ;
#2848 = DIRECTION ( 'NONE',  ( -0.3090169943749515591, 0.9510565162951523099, 0.000000000000000000 ) ) ;
#2849 = DIRECTION ( 'NONE',  ( 1.000000000000000000, 0.000000000000000000, 0.000000000000000000 ) ) ;
#2850 = AXIS2_PLACEMENT_3D ( 'NONE', #5219, #4435, #779 ) ;
#2851 = DIRECTION ( 'NONE',  ( -0.000000000000000000, -0.000000000000000000, 1.000000000000000000 ) ) ;
#2852 = DIRECTION ( 'NONE',  ( 0.000000000000000000, 0.000000000000000000, 1.000000000000000000 ) ) ;
#2853 = VECTOR ( 'NONE', #5063, 1000.000000000000000 ) ;
#2854 = CARTESIAN_POINT ( 'NONE',  ( -6.726769246911835864, 16.89922242757905124, 10.00000000000000000 ) ) ;
#2855 = DIRECTION ( 'NONE',  ( 0.000000000000000000, -0.000000000000000000, 1.000000000000000000 ) ) ;
#2856 = VERTEX_POINT ( 'NONE', #3391 ) ;
#2857 = DIRECTION ( 'NONE',  ( 0.000000000000000000, -0.000000000000000000, 1.000000000000000000 ) ) ;
#2858 = ORIENTED_EDGE ( 'NONE', *, *, #163, .F. ) ;
#2859 = CIRCLE ( 'NONE', #4216, 4.500000000000000000 ) ;
#2860 = DIRECTION ( 'NONE',  ( 1.000000000000000000, 0.000000000000000000, 0.000000000000000000 ) ) ;
#2861 = ORIENTED_EDGE ( 'NONE', *, *, #5227, .F. ) ;
#2862 = ORIENTED_EDGE ( 'NONE', *, *, #2142, .T. ) ;
#2863 = FACE_OUTER_BOUND ( 'NONE', #4669, .T. ) ;
#2864 = EDGE_CURVE ( 'NONE', #2127, #1085, #3784, .T. ) ;
#2865 = DIRECTION ( 'NONE',  ( -0.000000000000000000, 0.000000000000000000, -1.000000000000000000 ) ) ;
#2866 = CARTESIAN_POINT ( 'NONE',  ( -10.20790113453324466, 14.98725779627112686, 10.00000000000000000 ) ) ;
#2867 = CARTESIAN_POINT ( 'NONE',  ( -4.491043080150753930, 17.62565389454302434, 10.00000000000000000 ) ) ;
#2868 = AXIS2_PLACEMENT_3D ( 'NONE', #1242, #4659, #3747 ) ;
#2869 = ORIENTED_EDGE ( 'NONE', *, *, #584, .T. ) ;
#2870 = CIRCLE ( 'NONE', #4920, 4.500000000000001776 ) ;
#2871 = EDGE_CURVE ( 'NONE', #3187, #4854, #179, .T. ) ;
#2872 = EDGE_CURVE ( 'NONE', #1203, #2884, #932, .T. ) ;
#2873 = EDGE_CURVE ( 'NONE', #3655, #2586, #4992, .T. ) ;
#2874 = ORIENTED_EDGE ( 'NONE', *, *, #1760, .F. ) ;
#2875 = CARTESIAN_POINT ( 'NONE',  ( -16.47324427700575811, -5.931756891039271729, -10.00000000000000000 ) ) ;
#2876 = DIRECTION ( 'NONE',  ( 0.3090169943749380144, 0.9510565162951566398, 0.000000000000000000 ) ) ;
#2877 = CIRCLE ( 'NONE', #137, 7.500000000000000000 ) ;
#2878 = EDGE_CURVE ( 'NONE', #229, #3693, #4477, .T. ) ;
#2879 = EDGE_CURVE ( 'NONE', #4728, #3510, #3415, .T. ) ;
#2880 = CARTESIAN_POINT ( 'NONE',  ( -5.931756891039211332, 16.47324427700577232, 10.00000000000000000 ) ) ;
#2881 = DIRECTION ( 'NONE',  ( 1.000000000000000000, 0.000000000000000000, 0.000000000000000000 ) ) ;
#2882 = DIRECTION ( 'NONE',  ( -0.9510565162951555296, 0.3090169943749411785, 0.000000000000000000 ) ) ;
#2883 = DIRECTION ( 'NONE',  ( 0.000000000000000000, 0.000000000000000000, 1.000000000000000000 ) ) ;
#2884 = VERTEX_POINT ( 'NONE', #855 ) ;
#2885 = CARTESIAN_POINT ( 'NONE',  ( 17.40814411600912592, -5.076973533568140518, -10.00000000000000000 ) ) ;
#2886 = AXIS2_PLACEMENT_3D ( 'NONE', #5008, #1821, #5088 ) ;
#2887 = ADVANCED_FACE ( 'NONE', ( #2400 ), #73, .F. ) ;
#2888 = DIRECTION ( 'NONE',  ( 0.000000000000000000, 0.000000000000000000, -1.000000000000000000 ) ) ;
#2889 = ORIENTED_EDGE ( 'NONE', *, *, #1817, .F. ) ;
#2890 = EDGE_LOOP ( 'NONE', ( #4120, #2217, #994, #2148 ) ) ;
#2891 = DIRECTION ( 'NONE',  ( 1.000000000000000000, 0.000000000000000000, 0.000000000000000000 ) ) ;
#2892 = AXIS2_PLACEMENT_3D ( 'NONE', #4907, #1235, #4041 ) ;
#2893 = CARTESIAN_POINT ( 'NONE',  ( -21.62221772207217185, 4.059519772006082050, -10.00000000000000000 ) ) ;
#2894 = CARTESIAN_POINT ( 'NONE',  ( 9.840535351850233425, 14.48162217478692426, -10.00000000000000000 ) ) ;
#2895 = DIRECTION ( 'NONE',  ( -0.8090169943749421222, -0.5877852522924804646, 0.000000000000000000 ) ) ;
#2896 = CARTESIAN_POINT ( 'NONE',  ( -17.50000000000000711, 0.5509236102168209026, 10.00000000000000000 ) ) ;
#2897 = ORIENTED_EDGE ( 'NONE', *, *, #4761, .T. ) ;
#2898 = ORIENTED_EDGE ( 'NONE', *, *, #2343, .T. ) ;
#2899 = DIRECTION ( 'NONE',  ( -0.000000000000000000, 0.000000000000000000, -1.000000000000000000 ) ) ;
#2900 = CARTESIAN_POINT ( 'NONE',  ( 18.15080162460476743, 1.175390804045340243, -10.00000000000000000 ) ) ;
#2901 = DIRECTION ( 'NONE',  ( -0.8090169943749503378, 0.5877852522924692513, 0.000000000000000000 ) ) ;
#2902 = LINE ( 'NONE', #4528, #641 ) ;
#2903 = ADVANCED_FACE ( 'NONE', ( #4482 ), #799, .F. ) ;
#2904 = EDGE_CURVE ( 'NONE', #5190, #3706, #2164, .T. ) ;
#2905 = VECTOR ( 'NONE', #1142, 1000.000000000000000 ) ;
#2906 = FACE_OUTER_BOUND ( 'NONE', #1898, .T. ) ;
#2907 = DIRECTION ( 'NONE',  ( -0.9510565162951563067, 0.3090169943749390691, 0.000000000000000000 ) ) ;
#2908 = CARTESIAN_POINT ( 'NONE',  ( 19.87886744660654159, -9.425000214336693105, -10.00000000000000000 ) ) ;
#2909 = ORIENTED_EDGE ( 'NONE', *, *, #3030, .F. ) ;
#2910 = CARTESIAN_POINT ( 'NONE',  ( 0.5509236102168820759, -18.12500000000000711, -10.00000000000000000 ) ) ;
#2911 = VECTOR ( 'NONE', #3803, 1000.000000000000000 ) ;
#2912 = ADVANCED_FACE ( 'NONE', ( #1297 ), #5266, .F. ) ;
#2913 = CARTESIAN_POINT ( 'NONE',  ( -11.06028173450748220, 15.68651078837845070, -10.00000000000000000 ) ) ;
#2914 = ORIENTED_EDGE ( 'NONE', *, *, #4559, .F. ) ;
#2915 = ORIENTED_EDGE ( 'NONE', *, *, #5024, .F. ) ;
#2916 = DIRECTION ( 'NONE',  ( 0.3090169943749580539, -0.9510565162951503115, 0.000000000000000000 ) ) ;
#2917 = CARTESIAN_POINT ( 'NONE',  ( -0.5509236102168820759, -17.50000000000000355, -10.00000000000000000 ) ) ;
#2918 = FACE_OUTER_BOUND ( 'NONE', #5105, .T. ) ;
#2919 = CYLINDRICAL_SURFACE ( 'NONE', #1871, 0.6250000000000005551 ) ;
#2920 = DIRECTION ( 'NONE',  ( 1.000000000000000000, 0.000000000000000000, 0.000000000000000000 ) ) ;
#2921 = ORIENTED_EDGE ( 'NONE', *, *, #1139, .F. ) ;
#2922 = ORIENTED_EDGE ( 'NONE', *, *, #1791, .T. ) ;
#2923 = AXIS2_PLACEMENT_3D ( 'NONE', #3727, #501, #4126 ) ;
#2924 = DIRECTION ( 'NONE',  ( 0.5877852522924722489, 0.8090169943749478954, 0.000000000000000000 ) ) ;
#2925 = CARTESIAN_POINT ( 'NONE',  ( 9.717862376724525575, -15.37518435613151979, 10.00000000000000000 ) ) ;
#2926 = CARTESIAN_POINT ( 'NONE',  ( -11.09931426106885510, -14.33960824982077931, -10.00000000000000000 ) ) ;
#2927 = AXIS2_PLACEMENT_3D ( 'NONE', #5244, #5132, #3918 ) ;
#2928 = CARTESIAN_POINT ( 'NONE',  ( -17.06765459969027177, 6.124892512523492982, 10.00000000000000000 ) ) ;
#2929 = VECTOR ( 'NONE', #1611, 1000.000000000000000 ) ;
#2930 = DIRECTION ( 'NONE',  ( 0.000000000000000000, 0.000000000000000000, 1.000000000000000000 ) ) ;
#2931 = DIRECTION ( 'NONE',  ( -0.9510565162951511997, -0.3090169943749548342, 0.000000000000000000 ) ) ;
#2932 = DIRECTION ( 'NONE',  ( -0.000000000000000000, 0.000000000000000000, 1.000000000000000000 ) ) ;
#2933 = EDGE_LOOP ( 'NONE', ( #1354, #2101, #4853, #119 ) ) ;
#2934 = ADVANCED_FACE ( 'NONE', ( #14 ), #879, .F. ) ;
#2935 = EDGE_CURVE ( 'NONE', #3471, #1440, #2859, .T. ) ;
#2936 = FACE_OUTER_BOUND ( 'NONE', #528, .T. ) ;
#2937 = VERTEX_POINT ( 'NONE', #4158 ) ;
#2938 = DIRECTION ( 'NONE',  ( -0.000000000000000000, 0.000000000000000000, -1.000000000000000000 ) ) ;
#2939 = ORIENTED_EDGE ( 'NONE', *, *, #2043, .T. ) ;
#2940 = CARTESIAN_POINT ( 'NONE',  ( 4.883837912084096899, -16.81373379332456963, -10.00000000000000000 ) ) ;
#2941 = AXIS2_PLACEMENT_3D ( 'NONE', #3527, #1048, #2678 ) ;
#2942 = DIRECTION ( 'NONE',  ( -0.000000000000000000, -0.000000000000000000, 1.000000000000000000 ) ) ;
#2943 = CARTESIAN_POINT ( 'NONE',  ( 17.06765459969017940, 6.124892512523734567, 10.00000000000000000 ) ) ;
#2944 = ORIENTED_EDGE ( 'NONE', *, *, #1985, .T. ) ;
#2945 = EDGE_LOOP ( 'NONE', ( #1705, #1729, #1513, #356 ) ) ;
#2946 = AXIS2_PLACEMENT_3D ( 'NONE', #453, #2857, #3252 ) ;
#2947 = AXIS2_PLACEMENT_3D ( 'NONE', #2091, #3721, #2849 ) ;
#2948 = ORIENTED_EDGE ( 'NONE', *, *, #4722, .F. ) ;
#2949 = AXIS2_PLACEMENT_3D ( 'NONE', #4234, #175, #252 ) ;
#2950 = DIRECTION ( 'NONE',  ( -0.5877852522924660317, -0.8090169943749525583, 0.000000000000000000 ) ) ;
#2951 = CARTESIAN_POINT ( 'NONE',  ( -17.50000000000000000, -0.5509236102169453586, -10.00000000000000000 ) ) ;
#2952 = DIRECTION ( 'NONE',  ( -0.000000000000000000, -0.000000000000000000, 1.000000000000000000 ) ) ;
#2953 = AXIS2_PLACEMENT_3D ( 'NONE', #2114, #4982, #2974 ) ;
#2954 = DIRECTION ( 'NONE',  ( 0.5877852522924722489, 0.8090169943749478954, 0.000000000000000000 ) ) ;
#2955 = DIRECTION ( 'NONE',  ( 0.000000000000000000, 0.000000000000000000, -1.000000000000000000 ) ) ;
#2956 = CARTESIAN_POINT ( 'NONE',  ( -18.16825558712700683, 6.189583320500782193, 10.00000000000000000 ) ) ;
#2957 = CARTESIAN_POINT ( 'NONE',  ( -0.5509236102168820759, 17.50000000000000355, -10.00000000000000000 ) ) ;
#2958 = ORIENTED_EDGE ( 'NONE', *, *, #4602, .T. ) ;
#2959 = AXIS2_PLACEMENT_3D ( 'NONE', #3006, #5014, #3776 ) ;
#2960 = LINE ( 'NONE', #3013, #2982 ) ;
#2961 = ORIENTED_EDGE ( 'NONE', *, *, #4912, .T. ) ;
#2962 = AXIS2_PLACEMENT_3D ( 'NONE', #2012, #3642, #5284 ) ;
#2963 = ORIENTED_EDGE ( 'NONE', *, *, #5046, .F. ) ;
#2964 = DIRECTION ( 'NONE',  ( -0.000000000000000000, 0.000000000000000000, 1.000000000000000000 ) ) ;
#2965 = EDGE_CURVE ( 'NONE', #2352, #98, #3283, .T. ) ;
#2966 = FACE_OUTER_BOUND ( 'NONE', #961, .T. ) ;
#2967 = FACE_OUTER_BOUND ( 'NONE', #4057, .T. ) ;
#2968 = VERTEX_POINT ( 'NONE', #928 ) ;
#2969 = VERTEX_POINT ( 'NONE', #529 ) ;
#2970 = EDGE_CURVE ( 'NONE', #3312, #4637, #2086, .T. ) ;
#2971 = EDGE_CURVE ( 'NONE', #5217, #2805, #4654, .T. ) ;
#2972 = VECTOR ( 'NONE', #2253, 1000.000000000000000 ) ;
#2973 = VERTEX_POINT ( 'NONE', #5017 ) ;
#2974 = DIRECTION ( 'NONE',  ( 1.000000000000000000, 0.000000000000000000, 0.000000000000000000 ) ) ;
#2975 = DIRECTION ( 'NONE',  ( 0.000000000000000000, -0.000000000000000000, 1.000000000000000000 ) ) ;
#2976 = DIRECTION ( 'NONE',  ( 0.000000000000000000, -0.000000000000000000, 1.000000000000000000 ) ) ;
#2977 = LINE ( 'NONE', #4607, #287 ) ;
#2978 = DIRECTION ( 'NONE',  ( -0.3090169943749383474, -0.9510565162951566398, 0.000000000000000000 ) ) ;
#2979 = LINE ( 'NONE', #3802, #1591 ) ;
#2980 = CARTESIAN_POINT ( 'NONE',  ( 4.883837912083744293, 16.81373379332467266, 10.00000000000000000 ) ) ;
#2981 = ORIENTED_EDGE ( 'NONE', *, *, #1619, .F. ) ;
#2982 = VECTOR ( 'NONE', #984, 1000.000000000000000 ) ;
#2983 = ORIENTED_EDGE ( 'NONE', *, *, #251, .F. ) ;
#2984 = CARTESIAN_POINT ( 'NONE',  ( 0.000000000000000000, 0.000000000000000000, 5.000000000000000000 ) ) ;
#2985 = CIRCLE ( 'NONE', #3336, 0.6249999999999997780 ) ;
#2986 = AXIS2_PLACEMENT_3D ( 'NONE', #2984, #4588, #2581 ) ;
#2987 = ORIENTED_EDGE ( 'NONE', *, *, #149, .T. ) ;
#2988 = ORIENTED_EDGE ( 'NONE', *, *, #4960, .F. ) ;
#2989 = AXIS2_PLACEMENT_3D ( 'NONE', #3565, #307, #248 ) ;
#2990 = ORIENTED_EDGE ( 'NONE', *, *, #4091, .T. ) ;
#2991 = CIRCLE ( 'NONE', #3337, 0.6249999999999998890 ) ;
#2992 = DIRECTION ( 'NONE',  ( 0.000000000000000000, 0.000000000000000000, -1.000000000000000000 ) ) ;
#2993 = FACE_OUTER_BOUND ( 'NONE', #4603, .T. ) ;
#2994 = VERTEX_POINT ( 'NONE', #4260 ) ;
#2995 = EDGE_CURVE ( 'NONE', #2532, #2514, #2608, .T. ) ;
#2996 = ORIENTED_EDGE ( 'NONE', *, *, #3622, .T. ) ;
#2997 = FACE_OUTER_BOUND ( 'NONE', #3431, .T. ) ;
#2998 = LINE ( 'NONE', #520, #1253 ) ;
#2999 = EDGE_CURVE ( 'NONE', #3384, #5016, #130, .T. ) ;
#3000 = LINE ( 'NONE', #3378, #4542 ) ;
#3001 = DIRECTION ( 'NONE',  ( 0.000000000000000000, 0.000000000000000000, 1.000000000000000000 ) ) ;
#3002 = VECTOR ( 'NONE', #487, 1000.000000000000000 ) ;
#3003 = VERTEX_POINT ( 'NONE', #2174 ) ;
#3004 = ADVANCED_FACE ( 'NONE', ( #3805 ), #980, .F. ) ;
#3005 = CARTESIAN_POINT ( 'NONE',  ( 14.98725779627101140, 10.20790113453340453, 10.00000000000000000 ) ) ;
#3006 = CARTESIAN_POINT ( 'NONE',  ( -18.12500000000000355, -0.5509236102169453586, -10.00000000000000000 ) ) ;
#3007 = AXIS2_PLACEMENT_3D ( 'NONE', #1646, #1595, #48 ) ;
#3008 = CARTESIAN_POINT ( 'NONE',  ( -9.425000214336900939, 19.87886744660644922, -10.00000000000000000 ) ) ;
#3009 = EDGE_LOOP ( 'NONE', ( #2638, #937, #3084, #4710 ) ) ;
#3010 = EDGE_CURVE ( 'NONE', #878, #3982, #1107, .T. ) ;
#3011 = CIRCLE ( 'NONE', #5058, 15.00000000000000000 ) ;
#3012 = ORIENTED_EDGE ( 'NONE', *, *, #1950, .F. ) ;
#3013 = CARTESIAN_POINT ( 'NONE',  ( -0.7499999999999992228, 8.250000000000000000, -10.00000000000000000 ) ) ;
#3014 = ORIENTED_EDGE ( 'NONE', *, *, #484, .T. ) ;
#3015 = CIRCLE ( 'NONE', #3858, 15.00000000000000000 ) ;
#3016 = ORIENTED_EDGE ( 'NONE', *, *, #822, .T. ) ;
#3017 = CARTESIAN_POINT ( 'NONE',  ( 15.99344118344486354, 15.10661573985682082, -10.00000000000000000 ) ) ;
#3018 = CARTESIAN_POINT ( 'NONE',  ( 0.7500000000000000000, 7.462405778299650017, 10.00000000000000000 ) ) ;
#3019 = ORIENTED_EDGE ( 'NONE', *, *, #2809, .T. ) ;
#3020 = ORIENTED_EDGE ( 'NONE', *, *, #3025, .T. ) ;
#3021 = LINE ( 'NONE', #5087, #642 ) ;
#3022 = CARTESIAN_POINT ( 'NONE',  ( -11.61968464773353560, 13.99342959553572818, -10.00000000000000000 ) ) ;
#3023 = CYLINDRICAL_SURFACE ( 'NONE', #1723, 4.500000000000000888 ) ;
#3024 = LINE ( 'NONE', #1075, #632 ) ;
#3025 = EDGE_CURVE ( 'NONE', #4233, #4129, #299, .T. ) ;
#3026 = VECTOR ( 'NONE', #4096, 1000.000000000000000 ) ;
#3027 = EDGE_CURVE ( 'NONE', #3919, #5217, #555, .T. ) ;
#3028 = ORIENTED_EDGE ( 'NONE', *, *, #21, .F. ) ;
#3029 = AXIS2_PLACEMENT_3D ( 'NONE', #5121, #2256, #2337 ) ;
#3030 = EDGE_CURVE ( 'NONE', #3887, #1590, #4481, .T. ) ;
#3031 = EDGE_CURVE ( 'NONE', #5282, #5111, #4306, .T. ) ;
#3032 = FACE_OUTER_BOUND ( 'NONE', #1374, .T. ) ;
#3033 = CARTESIAN_POINT ( 'NONE',  ( -16.47324427700579719, 5.931756891039152713, -10.00000000000000000 ) ) ;
#3034 = ORIENTED_EDGE ( 'NONE', *, *, #2344, .F. ) ;
#3035 = DIRECTION ( 'NONE',  ( 0.5877852522924654766, 0.8090169943749531134, 0.000000000000000000 ) ) ;
#3036 = AXIS2_PLACEMENT_3D ( 'NONE', #1794, #4550, #1363 ) ;
#3037 = ORIENTED_EDGE ( 'NONE', *, *, #2199, .T. ) ;
#3038 = CARTESIAN_POINT ( 'NONE',  ( 15.99344118344486354, 15.10661573985682082, 10.00000000000000000 ) ) ;
#3039 = ORIENTED_EDGE ( 'NONE', *, *, #2383, .F. ) ;
#3040 = CIRCLE ( 'NONE', #3118, 0.6250000000000006661 ) ;
#3041 = ORIENTED_EDGE ( 'NONE', *, *, #2965, .F. ) ;
#3042 = ADVANCED_FACE ( 'NONE', ( #4285 ), #1902, .F. ) ;
#3043 = ORIENTED_EDGE ( 'NONE', *, *, #1617, .F. ) ;
#3044 = DIRECTION ( 'NONE',  ( 0.000000000000000000, 0.000000000000000000, 1.000000000000000000 ) ) ;
#3045 = ORIENTED_EDGE ( 'NONE', *, *, #3169, .F. ) ;
#3046 = LINE ( 'NONE', #4620, #4283 ) ;
#3047 = ORIENTED_EDGE ( 'NONE', *, *, #4402, .F. ) ;
#3048 = ORIENTED_EDGE ( 'NONE', *, *, #2221, .F. ) ;
#3049 = DIRECTION ( 'NONE',  ( -0.000000000000000000, -0.000000000000000000, 1.000000000000000000 ) ) ;
#3050 = CIRCLE ( 'NONE', #2368, 15.00000000000000000 ) ;
#3051 = DIRECTION ( 'NONE',  ( 0.000000000000000000, 0.000000000000000000, 1.000000000000000000 ) ) ;
#3052 = CARTESIAN_POINT ( 'NONE',  ( 16.81373379332455187, 4.883837912084155519, -10.00000000000000000 ) ) ;
#3053 = DIRECTION ( 'NONE',  ( -0.000000000000000000, -0.000000000000000000, -1.000000000000000000 ) ) ;
#3054 = DIRECTION ( 'NONE',  ( -1.000000000000000000, 0.000000000000000000, 0.000000000000000000 ) ) ;
#3055 = AXIS2_PLACEMENT_3D ( 'NONE', #5240, #3995, #2831 ) ;
#3056 = ORIENTED_EDGE ( 'NONE', *, *, #240, .F. ) ;
#3057 = DIRECTION ( 'NONE',  ( -0.000000000000000000, 0.000000000000000000, -1.000000000000000000 ) ) ;
#3058 = CYLINDRICAL_SURFACE ( 'NONE', #4786, 4.500000000000000888 ) ;
#3059 = CARTESIAN_POINT ( 'NONE',  ( 5.931756891038983071, 16.47324427700585403, -10.00000000000000000 ) ) ;
#3060 = ADVANCED_FACE ( 'NONE', ( #338 ), #628, .F. ) ;
#3061 = EDGE_CURVE ( 'NONE', #258, #629, #46, .T. ) ;
#3062 = CYLINDRICAL_SURFACE ( 'NONE', #1783, 0.6250000000000005551 ) ;
#3063 = VERTEX_POINT ( 'NONE', #4396 ) ;
#3064 = DIRECTION ( 'NONE',  ( -0.000000000000000000, 0.000000000000000000, 1.000000000000000000 ) ) ;
#3065 = VERTEX_POINT ( 'NONE', #2367 ) ;
#3066 = ORIENTED_EDGE ( 'NONE', *, *, #1152, .T. ) ;
#3067 = EDGE_CURVE ( 'NONE', #479, #1592, #1964, .T. ) ;
#3068 = CIRCLE ( 'NONE', #4095, 0.6250000000000004441 ) ;
#3069 = LINE ( 'NONE', #1813, #2363 ) ;
#3070 = DIRECTION ( 'NONE',  ( -0.000000000000000000, -0.000000000000000000, -1.000000000000000000 ) ) ;
#3071 = EDGE_LOOP ( 'NONE', ( #4616, #4721, #5150, #611 ) ) ;
#3072 = ORIENTED_EDGE ( 'NONE', *, *, #5055, .T. ) ;
#3073 = LINE ( 'NONE', #3126, #5000 ) ;
#3074 = CARTESIAN_POINT ( 'NONE',  ( 9.425000214336623827, 19.87886744660657712, 10.00000000000000000 ) ) ;
#3075 = CARTESIAN_POINT ( 'NONE',  ( -0.5509236102168820759, -18.12500000000000711, -10.00000000000000000 ) ) ;
#3076 = DIRECTION ( 'NONE',  ( -0.000000000000000000, -0.000000000000000000, 1.000000000000000000 ) ) ;
#3077 = ORIENTED_EDGE ( 'NONE', *, *, #3813, .F. ) ;
#3078 = CARTESIAN_POINT ( 'NONE',  ( 0.000000000000000000, 0.000000000000000000, 10.00000000000000000 ) ) ;
#3079 = CARTESIAN_POINT ( 'NONE',  ( 19.30949046277837056, -10.54246546439073207, -10.00000000000000000 ) ) ;
#3080 = CYLINDRICAL_SURFACE ( 'NONE', #684, 0.6250000000000005551 ) ;
#3081 = FACE_BOUND ( 'NONE', #4557, .T. ) ;
#3082 = EDGE_CURVE ( 'NONE', #3961, #1959, #3535, .T. ) ;
#3083 = AXIS2_PLACEMENT_3D ( 'NONE', #193, #3875, #3851 ) ;
#3084 = ORIENTED_EDGE ( 'NONE', *, *, #126, .T. ) ;
#3085 = CARTESIAN_POINT ( 'NONE',  ( -9.840535351850345336, -14.48162217478685143, 10.00000000000000000 ) ) ;
#3086 = EDGE_LOOP ( 'NONE', ( #1818, #2861, #2765, #4401 ) ) ;
#3087 = ORIENTED_EDGE ( 'NONE', *, *, #5227, .T. ) ;
#3088 = CIRCLE ( 'NONE', #2578, 0.6250000000000002220 ) ;
#3089 = EDGE_CURVE ( 'NONE', #4680, #1534, #3883, .T. ) ;
#3090 = ADVANCED_FACE ( 'NONE', ( #3081, #2684 ), #1877, .F. ) ;
#3091 = EDGE_CURVE ( 'NONE', #431, #1597, #818, .T. ) ;
#3092 = CIRCLE ( 'NONE', #5241, 4.500000000000001776 ) ;
#3093 = LINE ( 'NONE', #1013, #4667 ) ;
#3094 = EDGE_CURVE ( 'NONE', #1758, #2973, #3960, .T. ) ;
#3095 = CARTESIAN_POINT ( 'NONE',  ( 15.37518435613170098, -9.717862376724246687, 10.00000000000000000 ) ) ;
#3096 = ORIENTED_EDGE ( 'NONE', *, *, #4327, .F. ) ;
#3097 = ORIENTED_EDGE ( 'NONE', *, *, #4804, .F. ) ;
#3098 = CARTESIAN_POINT ( 'NONE',  ( -18.16825558712696775, -6.189583320500910091, 10.00000000000000000 ) ) ;
#3099 = DIRECTION ( 'NONE',  ( 1.000000000000000000, 0.000000000000000000, 0.000000000000000000 ) ) ;
#3100 = CARTESIAN_POINT ( 'NONE',  ( -6.726769246911714184, -16.89922242757909387, -10.00000000000000000 ) ) ;
#3101 = CARTESIAN_POINT ( 'NONE',  ( 0.000000000000000000, 0.000000000000000000, 10.00000000000000000 ) ) ;
#3102 = DIRECTION ( 'NONE',  ( 0.000000000000000000, 0.000000000000000000, 1.000000000000000000 ) ) ;
#3103 = CARTESIAN_POINT ( 'NONE',  ( 0.000000000000000000, 0.000000000000000000, -10.00000000000000000 ) ) ;
#3104 = VECTOR ( 'NONE', #4903, 1000.000000000000000 ) ;
#3105 = ORIENTED_EDGE ( 'NONE', *, *, #2743, .T. ) ;
#3106 = VECTOR ( 'NONE', #1808, 1000.000000000000000 ) ;
#3107 = DIRECTION ( 'NONE',  ( -0.000000000000000000, -0.000000000000000000, 1.000000000000000000 ) ) ;
#3108 = LINE ( 'NONE', #2335, #2518 ) ;
#3109 = CARTESIAN_POINT ( 'NONE',  ( 13.83397262833624275, 10.73194847838630928, -10.00000000000000000 ) ) ;
#3110 = DIRECTION ( 'NONE',  ( 0.000000000000000000, 0.000000000000000000, 1.000000000000000000 ) ) ;
#3111 = AXIS2_PLACEMENT_3D ( 'NONE', #1990, #4099, #3698 ) ;
#3112 = AXIS2_PLACEMENT_3D ( 'NONE', #2471, #2852, #4476 ) ;
#3113 = ORIENTED_EDGE ( 'NONE', *, *, #673, .F. ) ;
#3114 = CARTESIAN_POINT ( 'NONE',  ( -5.931756891039212221, 16.47324427700577232, 10.00000000000000000 ) ) ;
#3115 = ORIENTED_EDGE ( 'NONE', *, *, #324, .T. ) ;
#3116 = EDGE_LOOP ( 'NONE', ( #3177, #3147, #1058, #188 ) ) ;
#3117 = AXIS2_PLACEMENT_3D ( 'NONE', #4383, #1460, #327 ) ;
#3118 = AXIS2_PLACEMENT_3D ( 'NONE', #991, #1331, #914 ) ;
#3119 = CARTESIAN_POINT ( 'NONE',  ( -14.48162217478681590, 9.840535351850393297, 10.00000000000000000 ) ) ;
#3120 = FACE_OUTER_BOUND ( 'NONE', #2623, .T. ) ;
#3121 = ORIENTED_EDGE ( 'NONE', *, *, #2935, .F. ) ;
#3122 = ORIENTED_EDGE ( 'NONE', *, *, #2607, .T. ) ;
#3123 = CARTESIAN_POINT ( 'NONE',  ( -17.40814411600906197, -5.076973533568382990, -10.00000000000000000 ) ) ;
#3124 = CIRCLE ( 'NONE', #140, 0.6250000000000001110 ) ;
#3125 = EDGE_CURVE ( 'NONE', #2061, #1440, #3140, .T. ) ;
#3126 = CARTESIAN_POINT ( 'NONE',  ( -17.62565389454300657, -4.491043080150818767, -10.00000000000000000 ) ) ;
#3127 = FACE_OUTER_BOUND ( 'NONE', #4931, .T. ) ;
#3128 = CARTESIAN_POINT ( 'NONE',  ( 15.00000000000000000, 1.836970198721029589E-15, -10.00000000000000000 ) ) ;
#3129 = CYLINDRICAL_SURFACE ( 'NONE', #1830, 22.00000000000000000 ) ;
#3130 = ORIENTED_EDGE ( 'NONE', *, *, #5229, .T. ) ;
#3131 = EDGE_CURVE ( 'NONE', #2053, #2731, #3931, .T. ) ;
#3132 = AXIS2_PLACEMENT_3D ( 'NONE', #3377, #592, #4252 ) ;
#3133 = EDGE_CURVE ( 'NONE', #1113, #3575, #1664, .T. ) ;
#3134 = CARTESIAN_POINT ( 'NONE',  ( 4.059519772006312088, -21.62221772207212211, 10.00000000000000000 ) ) ;
#3135 = EDGE_CURVE ( 'NONE', #2856, #4131, #4138, .T. ) ;
#3136 = ORIENTED_EDGE ( 'NONE', *, *, #3515, .F. ) ;
#3137 = DIRECTION ( 'NONE',  ( -0.000000000000000000, -0.000000000000000000, 1.000000000000000000 ) ) ;
#3138 = DIRECTION ( 'NONE',  ( -0.8090169943749503378, 0.5877852522924692513, 0.000000000000000000 ) ) ;
#3139 = DIRECTION ( 'NONE',  ( 0.5877852522924830181, -0.8090169943749402348, 0.000000000000000000 ) ) ;
#3140 = LINE ( 'NONE', #2311, #3456 ) ;
#3141 = ORIENTED_EDGE ( 'NONE', *, *, #2743, .F. ) ;
#3142 = CYLINDRICAL_SURFACE ( 'NONE', #4873, 4.500000000000000888 ) ;
#3143 = VERTEX_POINT ( 'NONE', #2067 ) ;
#3144 = ORIENTED_EDGE ( 'NONE', *, *, #1917, .F. ) ;
#3145 = EDGE_CURVE ( 'NONE', #2663, #395, #2167, .T. ) ;
#3146 = DIRECTION ( 'NONE',  ( -0.3090169943749580539, 0.9510565162951503115, 0.000000000000000000 ) ) ;
#3147 = ORIENTED_EDGE ( 'NONE', *, *, #3800, .T. ) ;
#3148 = CARTESIAN_POINT ( 'NONE',  ( 0.5509236102168820759, 18.12500000000000711, 10.00000000000000000 ) ) ;
#3149 = ORIENTED_EDGE ( 'NONE', *, *, #5221, .F. ) ;
#3150 = ORIENTED_EDGE ( 'NONE', *, *, #1523, .T. ) ;
#3151 = DIRECTION ( 'NONE',  ( 1.000000000000000000, 0.000000000000000000, 0.000000000000000000 ) ) ;
#3152 = AXIS2_PLACEMENT_3D ( 'NONE', #2315, #5101, #1112 ) ;
#3153 = CARTESIAN_POINT ( 'NONE',  ( -16.89922242757907611, 6.726769246911778133, -10.00000000000000000 ) ) ;
#3154 = EDGE_CURVE ( 'NONE', #4160, #4618, #1234, .T. ) ;
#3155 = CARTESIAN_POINT ( 'NONE',  ( 19.19172429998743468, -0.2723438155440866537, -10.00000000000000000 ) ) ;
#3156 = LINE ( 'NONE', #1436, #2105 ) ;
#3157 = DIRECTION ( 'NONE',  ( 0.9510565162951533091, 0.3090169943749481174, 0.000000000000000000 ) ) ;
#3158 = ORIENTED_EDGE ( 'NONE', *, *, #334, .T. ) ;
#3159 = CIRCLE ( 'NONE', #1109, 7.500000000000000000 ) ;
#3160 = DIRECTION ( 'NONE',  ( -0.000000000000000000, -0.000000000000000000, 1.000000000000000000 ) ) ;
#3161 = CIRCLE ( 'NONE', #1531, 0.6250000000000006661 ) ;
#3162 = VERTEX_POINT ( 'NONE', #2448 ) ;
#3163 = EDGE_CURVE ( 'NONE', #2564, #3455, #3205, .T. ) ;
#3164 = ADVANCED_FACE ( 'NONE', ( #3671 ), #1584, .T. ) ;
#3165 = CARTESIAN_POINT ( 'NONE',  ( 18.12500000000000000, 0.5509236102170719240, -10.00000000000000000 ) ) ;
#3166 = CARTESIAN_POINT ( 'NONE',  ( -11.09931426106895636, 14.33960824982070470, -10.00000000000000000 ) ) ;
#3167 = DIRECTION ( 'NONE',  ( 0.9510565162951576390, -0.3090169943749349613, 0.000000000000000000 ) ) ;
#3168 = DIRECTION ( 'NONE',  ( 0.8090169943749507819, -0.5877852522924684742, 0.000000000000000000 ) ) ;
#3169 = EDGE_CURVE ( 'NONE', #3439, #2884, #1398, .T. ) ;
#3170 = EDGE_CURVE ( 'NONE', #1401, #5154, #2520, .T. ) ;
#3171 = ORIENTED_EDGE ( 'NONE', *, *, #2904, .T. ) ;
#3172 = DIRECTION ( 'NONE',  ( 1.000000000000000000, 0.000000000000000000, 0.000000000000000000 ) ) ;
#3173 = ORIENTED_EDGE ( 'NONE', *, *, #4529, .T. ) ;
#3174 = ORIENTED_EDGE ( 'NONE', *, *, #1298, .T. ) ;
#3175 = AXIS2_PLACEMENT_3D ( 'NONE', #3659, #2437, #4949 ) ;
#3176 = CARTESIAN_POINT ( 'NONE',  ( 0.000000000000000000, 0.000000000000000000, -5.000000000000000000 ) ) ;
#3177 = ORIENTED_EDGE ( 'NONE', *, *, #1718, .F. ) ;
#3178 = DIRECTION ( 'NONE',  ( -0.000000000000000000, -0.000000000000000000, 1.000000000000000000 ) ) ;
#3179 = ORIENTED_EDGE ( 'NONE', *, *, #976, .T. ) ;
#3180 = ORIENTED_EDGE ( 'NONE', *, *, #3328, .T. ) ;
#3181 = CARTESIAN_POINT ( 'NONE',  ( 0.000000000000000000, 0.000000000000000000, 10.00000000000000000 ) ) ;
#3182 = AXIS2_PLACEMENT_3D ( 'NONE', #1151, #3577, #2000 ) ;
#3183 = CARTESIAN_POINT ( 'NONE',  ( -9.717862376724413664, 15.37518435613159618, 10.00000000000000000 ) ) ;
#3184 = LINE ( 'NONE', #4354, #614 ) ;
#3185 = CARTESIAN_POINT ( 'NONE',  ( 16.47324427700571192, 5.931756891039385415, 10.00000000000000000 ) ) ;
#3186 = DIRECTION ( 'NONE',  ( 1.000000000000000000, 0.000000000000000000, 0.000000000000000000 ) ) ;
#3187 = VERTEX_POINT ( 'NONE', #792 ) ;
#3188 = CARTESIAN_POINT ( 'NONE',  ( 0.000000000000000000, 0.000000000000000000, 5.000000000000000000 ) ) ;
#3189 = ORIENTED_EDGE ( 'NONE', *, *, #4602, .F. ) ;
#3190 = CARTESIAN_POINT ( 'NONE',  ( 14.48162217478688873, -9.840535351850288492, -10.00000000000000000 ) ) ;
#3191 = DIRECTION ( 'NONE',  ( 0.000000000000000000, 0.000000000000000000, 1.000000000000000000 ) ) ;
#3192 = LINE ( 'NONE', #1217, #274 ) ;
#3193 = EDGE_CURVE ( 'NONE', #1879, #3823, #2016, .T. ) ;
#3194 = EDGE_CURVE ( 'NONE', #2184, #1214, #3711, .T. ) ;
#3195 = CARTESIAN_POINT ( 'NONE',  ( 18.33657332175924637, -5.671554599608501945, -10.00000000000000000 ) ) ;
#3196 = CIRCLE ( 'NONE', #115, 0.6250000000000001110 ) ;
#3197 = EDGE_CURVE ( 'NONE', #3763, #4146, #5086, .T. ) ;
#3198 = CARTESIAN_POINT ( 'NONE',  ( 7.500000000000000000, 0.000000000000000000, -10.00000000000000000 ) ) ;
#3199 = ORIENTED_EDGE ( 'NONE', *, *, #1822, .F. ) ;
#3200 = DIRECTION ( 'NONE',  ( 0.000000000000000000, 0.000000000000000000, -1.000000000000000000 ) ) ;
#3201 = ORIENTED_EDGE ( 'NONE', *, *, #4627, .F. ) ;
#3202 = AXIS2_PLACEMENT_3D ( 'NONE', #1159, #4852, #3186 ) ;
#3203 = CARTESIAN_POINT ( 'NONE',  ( 9.840535351850233425, 14.48162217478692426, -10.00000000000000000 ) ) ;
#3204 = CIRCLE ( 'NONE', #3877, 0.6250000000000000000 ) ;
#3205 = CIRCLE ( 'NONE', #2434, 22.00000000000000000 ) ;
#3206 = CYLINDRICAL_SURFACE ( 'NONE', #2798, 0.6250000000000005551 ) ;
#3207 = EDGE_LOOP ( 'NONE', ( #5243, #4110, #1859, #583 ) ) ;
#3208 = CARTESIAN_POINT ( 'NONE',  ( 0.000000000000000000, 0.000000000000000000, -10.00000000000000000 ) ) ;
#3209 = EDGE_LOOP ( 'NONE', ( #3811, #3517, #263, #203 ) ) ;
#3210 = ORIENTED_EDGE ( 'NONE', *, *, #2179, .T. ) ;
#3211 = CYLINDRICAL_SURFACE ( 'NONE', #3182, 4.500000000000000888 ) ;
#3212 = CIRCLE ( 'NONE', #392, 0.6249999999999997780 ) ;
#3213 = CARTESIAN_POINT ( 'NONE',  ( -15.99344118344497545, -15.10661573985670181, -10.00000000000000000 ) ) ;
#3214 = CARTESIAN_POINT ( 'NONE',  ( 11.06028173450726371, 15.68651078837860346, 10.00000000000000000 ) ) ;
#3215 = CARTESIAN_POINT ( 'NONE',  ( 10.20790113453335302, -14.98725779627104515, -10.00000000000000000 ) ) ;
#3216 = FACE_OUTER_BOUND ( 'NONE', #161, .T. ) ;
#3217 = ORIENTED_EDGE ( 'NONE', *, *, #1206, .T. ) ;
#3218 = AXIS2_PLACEMENT_3D ( 'NONE', #3864, #1481, #232 ) ;
#3219 = DIRECTION ( 'NONE',  ( 0.000000000000000000, 0.000000000000000000, 1.000000000000000000 ) ) ;
#3220 = VERTEX_POINT ( 'NONE', #4125 ) ;
#3221 = CARTESIAN_POINT ( 'NONE',  ( -11.09931426106885510, -14.33960824982077931, -10.00000000000000000 ) ) ;
#3222 = CYLINDRICAL_SURFACE ( 'NONE', #1493, 4.500000000000000888 ) ;
#3223 = CARTESIAN_POINT ( 'NONE',  ( -1.171554599608693348, 18.33657332175918597, 10.00000000000000000 ) ) ;
#3224 = DIRECTION ( 'NONE',  ( -0.8090169943749421222, -0.5877852522924804646, 0.000000000000000000 ) ) ;
#3225 = LINE ( 'NONE', #4860, #4286 ) ;
#3226 = ADVANCED_FACE ( 'NONE', ( #1668 ), #2422, .T. ) ;
#3227 = CYLINDRICAL_SURFACE ( 'NONE', #4957, 4.500000000000000888 ) ;
#3228 = ORIENTED_EDGE ( 'NONE', *, *, #1387, .F. ) ;
#3229 = ORIENTED_EDGE ( 'NONE', *, *, #1553, .T. ) ;
#3230 = AXIS2_PLACEMENT_3D ( 'NONE', #397, #1643, #2373 ) ;
#3231 = ORIENTED_EDGE ( 'NONE', *, *, #4044, .T. ) ;
#3232 = CARTESIAN_POINT ( 'NONE',  ( -15.68651078837841517, -11.06028173450753904, -10.00000000000000000 ) ) ;
#3233 = VERTEX_POINT ( 'NONE', #1266 ) ;
#3234 = ORIENTED_EDGE ( 'NONE', *, *, #3089, .T. ) ;
#3235 = DIRECTION ( 'NONE',  ( -0.000000000000000000, 0.000000000000000000, -1.000000000000000000 ) ) ;
#3236 = EDGE_CURVE ( 'NONE', #1597, #4146, #2902, .T. ) ;
#3237 = LINE ( 'NONE', #4412, #3968 ) ;
#3238 = CARTESIAN_POINT ( 'NONE',  ( 15.68651078837856083, -11.06028173450731700, -10.00000000000000000 ) ) ;
#3239 = DIRECTION ( 'NONE',  ( 0.000000000000000000, 0.000000000000000000, 1.000000000000000000 ) ) ;
#3240 = CYLINDRICAL_SURFACE ( 'NONE', #3202, 0.6250000000000005551 ) ;
#3241 = ORIENTED_EDGE ( 'NONE', *, *, #1822, .T. ) ;
#3242 = ORIENTED_EDGE ( 'NONE', *, *, #3652, .T. ) ;
#3243 = LINE ( 'NONE', #4883, #4145 ) ;
#3244 = VECTOR ( 'NONE', #1880, 1000.000000000000000 ) ;
#3245 = CARTESIAN_POINT ( 'NONE',  ( 0.000000000000000000, 0.000000000000000000, 10.00000000000000000 ) ) ;
#3246 = DIRECTION ( 'NONE',  ( 1.000000000000000000, 0.000000000000000000, 0.000000000000000000 ) ) ;
#3247 = LINE ( 'NONE', #4886, #1576 ) ;
#3248 = FACE_OUTER_BOUND ( 'NONE', #2459, .T. ) ;
#3249 = EDGE_CURVE ( 'NONE', #3674, #4895, #2395, .T. ) ;
#3250 = LINE ( 'NONE', #1246, #2651 ) ;
#3251 = ORIENTED_EDGE ( 'NONE', *, *, #455, .T. ) ;
#3252 = DIRECTION ( 'NONE',  ( 1.000000000000000000, 0.000000000000000000, 0.000000000000000000 ) ) ;
#3253 = PLANE ( 'NONE',  #2374 ) ;
#3254 = CYLINDRICAL_SURFACE ( 'NONE', #1473, 4.500000000000000888 ) ;
#3255 = ORIENTED_EDGE ( 'NONE', *, *, #4929, .T. ) ;
#3256 = ORIENTED_EDGE ( 'NONE', *, *, #91, .T. ) ;
#3257 = EDGE_CURVE ( 'NONE', #4380, #2060, #447, .T. ) ;
#3258 = EDGE_CURVE ( 'NONE', #1734, #178, #364, .T. ) ;
#3259 = EDGE_CURVE ( 'NONE', #1540, #4082, #905, .T. ) ;
#3260 = CYLINDRICAL_SURFACE ( 'NONE', #26, 0.6250000000000005551 ) ;
#3261 = EDGE_CURVE ( 'NONE', #4621, #3693, #3247, .T. ) ;
#3262 = EDGE_CURVE ( 'NONE', #382, #2088, #4054, .T. ) ;
#3263 = CIRCLE ( 'NONE', #4624, 4.500000000000000888 ) ;
#3264 = CARTESIAN_POINT ( 'NONE',  ( 11.06028173450759233, -15.68651078837837076, -10.00000000000000000 ) ) ;
#3265 = CARTESIAN_POINT ( 'NONE',  ( 2.820800000000002417, 21.81841165988028663, -10.00000000000000000 ) ) ;
#3266 = DIRECTION ( 'NONE',  ( 0.8090169943749445647, 0.5877852522924770229, 0.000000000000000000 ) ) ;
#3267 = ORIENTED_EDGE ( 'NONE', *, *, #4002, .T. ) ;
#3268 = CARTESIAN_POINT ( 'NONE',  ( 0.000000000000000000, 0.000000000000000000, 10.00000000000000000 ) ) ;
#3269 = AXIS2_PLACEMENT_3D ( 'NONE', #4537, #429, #2833 ) ;
#3270 = ORIENTED_EDGE ( 'NONE', *, *, #4632, .F. ) ;
#3271 = CARTESIAN_POINT ( 'NONE',  ( -9.840535351850345336, -14.48162217478685143, -10.00000000000000000 ) ) ;
#3272 = DIRECTION ( 'NONE',  ( 1.000000000000000000, 0.000000000000000000, 0.000000000000000000 ) ) ;
#3273 = AXIS2_PLACEMENT_3D ( 'NONE', #4834, #41, #2019 ) ;
#3274 = DIRECTION ( 'NONE',  ( 1.000000000000000000, 0.000000000000000000, 0.000000000000000000 ) ) ;
#3275 = LINE ( 'NONE', #825, #2173 ) ;
#3276 = EDGE_CURVE ( 'NONE', #431, #3763, #3275, .T. ) ;
#3277 = VECTOR ( 'NONE', #4501, 1000.000000000000000 ) ;
#3278 = DIRECTION ( 'NONE',  ( 0.000000000000000000, 0.000000000000000000, 1.000000000000000000 ) ) ;
#3279 = CARTESIAN_POINT ( 'NONE',  ( 18.16825558712705657, -6.189583320500646302, -10.00000000000000000 ) ) ;
#3280 = ORIENTED_EDGE ( 'NONE', *, *, #1355, .F. ) ;
#3281 = DIRECTION ( 'NONE',  ( -0.000000000000000000, -0.000000000000000000, 1.000000000000000000 ) ) ;
#3282 = AXIS2_PLACEMENT_3D ( 'NONE', #4442, #3663, #332 ) ;
#3283 = CIRCLE ( 'NONE', #4391, 4.500000000000000000 ) ;
#3284 = CARTESIAN_POINT ( 'NONE',  ( -5.671554599608693792, 18.33657332175918597, -10.00000000000000000 ) ) ;
#3285 = ORIENTED_EDGE ( 'NONE', *, *, #1562, .T. ) ;
#3286 = EDGE_LOOP ( 'NONE', ( #2774, #3915, #3056, #607 ) ) ;
#3287 = AXIS2_PLACEMENT_3D ( 'NONE', #2712, #4015, #336 ) ;
#3288 = CARTESIAN_POINT ( 'NONE',  ( 0.7500000000000000000, 7.462405778299650017, -10.00000000000000000 ) ) ;
#3289 = AXIS2_PLACEMENT_3D ( 'NONE', #4311, #309, #3990 ) ;
#3290 = DIRECTION ( 'NONE',  ( -0.8090169943749507819, 0.5877852522924685852, 0.000000000000000000 ) ) ;
#3291 = CYLINDRICAL_SURFACE ( 'NONE', #3175, 22.00000000000000000 ) ;
#3292 = DIRECTION ( 'NONE',  ( 0.000000000000000000, 0.000000000000000000, 1.000000000000000000 ) ) ;
#3293 = ORIENTED_EDGE ( 'NONE', *, *, #3870, .T. ) ;
#3294 = LINE ( 'NONE', #4928, #384 ) ;
#3295 = EDGE_CURVE ( 'NONE', #4680, #322, #826, .T. ) ;
#3296 = ADVANCED_FACE ( 'NONE', ( #947 ), #3799, .T. ) ;
#3297 = VECTOR ( 'NONE', #4251, 1000.000000000000114 ) ;
#3298 = ORIENTED_EDGE ( 'NONE', *, *, #3684, .F. ) ;
#3299 = CARTESIAN_POINT ( 'NONE',  ( 0.5509236102168820759, 18.12500000000000711, -10.00000000000000000 ) ) ;
#3300 = CARTESIAN_POINT ( 'NONE',  ( -4.883837912083977884, 16.81373379332460871, -10.00000000000000000 ) ) ;
#3301 = AXIS2_PLACEMENT_3D ( 'NONE', #486, #4140, #4243 ) ;
#3302 = CARTESIAN_POINT ( 'NONE',  ( 6.189583320500982033, -18.16825558712694288, 10.00000000000000000 ) ) ;
#3303 = EDGE_CURVE ( 'NONE', #4728, #2061, #5174, .T. ) ;
#3304 = DIRECTION ( 'NONE',  ( 0.000000000000000000, -0.000000000000000000, 1.000000000000000000 ) ) ;
#3305 = CIRCLE ( 'NONE', #5099, 4.500000000000000000 ) ;
#3306 = DIRECTION ( 'NONE',  ( -1.000000000000000000, 0.000000000000000000, 0.000000000000000000 ) ) ;
#3307 = DIRECTION ( 'NONE',  ( -0.000000000000000000, -0.000000000000000000, 1.000000000000000000 ) ) ;
#3308 = CARTESIAN_POINT ( 'NONE',  ( -17.62565389454304210, 4.491043080150693534, -10.00000000000000000 ) ) ;
#3309 = ORIENTED_EDGE ( 'NONE', *, *, #2140, .F. ) ;
#3310 = AXIS2_PLACEMENT_3D ( 'NONE', #4687, #117, #1748 ) ;
#3311 = CARTESIAN_POINT ( 'NONE',  ( -18.15080162460477808, -1.175390804045213233, 10.00000000000000000 ) ) ;
#3312 = VERTEX_POINT ( 'NONE', #4199 ) ;
#3313 = VERTEX_POINT ( 'NONE', #1717 ) ;
#3314 = CIRCLE ( 'NONE', #3989, 0.6250000000000000000 ) ;
#3315 = EDGE_CURVE ( 'NONE', #3878, #2345, #560, .T. ) ;
#3316 = CARTESIAN_POINT ( 'NONE',  ( 18.33657332175924637, -5.671554599608501945, 10.00000000000000000 ) ) ;
#3317 = CARTESIAN_POINT ( 'NONE',  ( 6.189583320500982033, -18.16825558712694288, -10.00000000000000000 ) ) ;
#3318 = DIRECTION ( 'NONE',  ( 1.000000000000000000, 0.000000000000000000, -0.000000000000000000 ) ) ;
#3319 = DIRECTION ( 'NONE',  ( 0.000000000000000000, 0.000000000000000000, 1.000000000000000000 ) ) ;
#3320 =( LENGTH_UNIT ( ) NAMED_UNIT ( * ) SI_UNIT ( .MILLI., .METRE. ) );
#3321 = ORIENTED_EDGE ( 'NONE', *, *, #2050, .T. ) ;
#3322 = ORIENTED_EDGE ( 'NONE', *, *, #1181, .T. ) ;
#3323 = EDGE_CURVE ( 'NONE', #4572, #1049, #3404, .T. ) ;
#3324 = CARTESIAN_POINT ( 'NONE',  ( -17.06765459969027177, 6.124892512523492982, -10.00000000000000000 ) ) ;
#3325 = DIRECTION ( 'NONE',  ( 1.000000000000000000, 0.000000000000000000, 0.000000000000000000 ) ) ;
#3326 = CARTESIAN_POINT ( 'NONE',  ( -0.5509236102168820759, -18.12500000000000711, -10.00000000000000000 ) ) ;
#3327 = LINE ( 'NONE', #3829, #4043 ) ;
#3328 = EDGE_CURVE ( 'NONE', #3999, #1202, #572, .T. ) ;
#3329 = EDGE_CURVE ( 'NONE', #5056, #3576, #3196, .T. ) ;
#3330 = EDGE_CURVE ( 'NONE', #1592, #4895, #2594, .T. ) ;
#3331 = CIRCLE ( 'NONE', #4004, 22.00000000000000000 ) ;
#3332 = CARTESIAN_POINT ( 'NONE',  ( 13.99342959553560028, 11.61968464773368481, -10.00000000000000000 ) ) ;
#3333 = CARTESIAN_POINT ( 'NONE',  ( -15.99344118344507848, 15.10661573985658990, -10.00000000000000000 ) ) ;
#3334 = CARTESIAN_POINT ( 'NONE',  ( 15.99344118344486354, 15.10661573985682082, -10.00000000000000000 ) ) ;
#3335 = ORIENTED_EDGE ( 'NONE', *, *, #3843, .F. ) ;
#3336 = AXIS2_PLACEMENT_3D ( 'NONE', #5070, #2634, #4258 ) ;
#3337 = AXIS2_PLACEMENT_3D ( 'NONE', #797, #4020, #3703 ) ;
#3338 = CARTESIAN_POINT ( 'NONE',  ( -14.48162217478681590, 9.840535351850393297, -10.00000000000000000 ) ) ;
#3339 = EDGE_LOOP ( 'NONE', ( #1886, #196, #1337, #1089 ) ) ;
#3340 = DIRECTION ( 'NONE',  ( 0.000000000000000000, 0.000000000000000000, 1.000000000000000000 ) ) ;
#3341 = ORIENTED_EDGE ( 'NONE', *, *, #4079, .T. ) ;
#3342 = LINE ( 'NONE', #4111, #4717 ) ;
#3343 = FACE_OUTER_BOUND ( 'NONE', #2155, .T. ) ;
#3344 = FACE_OUTER_BOUND ( 'NONE', #662, .T. ) ;
#3345 = ORIENTED_EDGE ( 'NONE', *, *, #2703, .T. ) ;
#3346 = ORIENTED_EDGE ( 'NONE', *, *, #1650, .T. ) ;
#3347 = EDGE_LOOP ( 'NONE', ( #1455, #4601, #2909, #5273 ) ) ;
#3348 = CIRCLE ( 'NONE', #363, 7.500000000000000000 ) ;
#3349 = AXIS2_PLACEMENT_3D ( 'NONE', #113, #4197, #3797 ) ;
#3350 = DIRECTION ( 'NONE',  ( -0.000000000000000000, -0.000000000000000000, 1.000000000000000000 ) ) ;
#3351 = CARTESIAN_POINT ( 'NONE',  ( 15.00000000000000000, 1.836970198721029589E-15, -5.000000000000000000 ) ) ;
#3352 = CYLINDRICAL_SURFACE ( 'NONE', #5153, 0.6250000000000005551 ) ;
#3353 = CIRCLE ( 'NONE', #3779, 4.500000000000000000 ) ;
#3354 = AXIS2_PLACEMENT_3D ( 'NONE', #1539, #3178, #1863 ) ;
#3355 = DIRECTION ( 'NONE',  ( 0.000000000000000000, 0.000000000000000000, 1.000000000000000000 ) ) ;
#3356 = AXIS2_PLACEMENT_3D ( 'NONE', #1180, #5297, #2353 ) ;
#3357 = CARTESIAN_POINT ( 'NONE',  ( 13.83397262833624275, 10.73194847838630928, 10.00000000000000000 ) ) ;
#3358 = DIRECTION ( 'NONE',  ( -0.000000000000000000, -0.000000000000000000, 1.000000000000000000 ) ) ;
#3359 = EDGE_CURVE ( 'NONE', #259, #4171, #2161, .T. ) ;
#3360 = ORIENTED_EDGE ( 'NONE', *, *, #1917, .T. ) ;
#3361 = DIRECTION ( 'NONE',  ( -0.3090169943749380144, -0.9510565162951566398, 0.000000000000000000 ) ) ;
#3362 = EDGE_CURVE ( 'NONE', #2731, #2514, #4389, .T. ) ;
#3363 = CARTESIAN_POINT ( 'NONE',  ( -5.671554599608693792, -18.33657332175918597, -10.00000000000000000 ) ) ;
#3364 = ORIENTED_EDGE ( 'NONE', *, *, #2770, .F. ) ;
#3365 = VERTEX_POINT ( 'NONE', #500 ) ;
#3366 = DIRECTION ( 'NONE',  ( 0.000000000000000000, 0.000000000000000000, 1.000000000000000000 ) ) ;
#3367 = VECTOR ( 'NONE', #2461, 1000.000000000000000 ) ;
#3368 = DIRECTION ( 'NONE',  ( 1.000000000000000000, 0.000000000000000000, 0.000000000000000000 ) ) ;
#3369 = FACE_OUTER_BOUND ( 'NONE', #2098, .T. ) ;
#3370 = ORIENTED_EDGE ( 'NONE', *, *, #3261, .F. ) ;
#3371 = ORIENTED_EDGE ( 'NONE', *, *, #5289, .F. ) ;
#3372 = CIRCLE ( 'NONE', #2517, 0.6250000000000001110 ) ;
#3373 = CIRCLE ( 'NONE', #2780, 0.6250000000000000000 ) ;
#3374 = ORIENTED_EDGE ( 'NONE', *, *, #334, .F. ) ;
#3375 = AXIS2_PLACEMENT_3D ( 'NONE', #1472, #4744, #2715 ) ;
#3376 = LINE ( 'NONE', #86, #5090 ) ;
#3377 = CARTESIAN_POINT ( 'NONE',  ( -16.81373379332462648, 4.883837912083918376, -10.00000000000000000 ) ) ;
#3378 = CARTESIAN_POINT ( 'NONE',  ( 13.83397262833624275, 10.73194847838630928, -10.00000000000000000 ) ) ;
#3379 = AXIS2_PLACEMENT_3D ( 'NONE', #1581, #870, #3614 ) ;
#3380 = PLANE ( 'NONE',  #2511 ) ;
#3381 = VECTOR ( 'NONE', #4061, 1000.000000000000000 ) ;
#3382 = CARTESIAN_POINT ( 'NONE',  ( 21.62221772207210790, 4.059519772006387583, 10.00000000000000000 ) ) ;
#3383 = DIRECTION ( 'NONE',  ( -0.000000000000000000, -0.000000000000000000, 1.000000000000000000 ) ) ;
#3384 = VERTEX_POINT ( 'NONE', #4630 ) ;
#3385 = CIRCLE ( 'NONE', #1077, 4.500000000000000888 ) ;
#3386 = ADVANCED_FACE ( 'NONE', ( #142 ), #595, .F. ) ;
#3387 = ORIENTED_EDGE ( 'NONE', *, *, #1074, .T. ) ;
#3388 = DIRECTION ( 'NONE',  ( -0.5877852522924653655, -0.8090169943749531134, 0.000000000000000000 ) ) ;
#3389 = VERTEX_POINT ( 'NONE', #1797 ) ;
#3390 = VECTOR ( 'NONE', #2222, 1000.000000000000000 ) ;
#3391 = CARTESIAN_POINT ( 'NONE',  ( 16.89922242757897664, 6.726769246912013500, -10.00000000000000000 ) ) ;
#3392 = ORIENTED_EDGE ( 'NONE', *, *, #3154, .T. ) ;
#3393 = LINE ( 'NONE', #4540, #1555 ) ;
#3394 = ORIENTED_EDGE ( 'NONE', *, *, #2313, .F. ) ;
#3395 = CARTESIAN_POINT ( 'NONE',  ( -0.7499999999999992228, 8.250000000000000000, -10.00000000000000000 ) ) ;
#3396 = CARTESIAN_POINT ( 'NONE',  ( 5.671554599608693792, 18.33657332175918597, 10.00000000000000000 ) ) ;
#3397 = VERTEX_POINT ( 'NONE', #67 ) ;
#3398 = CIRCLE ( 'NONE', #5286, 22.00000000000000000 ) ;
#3399 = VERTEX_POINT ( 'NONE', #2138 ) ;
#3400 = EDGE_CURVE ( 'NONE', #3819, #4796, #3327, .T. ) ;
#3401 = DIRECTION ( 'NONE',  ( -0.000000000000000000, -0.000000000000000000, 1.000000000000000000 ) ) ;
#3402 = LINE ( 'NONE', #4605, #658 ) ;
#3403 = CARTESIAN_POINT ( 'NONE',  ( -14.33960824982073845, 11.09931426106890484, -10.00000000000000000 ) ) ;
#3404 = LINE ( 'NONE', #2117, #1243 ) ;
#3405 = FACE_OUTER_BOUND ( 'NONE', #5125, .T. ) ;
#3406 = CARTESIAN_POINT ( 'NONE',  ( 0.000000000000000000, 0.000000000000000000, -10.00000000000000000 ) ) ;
#3407 = CARTESIAN_POINT ( 'NONE',  ( -16.44265459969022558, -6.124892512523616439, -10.00000000000000000 ) ) ;
#3408 = ORIENTED_EDGE ( 'NONE', *, *, #278, .F. ) ;
#3409 = AXIS2_PLACEMENT_3D ( 'NONE', #604, #5048, #2207 ) ;
#3410 = ORIENTED_EDGE ( 'NONE', *, *, #2199, .F. ) ;
#3411 = DIRECTION ( 'NONE',  ( 0.5877852522924831291, -0.8090169943749402348, 0.000000000000000000 ) ) ;
#3412 = CIRCLE ( 'NONE', #3667, 22.00000000000000000 ) ;
#3413 = VECTOR ( 'NONE', #2855, 1000.000000000000000 ) ;
#3414 = ORIENTED_EDGE ( 'NONE', *, *, #5096, .F. ) ;
#3415 = LINE ( 'NONE', #1427, #5080 ) ;
#3416 = ORIENTED_EDGE ( 'NONE', *, *, #1353, .T. ) ;
#3417 = AXIS2_PLACEMENT_3D ( 'NONE', #4715, #5205, #4284 ) ;
#3418 = VERTEX_POINT ( 'NONE', #168 ) ;
#3419 = CARTESIAN_POINT ( 'NONE',  ( 0.000000000000000000, 0.000000000000000000, 10.00000000000000000 ) ) ;
#3420 = DIRECTION ( 'NONE',  ( 0.000000000000000000, 0.000000000000000000, 1.000000000000000000 ) ) ;
#3421 = ADVANCED_FACE ( 'NONE', ( #4553 ), #4151, .F. ) ;
#3422 = ORIENTED_EDGE ( 'NONE', *, *, #5156, .T. ) ;
#3423 = EDGE_CURVE ( 'NONE', #1091, #1971, #4175, .T. ) ;
#3424 = ORIENTED_EDGE ( 'NONE', *, *, #255, .T. ) ;
#3425 = ADVANCED_FACE ( 'NONE', ( #1743 ), #3380, .F. ) ;
#3426 = EDGE_CURVE ( 'NONE', #3576, #735, #2977, .T. ) ;
#3427 = CARTESIAN_POINT ( 'NONE',  ( -18.16825558712700683, 6.189583320500782193, -10.00000000000000000 ) ) ;
#3428 = DIRECTION ( 'NONE',  ( -0.000000000000000000, -0.000000000000000000, 1.000000000000000000 ) ) ;
#3429 = DIRECTION ( 'NONE',  ( 0.9510565162951533091, 0.3090169943749480619, 0.000000000000000000 ) ) ;
#3430 = CIRCLE ( 'NONE', #4452, 7.500000000000000000 ) ;
#3431 = EDGE_LOOP ( 'NONE', ( #1840, #3113, #3267, #219 ) ) ;
#3432 = CARTESIAN_POINT ( 'NONE',  ( -10.73194847838616006, 13.83397262833636177, 10.00000000000000000 ) ) ;
#3433 = VECTOR ( 'NONE', #2403, 1000.000000000000000 ) ;
#3434 = ORIENTED_EDGE ( 'NONE', *, *, #3276, .F. ) ;
#3435 = EDGE_CURVE ( 'NONE', #259, #2748, #3024, .T. ) ;
#3436 = CIRCLE ( 'NONE', #1133, 4.500000000000000888 ) ;
#3437 = ORIENTED_EDGE ( 'NONE', *, *, #1289, .F. ) ;
#3438 = DIRECTION ( 'NONE',  ( 1.000000000000000000, 0.000000000000000000, 0.000000000000000000 ) ) ;
#3439 = VERTEX_POINT ( 'NONE', #1495 ) ;
#3440 = AXIS2_PLACEMENT_3D ( 'NONE', #1774, #900, #1342 ) ;
#3441 = ORIENTED_EDGE ( 'NONE', *, *, #3533, .T. ) ;
#3442 = CARTESIAN_POINT ( 'NONE',  ( 16.81373379332465490, -4.883837912083803801, 10.00000000000000000 ) ) ;
#3443 = VERTEX_POINT ( 'NONE', #1846 ) ;
#3444 = DIRECTION ( 'NONE',  ( -1.000000000000000000, -0.000000000000000000, -0.000000000000000000 ) ) ;
#3445 = VERTEX_POINT ( 'NONE', #3134 ) ;
#3446 = VERTEX_POINT ( 'NONE', #2331 ) ;
#3447 = AXIS2_PLACEMENT_3D ( 'NONE', #1409, #3049, #5192 ) ;
#3448 = DIRECTION ( 'NONE',  ( -0.000000000000000000, -0.000000000000000000, 1.000000000000000000 ) ) ;
#3449 = DIRECTION ( 'NONE',  ( -0.000000000000000000, -0.000000000000000000, 1.000000000000000000 ) ) ;
#3450 = AXIS2_PLACEMENT_3D ( 'NONE', #2503, #1700, #2204 ) ;
#3451 = ADVANCED_FACE ( 'NONE', ( #4795 ), #5199, .F. ) ;
#3452 = LINE ( 'NONE', #4735, #3955 ) ;
#3453 = DIRECTION ( 'NONE',  ( 0.000000000000000000, 0.000000000000000000, 1.000000000000000000 ) ) ;
#3454 = CIRCLE ( 'NONE', #4914, 0.6250000000000006661 ) ;
#3455 = VERTEX_POINT ( 'NONE', #1100 ) ;
#3456 = VECTOR ( 'NONE', #3567, 1000.000000000000000 ) ;
#3457 = LINE ( 'NONE', #1443, #399 ) ;
#3458 = DIRECTION ( 'NONE',  ( 0.000000000000000000, 0.000000000000000000, -1.000000000000000000 ) ) ;
#3459 = DIRECTION ( 'NONE',  ( 0.000000000000000000, 0.000000000000000000, 1.000000000000000000 ) ) ;
#3460 = EDGE_CURVE ( 'NONE', #3819, #4237, #547, .T. ) ;
#3461 = AXIS2_PLACEMENT_3D ( 'NONE', #699, #1069, #2704 ) ;
#3462 = VERTEX_POINT ( 'NONE', #3852 ) ;
#3463 = CARTESIAN_POINT ( 'NONE',  ( 14.48162217478688873, -9.840535351850288492, -10.00000000000000000 ) ) ;
#3464 = ORIENTED_EDGE ( 'NONE', *, *, #11, .T. ) ;
#3465 = ORIENTED_EDGE ( 'NONE', *, *, #213, .T. ) ;
#3466 = AXIS2_PLACEMENT_3D ( 'NONE', #2376, #1537, #1970 ) ;
#3467 = ORIENTED_EDGE ( 'NONE', *, *, #4536, .T. ) ;
#3468 = CYLINDRICAL_SURFACE ( 'NONE', #3218, 4.500000000000000888 ) ;
#3469 = DIRECTION ( 'NONE',  ( -0.000000000000000000, -0.000000000000000000, 1.000000000000000000 ) ) ;
#3470 = EDGE_LOOP ( 'NONE', ( #3047, #5237, #1998, #1551 ) ) ;
#3471 = VERTEX_POINT ( 'NONE', #4331 ) ;
#3472 = CARTESIAN_POINT ( 'NONE',  ( -5.076973533568192920, -17.40814411600911527, 10.00000000000000000 ) ) ;
#3473 = CARTESIAN_POINT ( 'NONE',  ( 5.076973533568079233, 17.40814411600914724, -10.00000000000000000 ) ) ;
#3474 = CARTESIAN_POINT ( 'NONE',  ( 6.189583320500583241, 18.16825558712707789, -10.00000000000000000 ) ) ;
#3475 = CARTESIAN_POINT ( 'NONE',  ( 9.717862376724191620, 15.37518435613173118, -10.00000000000000000 ) ) ;
#3476 = CIRCLE ( 'NONE', #2631, 15.00000000000000000 ) ;
#3477 = ORIENTED_EDGE ( 'NONE', *, *, #3091, .T. ) ;
#3478 = CARTESIAN_POINT ( 'NONE',  ( 17.62565389454306697, -4.491043080150573630, 10.00000000000000000 ) ) ;
#3479 = DIRECTION ( 'NONE',  ( 0.000000000000000000, 0.000000000000000000, 1.000000000000000000 ) ) ;
#3480 = LINE ( 'NONE', #1853, #2482 ) ;
#3481 = EDGE_CURVE ( 'NONE', #98, #3389, #1057, .T. ) ;
#3482 = CARTESIAN_POINT ( 'NONE',  ( 9.717862376724525575, -15.37518435613151979, -10.00000000000000000 ) ) ;
#3483 = ADVANCED_FACE ( 'NONE', ( #195 ), #1128, .F. ) ;
#3484 = ORIENTED_EDGE ( 'NONE', *, *, #4473, .F. ) ;
#3485 = CARTESIAN_POINT ( 'NONE',  ( 14.48162217478688873, -9.840535351850288492, 10.00000000000000000 ) ) ;
#3486 = ORIENTED_EDGE ( 'NONE', *, *, #593, .F. ) ;
#3487 = ORIENTED_EDGE ( 'NONE', *, *, #3808, .T. ) ;
#3488 = CIRCLE ( 'NONE', #2302, 0.6250000000000001110 ) ;
#3489 = DIRECTION ( 'NONE',  ( -0.000000000000000000, -0.000000000000000000, 1.000000000000000000 ) ) ;
#3490 = ORIENTED_EDGE ( 'NONE', *, *, #4835, .T. ) ;
#3491 = CARTESIAN_POINT ( 'NONE',  ( -15.37518435613162637, 9.717862376724358597, 10.00000000000000000 ) ) ;
#3492 = ORIENTED_EDGE ( 'NONE', *, *, #3061, .T. ) ;
#3493 = ORIENTED_EDGE ( 'NONE', *, *, #1386, .T. ) ;
#3494 = CARTESIAN_POINT ( 'NONE',  ( 0.7500000000000007772, 8.250000000000000000, -10.00000000000000000 ) ) ;
#3495 = CYLINDRICAL_SURFACE ( 'NONE', #4541, 4.500000000000000888 ) ;
#3496 = FACE_OUTER_BOUND ( 'NONE', #4652, .T. ) ;
#3497 = CARTESIAN_POINT ( 'NONE',  ( -5.671554599608693792, 18.33657332175918597, -10.00000000000000000 ) ) ;
#3498 = DIRECTION ( 'NONE',  ( 0.000000000000000000, -0.000000000000000000, 1.000000000000000000 ) ) ;
#3499 = ORIENTED_EDGE ( 'NONE', *, *, #4839, .F. ) ;
#3500 = CARTESIAN_POINT ( 'NONE',  ( -14.98725779627108601, -10.20790113453329440, 10.00000000000000000 ) ) ;
#3501 = CARTESIAN_POINT ( 'NONE',  ( -14.98725779627108601, -10.20790113453329440, -10.00000000000000000 ) ) ;
#3502 = DIRECTION ( 'NONE',  ( -1.000000000000000000, 0.000000000000000000, 0.000000000000000000 ) ) ;
#3503 = DIRECTION ( 'NONE',  ( 1.000000000000000000, 0.000000000000000000, 0.000000000000000000 ) ) ;
#3504 = EDGE_CURVE ( 'NONE', #4160, #2994, #3528, .T. ) ;
#3505 = CIRCLE ( 'NONE', #4891, 4.500000000000000000 ) ;
#3506 = VERTEX_POINT ( 'NONE', #672 ) ;
#3507 = CARTESIAN_POINT ( 'NONE',  ( 0.000000000000000000, 0.000000000000000000, 10.00000000000000000 ) ) ;
#3508 = ORIENTED_EDGE ( 'NONE', *, *, #5148, .F. ) ;
#3509 = ADVANCED_FACE ( 'NONE', ( #5091 ), #2303, .T. ) ;
#3510 = VERTEX_POINT ( 'NONE', #1930 ) ;
#3511 = CIRCLE ( 'NONE', #1889, 4.500000000000000888 ) ;
#3512 = CIRCLE ( 'NONE', #3007, 4.500000000000000000 ) ;
#3513 = EDGE_CURVE ( 'NONE', #3655, #5282, #3901, .T. ) ;
#3514 = CIRCLE ( 'NONE', #540, 22.00000000000000000 ) ;
#3515 = EDGE_CURVE ( 'NONE', #4573, #2180, #4685, .T. ) ;
#3516 = CYLINDRICAL_SURFACE ( 'NONE', #996, 0.6249999999999996669 ) ;
#3517 = ORIENTED_EDGE ( 'NONE', *, *, #5059, .T. ) ;
#3518 = CARTESIAN_POINT ( 'NONE',  ( 0.000000000000000000, 0.000000000000000000, 10.00000000000000000 ) ) ;
#3519 = ORIENTED_EDGE ( 'NONE', *, *, #3303, .T. ) ;
#3520 = ORIENTED_EDGE ( 'NONE', *, *, #4634, .T. ) ;
#3521 = VECTOR ( 'NONE', #4097, 1000.000000000000000 ) ;
#3522 = DIRECTION ( 'NONE',  ( -0.9510565162951563067, 0.3090169943749390691, 0.000000000000000000 ) ) ;
#3523 = CARTESIAN_POINT ( 'NONE',  ( 15.68651078837833168, 11.06028173450764740, -10.00000000000000000 ) ) ;
#3524 = CARTESIAN_POINT ( 'NONE',  ( 11.50094328468407845, -15.36635143171838003, -10.00000000000000000 ) ) ;
#3525 = FACE_OUTER_BOUND ( 'NONE', #3847, .T. ) ;
#3526 = ORIENTED_EDGE ( 'NONE', *, *, #5261, .F. ) ;
#3527 = CARTESIAN_POINT ( 'NONE',  ( -14.33960824982066207, -11.09931426106900432, 10.00000000000000000 ) ) ;
#3528 = CIRCLE ( 'NONE', #4474, 22.00000000000000000 ) ;
#3529 = ORIENTED_EDGE ( 'NONE', *, *, #1718, .T. ) ;
#3530 = DIRECTION ( 'NONE',  ( 1.000000000000000000, 0.000000000000000000, 0.000000000000000000 ) ) ;
#3531 = CARTESIAN_POINT ( 'NONE',  ( -1.175390804045152171, -18.15080162460478164, 10.00000000000000000 ) ) ;
#3532 = CARTESIAN_POINT ( 'NONE',  ( -15.68651078837841517, -11.06028173450753904, 10.00000000000000000 ) ) ;
#3533 = EDGE_CURVE ( 'NONE', #763, #4889, #704, .T. ) ;
#3534 = DIRECTION ( 'NONE',  ( 0.000000000000000000, 0.000000000000000000, 1.000000000000000000 ) ) ;
#3535 = CIRCLE ( 'NONE', #3029, 0.6250000000000006661 ) ;
#3536 = CIRCLE ( 'NONE', #474, 4.500000000000000888 ) ;
#3537 = AXIS2_PLACEMENT_3D ( 'NONE', #969, #3355, #2954 ) ;
#3538 = EDGE_LOOP ( 'NONE', ( #3739, #3621, #2528, #1738 ) ) ;
#3539 = DIRECTION ( 'NONE',  ( -0.000000000000000000, -0.000000000000000000, 1.000000000000000000 ) ) ;
#3540 = EDGE_LOOP ( 'NONE', ( #5053, #315, #5006, #2745 ) ) ;
#3541 = ORIENTED_EDGE ( 'NONE', *, *, #1325, .T. ) ;
#3542 = CIRCLE ( 'NONE', #1244, 0.6250000000000002220 ) ;
#3543 = ADVANCED_FACE ( 'NONE', ( #1022 ), #4707, .F. ) ;
#3544 = AXIS2_PLACEMENT_3D ( 'NONE', #4783, #204, #2720 ) ;
#3545 = CARTESIAN_POINT ( 'NONE',  ( 16.47324427700571192, 5.931756891039385415, -10.00000000000000000 ) ) ;
#3546 = ORIENTED_EDGE ( 'NONE', *, *, #2059, .F. ) ;
#3547 = CARTESIAN_POINT ( 'NONE',  ( 18.12500000000000000, 0.5509236102170719240, -10.00000000000000000 ) ) ;
#3548 = ORIENTED_EDGE ( 'NONE', *, *, #1292, .T. ) ;
#3549 = EDGE_LOOP ( 'NONE', ( #1762, #303, #2316, #4293 ) ) ;
#3550 = FACE_OUTER_BOUND ( 'NONE', #3071, .T. ) ;
#3551 = EDGE_CURVE ( 'NONE', #1054, #1214, #2764, .T. ) ;
#3552 = EDGE_CURVE ( 'NONE', #4418, #4618, #4736, .T. ) ;
#3553 = DIRECTION ( 'NONE',  ( 1.000000000000000000, 0.000000000000000000, 0.000000000000000000 ) ) ;
#3554 = DIRECTION ( 'NONE',  ( -0.9510565162951576390, 0.3090169943749348502, 0.000000000000000000 ) ) ;
#3555 = DIRECTION ( 'NONE',  ( 0.000000000000000000, 0.000000000000000000, 1.000000000000000000 ) ) ;
#3556 = EDGE_CURVE ( 'NONE', #3063, #1865, #1737, .T. ) ;
#3557 = FACE_BOUND ( 'NONE', #1511, .T. ) ;
#3558 = VERTEX_POINT ( 'NONE', #1872 ) ;
#3559 = VECTOR ( 'NONE', #5196, 1000.000000000000114 ) ;
#3560 = DIRECTION ( 'NONE',  ( 1.000000000000000000, 0.000000000000000000, 0.000000000000000000 ) ) ;
#3561 = EDGE_LOOP ( 'NONE', ( #2404, #4021, #693, #1147 ) ) ;
#3562 = EDGE_CURVE ( 'NONE', #1478, #403, #2771, .T. ) ;
#3563 = FACE_OUTER_BOUND ( 'NONE', #4281, .T. ) ;
#3564 = DIRECTION ( 'NONE',  ( -1.000000000000000000, 0.000000000000000000, 0.000000000000000000 ) ) ;
#3565 = CARTESIAN_POINT ( 'NONE',  ( -5.671554599608693792, -18.33657332175918597, -10.00000000000000000 ) ) ;
#3566 = CIRCLE ( 'NONE', #1773, 0.6250000000000001110 ) ;
#3567 = DIRECTION ( 'NONE',  ( -0.000000000000000000, 0.000000000000000000, 1.000000000000000000 ) ) ;
#3568 = VERTEX_POINT ( 'NONE', #2466 ) ;
#3569 = LINE ( 'NONE', #3085, #2905 ) ;
#3570 = ORIENTED_EDGE ( 'NONE', *, *, #1523, .F. ) ;
#3571 = VERTEX_POINT ( 'NONE', #1957 ) ;
#3572 = DIRECTION ( 'NONE',  ( 0.5877852522924712497, 0.8090169943749487835, 0.000000000000000000 ) ) ;
#3573 = ORIENTED_EDGE ( 'NONE', *, *, #4106, .F. ) ;
#3574 = CARTESIAN_POINT ( 'NONE',  ( 10.54246546439066456, 19.30949046277840608, -10.00000000000000000 ) ) ;
#3575 = VERTEX_POINT ( 'NONE', #410 ) ;
#3576 = VERTEX_POINT ( 'NONE', #4881 ) ;
#3577 = DIRECTION ( 'NONE',  ( 0.000000000000000000, -0.000000000000000000, 1.000000000000000000 ) ) ;
#3578 = ADVANCED_FACE ( 'NONE', ( #3 ), #4467, .T. ) ;
#3579 = EDGE_CURVE ( 'NONE', #2240, #2822, #4723, .T. ) ;
#3580 = CARTESIAN_POINT ( 'NONE',  ( 17.06765459969030729, -6.124892512523376631, -10.00000000000000000 ) ) ;
#3581 = DIRECTION ( 'NONE',  ( -0.000000000000000000, 0.000000000000000000, -1.000000000000000000 ) ) ;
#3582 = DIRECTION ( 'NONE',  ( 1.000000000000000000, 0.000000000000000000, 0.000000000000000000 ) ) ;
#3583 = LINE ( 'NONE', #1981, #1659 ) ;
#3584 = ORIENTED_EDGE ( 'NONE', *, *, #1325, .F. ) ;
#3585 = AXIS2_PLACEMENT_3D ( 'NONE', #1629, #3266, #1321 ) ;
#3586 = EDGE_CURVE ( 'NONE', #136, #1381, #3294, .T. ) ;
#3587 = ORIENTED_EDGE ( 'NONE', *, *, #226, .F. ) ;
#3588 = CARTESIAN_POINT ( 'NONE',  ( 0.2723438155440189856, 19.19172429998743468, -10.00000000000000000 ) ) ;
#3589 = CARTESIAN_POINT ( 'NONE',  ( 0.000000000000000000, 0.000000000000000000, 10.00000000000000000 ) ) ;
#3590 = CARTESIAN_POINT ( 'NONE',  ( 9.840535351850553170, -14.48162217478670755, -10.00000000000000000 ) ) ;
#3591 = DIRECTION ( 'NONE',  ( -0.000000000000000000, -0.000000000000000000, 1.000000000000000000 ) ) ;
#3592 = CARTESIAN_POINT ( 'NONE',  ( -4.451973533568319041, 17.40814411600907974, 10.00000000000000000 ) ) ;
#3593 = ORIENTED_EDGE ( 'NONE', *, *, #4929, .F. ) ;
#3594 = CARTESIAN_POINT ( 'NONE',  ( 0.5509236102168820759, -18.12500000000000711, -10.00000000000000000 ) ) ;
#3595 = EDGE_LOOP ( 'NONE', ( #291, #5102, #5047, #3936 ) ) ;
#3596 = VERTEX_POINT ( 'NONE', #1259 ) ;
#3597 = CIRCLE ( 'NONE', #698, 10.00000000000000000 ) ;
#3598 = CIRCLE ( 'NONE', #3349, 4.500000000000000888 ) ;
#3599 = FACE_OUTER_BOUND ( 'NONE', #867, .T. ) ;
#3600 = VERTEX_POINT ( 'NONE', #2034 ) ;
#3601 = DIRECTION ( 'NONE',  ( -0.000000000000000000, -0.000000000000000000, 1.000000000000000000 ) ) ;
#3602 = ORIENTED_EDGE ( 'NONE', *, *, #1420, .T. ) ;
#3603 = AXIS2_PLACEMENT_3D ( 'NONE', #4677, #2646, #2241 ) ;
#3604 = VERTEX_POINT ( 'NONE', #2361 ) ;
#3605 = CARTESIAN_POINT ( 'NONE',  ( 6.726769246911603162, 16.89922242757914006, 10.00000000000000000 ) ) ;
#3606 = AXIS2_PLACEMENT_3D ( 'NONE', #4448, #1991, #1167 ) ;
#3607 = LINE ( 'NONE', #4848, #53 ) ;
#3608 = CARTESIAN_POINT ( 'NONE',  ( 0.000000000000000000, 0.000000000000000000, -10.00000000000000000 ) ) ;
#3609 = DIRECTION ( 'NONE',  ( 1.000000000000000000, 0.000000000000000000, 0.000000000000000000 ) ) ;
#3610 = CARTESIAN_POINT ( 'NONE',  ( 6.189583320500583241, 18.16825558712707789, -10.00000000000000000 ) ) ;
#3611 = ORIENTED_EDGE ( 'NONE', *, *, #2609, .T. ) ;
#3612 = ORIENTED_EDGE ( 'NONE', *, *, #5046, .T. ) ;
#3613 = EDGE_CURVE ( 'NONE', #2584, #1496, #3618, .T. ) ;
#3614 = DIRECTION ( 'NONE',  ( 3.854941057726237111E-15, -1.000000000000000000, 0.000000000000000000 ) ) ;
#3615 = DIRECTION ( 'NONE',  ( -0.8090169943749507819, 0.5877852522924685852, 0.000000000000000000 ) ) ;
#3616 = CARTESIAN_POINT ( 'NONE',  ( -18.16825558712696775, -6.189583320500910091, -10.00000000000000000 ) ) ;
#3617 = DIRECTION ( 'NONE',  ( 1.000000000000000000, 0.000000000000000000, 0.000000000000000000 ) ) ;
#3618 = CIRCLE ( 'NONE', #3282, 4.500000000000000888 ) ;
#3619 = CARTESIAN_POINT ( 'NONE',  ( -1.171554599608693348, -18.33657332175918597, -10.00000000000000000 ) ) ;
#3620 = DIRECTION ( 'NONE',  ( -0.000000000000000000, -0.000000000000000000, -1.000000000000000000 ) ) ;
#3621 = ORIENTED_EDGE ( 'NONE', *, *, #4864, .T. ) ;
#3622 = EDGE_CURVE ( 'NONE', #4534, #3365, #4417, .T. ) ;
#3623 = VECTOR ( 'NONE', #2412, 1000.000000000000000 ) ;
#3624 = ORIENTED_EDGE ( 'NONE', *, *, #23, .F. ) ;
#3625 = VECTOR ( 'NONE', #4046, 1000.000000000000000 ) ;
#3626 = ORIENTED_EDGE ( 'NONE', *, *, #593, .T. ) ;
#3627 = CYLINDRICAL_SURFACE ( 'NONE', #3269, 4.500000000000000888 ) ;
#3628 = ORIENTED_EDGE ( 'NONE', *, *, #3362, .F. ) ;
#3629 = AXIS2_PLACEMENT_3D ( 'NONE', #3427, #5060, #5032 ) ;
#3630 = ORIENTED_EDGE ( 'NONE', *, *, #419, .F. ) ;
#3631 = CARTESIAN_POINT ( 'NONE',  ( 0.000000000000000000, 0.000000000000000000, -5.000000000000000000 ) ) ;
#3632 = AXIS2_PLACEMENT_3D ( 'NONE', #2558, #158, #4948 ) ;
#3633 = CARTESIAN_POINT ( 'NONE',  ( 11.61968464773363507, -13.99342959553563936, -10.00000000000000000 ) ) ;
#3634 = CARTESIAN_POINT ( 'NONE',  ( 15.37518435613170098, -9.717862376724246687, -10.00000000000000000 ) ) ;
#3635 = DIRECTION ( 'NONE',  ( -0.000000000000000000, -0.000000000000000000, 1.000000000000000000 ) ) ;
#3636 = CARTESIAN_POINT ( 'NONE',  ( -16.47324427700579719, 5.931756891039152713, 10.00000000000000000 ) ) ;
#3637 = ORIENTED_EDGE ( 'NONE', *, *, #1236, .T. ) ;
#3638 = CIRCLE ( 'NONE', #4582, 22.00000000000000000 ) ;
#3639 = ORIENTED_EDGE ( 'NONE', *, *, #4488, .F. ) ;
#3640 = EDGE_CURVE ( 'NONE', #1856, #1483, #786, .T. ) ;
#3641 = CARTESIAN_POINT ( 'NONE',  ( -9.840535351850345336, -14.48162217478685143, 10.00000000000000000 ) ) ;
#3642 = DIRECTION ( 'NONE',  ( 0.000000000000000000, 0.000000000000000000, 1.000000000000000000 ) ) ;
#3643 = CIRCLE ( 'NONE', #4318, 4.500000000000000000 ) ;
#3644 = DIRECTION ( 'NONE',  ( 0.000000000000000000, 0.000000000000000000, -1.000000000000000000 ) ) ;
#3645 = CARTESIAN_POINT ( 'NONE',  ( 11.06028173450726371, 15.68651078837860346, -10.00000000000000000 ) ) ;
#3646 = ADVANCED_FACE ( 'NONE', ( #383 ), #357, .T. ) ;
#3647 = DIRECTION ( 'NONE',  ( -0.000000000000000000, -0.000000000000000000, 1.000000000000000000 ) ) ;
#3648 = ADVANCED_FACE ( 'NONE', ( #3550 ), #1093, .T. ) ;
#3649 = ADVANCED_FACE ( 'NONE', ( #2246 ), #209, .F. ) ;
#3650 = ORIENTED_EDGE ( 'NONE', *, *, #1205, .F. ) ;
#3651 = CYLINDRICAL_SURFACE ( 'NONE', #1007, 4.500000000000002665 ) ;
#3652 = EDGE_CURVE ( 'NONE', #3706, #2053, #5165, .T. ) ;
#3653 = VERTEX_POINT ( 'NONE', #5135 ) ;
#3654 = CARTESIAN_POINT ( 'NONE',  ( 0.5509236102168820759, -18.12500000000000711, 10.00000000000000000 ) ) ;
#3655 = VERTEX_POINT ( 'NONE', #4351 ) ;
#3656 = ORIENTED_EDGE ( 'NONE', *, *, #1268, .T. ) ;
#3657 = CYLINDRICAL_SURFACE ( 'NONE', #3356, 4.500000000000000888 ) ;
#3658 = DIRECTION ( 'NONE',  ( 1.000000000000000000, 0.000000000000000000, 0.000000000000000000 ) ) ;
#3659 = CARTESIAN_POINT ( 'NONE',  ( 0.000000000000000000, 0.000000000000000000, 10.00000000000000000 ) ) ;
#3660 = LINE ( 'NONE', #4116, #4608 ) ;
#3661 = DIRECTION ( 'NONE',  ( -0.8090169943749422332, -0.5877852522924802425, 0.000000000000000000 ) ) ;
#3662 = ORIENTED_EDGE ( 'NONE', *, *, #2585, .T. ) ;
#3663 = DIRECTION ( 'NONE',  ( -0.000000000000000000, 0.000000000000000000, -1.000000000000000000 ) ) ;
#3664 = AXIS2_PLACEMENT_3D ( 'NONE', #3232, #2888, #4867 ) ;
#3665 = EDGE_LOOP ( 'NONE', ( #4372, #2835, #715, #5019 ) ) ;
#3666 = CARTESIAN_POINT ( 'NONE',  ( -16.89922242757902637, -6.726769246911898037, -10.00000000000000000 ) ) ;
#3667 = AXIS2_PLACEMENT_3D ( 'NONE', #865, #3319, #4063 ) ;
#3668 = CIRCLE ( 'NONE', #4344, 22.00000000000000000 ) ;
#3669 = DIRECTION ( 'NONE',  ( 0.000000000000000000, 0.000000000000000000, 1.000000000000000000 ) ) ;
#3670 = FACE_OUTER_BOUND ( 'NONE', #3009, .T. ) ;
#3671 = FACE_OUTER_BOUND ( 'NONE', #289, .T. ) ;
#3672 = CARTESIAN_POINT ( 'NONE',  ( 0.000000000000000000, 0.000000000000000000, -10.00000000000000000 ) ) ;
#3673 = CARTESIAN_POINT ( 'NONE',  ( -4.491043080150753930, 17.62565389454302434, -10.00000000000000000 ) ) ;
#3674 = VERTEX_POINT ( 'NONE', #2218 ) ;
#3675 = DIRECTION ( 'NONE',  ( 0.000000000000000000, -0.000000000000000000, -1.000000000000000000 ) ) ;
#3676 = EDGE_CURVE ( 'NONE', #4322, #596, #2649, .T. ) ;
#3677 = ADVANCED_FACE ( 'NONE', ( #617 ), #5112, .F. ) ;
#3678 = CARTESIAN_POINT ( 'NONE',  ( -14.98725779627115884, 10.20790113453318781, -10.00000000000000000 ) ) ;
#3679 = ORIENTED_EDGE ( 'NONE', *, *, #2383, .T. ) ;
#3680 = ORIENTED_EDGE ( 'NONE', *, *, #4038, .T. ) ;
#3681 = CYLINDRICAL_SURFACE ( 'NONE', #2498, 4.500000000000000888 ) ;
#3682 = VECTOR ( 'NONE', #889, 1000.000000000000000 ) ;
#3683 = EDGE_CURVE ( 'NONE', #4796, #3455, #1391, .T. ) ;
#3684 = EDGE_CURVE ( 'NONE', #3143, #2352, #4896, .T. ) ;
#3685 = ADVANCED_FACE ( 'NONE', ( #1949 ), #4031, .F. ) ;
#3686 = CIRCLE ( 'NONE', #3938, 0.6249999999999997780 ) ;
#3687 = DIRECTION ( 'NONE',  ( 0.000000000000000000, -0.000000000000000000, 1.000000000000000000 ) ) ;
#3688 = LINE ( 'NONE', #407, #5233 ) ;
#3689 = CARTESIAN_POINT ( 'NONE',  ( 17.06765459969030729, -6.124892512523376631, -10.00000000000000000 ) ) ;
#3690 = CARTESIAN_POINT ( 'NONE',  ( 0.000000000000000000, 0.000000000000000000, 5.000000000000000000 ) ) ;
#3691 = ORIENTED_EDGE ( 'NONE', *, *, #651, .T. ) ;
#3692 = AXIS2_PLACEMENT_3D ( 'NONE', #1975, #323, #805 ) ;
#3693 = VERTEX_POINT ( 'NONE', #1542 ) ;
#3694 = CARTESIAN_POINT ( 'NONE',  ( 21.81841165988031506, -2.820799999999773711, -10.00000000000000000 ) ) ;
#3695 = DIRECTION ( 'NONE',  ( 0.000000000000000000, 0.000000000000000000, 1.000000000000000000 ) ) ;
#3696 = CIRCLE ( 'NONE', #2068, 4.500000000000000888 ) ;
#3697 = CARTESIAN_POINT ( 'NONE',  ( 14.33960824982058035, 11.09931426106911090, 10.00000000000000000 ) ) ;
#3698 = DIRECTION ( 'NONE',  ( 1.000000000000000000, 0.000000000000000000, 0.000000000000000000 ) ) ;
#3699 = AXIS2_PLACEMENT_3D ( 'NONE', #470, #4628, #2523 ) ;
#3700 = DIRECTION ( 'NONE',  ( -1.000000000000000000, -1.047444401652940007E-14, 0.000000000000000000 ) ) ;
#3701 = CARTESIAN_POINT ( 'NONE',  ( 0.7500000000000007772, 8.250000000000000000, -10.00000000000000000 ) ) ;
#3702 = ADVANCED_FACE ( 'NONE', ( #2054 ), #3260, .F. ) ;
#3703 = DIRECTION ( 'NONE',  ( -0.3090169943749499493, 0.9510565162951527540, 0.000000000000000000 ) ) ;
#3704 = EDGE_LOOP ( 'NONE', ( #3519, #5226, #185, #488 ) ) ;
#3705 = LINE ( 'NONE', #456, #3433 ) ;
#3706 = VERTEX_POINT ( 'NONE', #2788 ) ;
#3707 = VERTEX_POINT ( 'NONE', #4084 ) ;
#3708 = AXIS2_PLACEMENT_3D ( 'NONE', #247, #1962, #4712 ) ;
#3709 = LINE ( 'NONE', #52, #109 ) ;
#3710 = EDGE_CURVE ( 'NONE', #1284, #2584, #3696, .T. ) ;
#3711 = CIRCLE ( 'NONE', #2089, 0.6250000000000006661 ) ;
#3712 = DIRECTION ( 'NONE',  ( 1.000000000000000000, 0.000000000000000000, 0.000000000000000000 ) ) ;
#3713 = DIRECTION ( 'NONE',  ( 0.000000000000000000, 0.000000000000000000, 1.000000000000000000 ) ) ;
#3714 = CARTESIAN_POINT ( 'NONE',  ( 4.772343815544422441, -19.19172429998743112, -10.00000000000000000 ) ) ;
#3715 = ADVANCED_FACE ( 'NONE', ( #837 ), #3211, .T. ) ;
#3716 = EDGE_LOOP ( 'NONE', ( #3467, #3335, #3863, #1424 ) ) ;
#3717 = EDGE_CURVE ( 'NONE', #1349, #2484, #1302, .T. ) ;
#3718 = CIRCLE ( 'NONE', #4923, 0.6250000000000003331 ) ;
#3719 = ORIENTED_EDGE ( 'NONE', *, *, #3533, .F. ) ;
#3720 = CYLINDRICAL_SURFACE ( 'NONE', #4404, 0.6250000000000005551 ) ;
#3721 = DIRECTION ( 'NONE',  ( 0.000000000000000000, 0.000000000000000000, 1.000000000000000000 ) ) ;
#3722 = AXIS2_PLACEMENT_3D ( 'NONE', #2030, #2462, #3658 ) ;
#3723 = CARTESIAN_POINT ( 'NONE',  ( -11.06028173450736674, -15.68651078837853419, -10.00000000000000000 ) ) ;
#3724 = DIRECTION ( 'NONE',  ( -0.000000000000000000, 0.000000000000000000, -1.000000000000000000 ) ) ;
#3725 = ADVANCED_FACE ( 'NONE', ( #5274 ), #3681, .T. ) ;
#3726 = VECTOR ( 'NONE', #1672, 1000.000000000000000 ) ;
#3727 = CARTESIAN_POINT ( 'NONE',  ( -6.124892512523554267, 17.06765459969024690, -10.00000000000000000 ) ) ;
#3728 = DIRECTION ( 'NONE',  ( 0.000000000000000000, 0.000000000000000000, 1.000000000000000000 ) ) ;
#3729 = EDGE_LOOP ( 'NONE', ( #95, #4844, #3869, #725 ) ) ;
#3730 = AXIS2_PLACEMENT_3D ( 'NONE', #1547, #214, #3923 ) ;
#3731 = CIRCLE ( 'NONE', #2284, 4.500000000000001776 ) ;
#3732 = FACE_OUTER_BOUND ( 'NONE', #85, .T. ) ;
#3733 = ORIENTED_EDGE ( 'NONE', *, *, #1687, .F. ) ;
#3734 = DIRECTION ( 'NONE',  ( 0.000000000000000000, 0.000000000000000000, 1.000000000000000000 ) ) ;
#3735 = VERTEX_POINT ( 'NONE', #3605 ) ;
#3736 = CLOSED_SHELL ( 'NONE', ( #2018, #3932, #2480, #3910, #4205, #4665, #2934, #2903, #4587, #971, #4236, #2778, #462, #5023, #4995, #2571, #4169, #2570, #3725, #1910, #2205, #2381, #4434, #1903, #4436, #491, #3509, #2701, #1586, #868, #5157, #821, #2709, #2175, #4215, #3742, #4636, #2693, #718, #2210, #609, #3646, #4597, #2592, #3090, #5122, #3226, #5072, #2078, #1335, #4799, #22, #3543, #3421, #4103, #4760, #1208, #2286, #3649, #494, #184, #5030, #2081, #3946, #4136, #4691, #427, #2139, #2242, #4468, #27, #396, #2244, #938, #4872, #4201, #4623, #4510, #3971, #215, #3745, #3296, #1915, #4078, #3702, #4269, #2308, #4532, #121, #3042, #554, #1847, #2481, #4967, #3386, #5201, #3773, #3060, #4574, #3483, #750, #1238, #2476, #60, #2912, #3648, #1593, #3677, #143, #2212, #2516, #2312, #5029, #2035, #490, #3715, #585, #352, #753, #806, #3164, #2473, #1727, #3425, #1744, #970, #972, #3451, #4497, #2887, #2773, #676, #3685, #1755, #1169, #2811, #4778, #2407, #2665, #1446, #681, #1793, #3004, #4832, #816, #442, #3903, #308, #1761, #2375, #5092, #5298, #3578, #1136, #5031, #1878 ) ) ;
#3737 = DIRECTION ( 'NONE',  ( -1.000000000000000000, 0.000000000000000000, 0.000000000000000000 ) ) ;
#3738 = CARTESIAN_POINT ( 'NONE',  ( -9.582901134533242882, 14.98725779627112686, -10.00000000000000000 ) ) ;
#3739 = ORIENTED_EDGE ( 'NONE', *, *, #4961, .F. ) ;
#3740 = CARTESIAN_POINT ( 'NONE',  ( -6.726769246911714184, -16.89922242757909387, 10.00000000000000000 ) ) ;
#3741 = ORIENTED_EDGE ( 'NONE', *, *, #4599, .F. ) ;
#3742 = ADVANCED_FACE ( 'NONE', ( #3976 ), #2029, .T. ) ;
#3743 = DIRECTION ( 'NONE',  ( 0.8090169943749465631, 0.5877852522924742473, 0.000000000000000000 ) ) ;
#3744 = CARTESIAN_POINT ( 'NONE',  ( -19.30949046277828884, 10.54246546439087417, -10.00000000000000000 ) ) ;
#3745 = ADVANCED_FACE ( 'NONE', ( #2863 ), #3657, .T. ) ;
#3746 = CYLINDRICAL_SURFACE ( 'NONE', #282, 4.500000000000000888 ) ;
#3747 = DIRECTION ( 'NONE',  ( 0.8090169943749547787, -0.5877852522924629231, 0.000000000000000000 ) ) ;
#3748 = AXIS2_PLACEMENT_3D ( 'NONE', #3363, #3860, #200 ) ;
#3749 = CARTESIAN_POINT ( 'NONE',  ( 17.62565389454306697, -4.491043080150573630, -10.00000000000000000 ) ) ;
#3750 = DIRECTION ( 'NONE',  ( -0.000000000000000000, 0.000000000000000000, 1.000000000000000000 ) ) ;
#3751 = LINE ( 'NONE', #3334, #2911 ) ;
#3752 = VERTEX_POINT ( 'NONE', #4789 ) ;
#3753 =( GEOMETRIC_REPRESENTATION_CONTEXT ( 3 ) GLOBAL_UNCERTAINTY_ASSIGNED_CONTEXT ( ( #4263 ) ) GLOBAL_UNIT_ASSIGNED_CONTEXT ( ( #3320, #514, #1735 ) ) REPRESENTATION_CONTEXT ( 'NONE', 'WORKASPACE' ) );
#3754 = LINE ( 'NONE', #97, #430 ) ;
#3755 = ORIENTED_EDGE ( 'NONE', *, *, #4865, .T. ) ;
#3756 = ORIENTED_EDGE ( 'NONE', *, *, #3135, .T. ) ;
#3757 = DIRECTION ( 'NONE',  ( 0.9510565162951580831, -0.3090169943749332404, 0.000000000000000000 ) ) ;
#3758 = CARTESIAN_POINT ( 'NONE',  ( 1.175923610216882187, -18.12500000000000711, -10.00000000000000000 ) ) ;
#3759 = CYLINDRICAL_SURFACE ( 'NONE', #5235, 0.6250000000000005551 ) ;
#3760 = VERTEX_POINT ( 'NONE', #2816 ) ;
#3761 = SHAPE_DEFINITION_REPRESENTATION ( #4100, #4317 ) ;
#3762 = EDGE_LOOP ( 'NONE', ( #2669, #3904, #2898, #2747 ) ) ;
#3763 = VERTEX_POINT ( 'NONE', #1121 ) ;
#3764 = AXIS2_PLACEMENT_3D ( 'NONE', #241, #1546, #1096 ) ;
#3765 = VECTOR ( 'NONE', #4657, 1000.000000000000000 ) ;
#3766 = DIRECTION ( 'NONE',  ( 0.000000000000000000, -0.000000000000000000, 1.000000000000000000 ) ) ;
#3767 = CARTESIAN_POINT ( 'NONE',  ( -11.06028173450748220, 15.68651078837845070, -10.00000000000000000 ) ) ;
#3768 = CARTESIAN_POINT ( 'NONE',  ( -16.44265459969027177, 6.124892512523492982, 10.00000000000000000 ) ) ;
#3769 = CIRCLE ( 'NONE', #4457, 0.6249999999999995559 ) ;
#3770 = AXIS2_PLACEMENT_3D ( 'NONE', #3547, #1919, #4813 ) ;
#3771 = CARTESIAN_POINT ( 'NONE',  ( 16.81373379332465490, -4.883837912083803801, -10.00000000000000000 ) ) ;
#3772 = APPLICATION_CONTEXT ( 'automotive_design' ) ;
#3773 = ADVANCED_FACE ( 'NONE', ( #2755 ), #1207, .T. ) ;
#3774 = AXIS2_PLACEMENT_3D ( 'NONE', #4913, #1245, #4101 ) ;
#3775 = LINE ( 'NONE', #3332, #4898 ) ;
#3776 = DIRECTION ( 'NONE',  ( -5.551115123125781913E-15, 1.000000000000000000, 0.000000000000000000 ) ) ;
#3777 = DIRECTION ( 'NONE',  ( -0.000000000000000000, 0.000000000000000000, -1.000000000000000000 ) ) ;
#3778 = EDGE_LOOP ( 'NONE', ( #3072, #4645, #2330, #835 ) ) ;
#3779 = AXIS2_PLACEMENT_3D ( 'NONE', #4045, #4446, #446 ) ;
#3780 = EDGE_CURVE ( 'NONE', #4441, #2968, #277, .T. ) ;
#3781 = CARTESIAN_POINT ( 'NONE',  ( 14.98725779627101140, 10.20790113453340453, -10.00000000000000000 ) ) ;
#3782 = ORIENTED_EDGE ( 'NONE', *, *, #1515, .F. ) ;
#3783 = VECTOR ( 'NONE', #2250, 1000.000000000000000 ) ;
#3784 = LINE ( 'NONE', #4590, #2001 ) ;
#3785 = VERTEX_POINT ( 'NONE', #2406 ) ;
#3786 = CARTESIAN_POINT ( 'NONE',  ( -15.37518435613155887, -9.717862376724466955, -10.00000000000000000 ) ) ;
#3787 = ORIENTED_EDGE ( 'NONE', *, *, #962, .T. ) ;
#3788 = AXIS2_PLACEMENT_3D ( 'NONE', #3814, #4643, #2234 ) ;
#3789 = CYLINDRICAL_SURFACE ( 'NONE', #2265, 0.6250000000000005551 ) ;
#3790 = PLANE ( 'NONE',  #795 ) ;
#3791 = ORIENTED_EDGE ( 'NONE', *, *, #1789, .F. ) ;
#3792 = ORIENTED_EDGE ( 'NONE', *, *, #358, .F. ) ;
#3793 = VECTOR ( 'NONE', #1445, 1000.000000000000000 ) ;
#3794 = AXIS2_PLACEMENT_3D ( 'NONE', #1000, #1288, #1772 ) ;
#3795 = CARTESIAN_POINT ( 'NONE',  ( 5.076973533568079233, 17.40814411600914724, -10.00000000000000000 ) ) ;
#3796 = CARTESIAN_POINT ( 'NONE',  ( -0.7499999999999992228, 7.462405778299650017, -10.00000000000000000 ) ) ;
#3797 = DIRECTION ( 'NONE',  ( 1.000000000000000000, 0.000000000000000000, 0.000000000000000000 ) ) ;
#3798 = VECTOR ( 'NONE', #414, 1000.000000000000000 ) ;
#3799 = CYLINDRICAL_SURFACE ( 'NONE', #3794, 4.500000000000000888 ) ;
#3800 = EDGE_CURVE ( 'NONE', #1225, #2010, #3015, .T. ) ;
#3801 = CARTESIAN_POINT ( 'NONE',  ( -15.36635143171850792, 11.50094328468391147, 10.00000000000000000 ) ) ;
#3802 = CARTESIAN_POINT ( 'NONE',  ( -0.7499999999999992228, 7.462405778299650017, -10.00000000000000000 ) ) ;
#3803 = DIRECTION ( 'NONE',  ( -0.000000000000000000, -0.000000000000000000, 1.000000000000000000 ) ) ;
#3804 = ORIENTED_EDGE ( 'NONE', *, *, #11, .F. ) ;
#3805 = FACE_OUTER_BOUND ( 'NONE', #2576, .T. ) ;
#3806 = EDGE_CURVE ( 'NONE', #4788, #2425, #1377, .T. ) ;
#3807 = EDGE_CURVE ( 'NONE', #3065, #4621, #1896, .T. ) ;
#3808 = EDGE_CURVE ( 'NONE', #3003, #1814, #4374, .T. ) ;
#3809 = ORIENTED_EDGE ( 'NONE', *, *, #4874, .T. ) ;
#3810 = DIRECTION ( 'NONE',  ( 0.5877852522924713607, 0.8090169943749486725, 0.000000000000000000 ) ) ;
#3811 = ORIENTED_EDGE ( 'NONE', *, *, #5212, .F. ) ;
#3812 = AXIS2_PLACEMENT_3D ( 'NONE', #2357, #670, #298 ) ;
#3813 = EDGE_CURVE ( 'NONE', #4549, #2189, #4980, .T. ) ;
#3814 = CARTESIAN_POINT ( 'NONE',  ( 10.20790113453302439, 14.98725779627127075, -10.00000000000000000 ) ) ;
#3815 = EDGE_CURVE ( 'NONE', #3854, #4441, #3393, .T. ) ;
#3816 = VERTEX_POINT ( 'NONE', #3288 ) ;
#3817 = ORIENTED_EDGE ( 'NONE', *, *, #1958, .T. ) ;
#3818 = CARTESIAN_POINT ( 'NONE',  ( 18.15080162460476743, 1.175390804045340243, -10.00000000000000000 ) ) ;
#3819 = VERTEX_POINT ( 'NONE', #3786 ) ;
#3820 = CARTESIAN_POINT ( 'NONE',  ( -21.81841165988029729, 2.820799999999926033, -10.00000000000000000 ) ) ;
#3821 = ORIENTED_EDGE ( 'NONE', *, *, #2414, .F. ) ;
#3822 = CIRCLE ( 'NONE', #411, 0.6249999999999994449 ) ;
#3823 = VERTEX_POINT ( 'NONE', #2156 ) ;
#3824 = CIRCLE ( 'NONE', #1512, 0.6250000000000000000 ) ;
#3825 = DIRECTION ( 'NONE',  ( 1.000000000000000000, 0.000000000000000000, 0.000000000000000000 ) ) ;
#3826 = CARTESIAN_POINT ( 'NONE',  ( -9.582901134533138077, -14.98725779627119437, -10.00000000000000000 ) ) ;
#3827 = EDGE_CURVE ( 'NONE', #3312, #3707, #2486, .T. ) ;
#3828 = FACE_OUTER_BOUND ( 'NONE', #4487, .T. ) ;
#3829 = CARTESIAN_POINT ( 'NONE',  ( -15.37518435613155887, -9.717862376724466955, -10.00000000000000000 ) ) ;
#3830 = EDGE_LOOP ( 'NONE', ( #3251, #4494, #4686, #667 ) ) ;
#3831 = DIRECTION ( 'NONE',  ( 0.000000000000000000, 0.000000000000000000, -1.000000000000000000 ) ) ;
#3832 = DIRECTION ( 'NONE',  ( 0.000000000000000000, 0.000000000000000000, -1.000000000000000000 ) ) ;
#3833 = ORIENTED_EDGE ( 'NONE', *, *, #2022, .F. ) ;
#3834 = CARTESIAN_POINT ( 'NONE',  ( 19.19172429998743468, -0.2723438155440866537, 10.00000000000000000 ) ) ;
#3835 = AXIS2_PLACEMENT_3D ( 'NONE', #228, #3935, #4776 ) ;
#3836 = ORIENTED_EDGE ( 'NONE', *, *, #2055, .T. ) ;
#3837 = CARTESIAN_POINT ( 'NONE',  ( -5.671554599608693792, 18.33657332175918597, -10.00000000000000000 ) ) ;
#3838 = ORIENTED_EDGE ( 'NONE', *, *, #1521, .F. ) ;
#3839 = ORIENTED_EDGE ( 'NONE', *, *, #3676, .F. ) ;
#3840 = VECTOR ( 'NONE', #1828, 1000.000000000000000 ) ;
#3841 = ORIENTED_EDGE ( 'NONE', *, *, #1289, .T. ) ;
#3842 = EDGE_CURVE ( 'NONE', #2663, #4549, #3342, .T. ) ;
#3843 = EDGE_CURVE ( 'NONE', #917, #664, #887, .T. ) ;
#3844 = CARTESIAN_POINT ( 'NONE',  ( -5.076973533568192920, -17.40814411600911527, -10.00000000000000000 ) ) ;
#3845 = DIRECTION ( 'NONE',  ( -3.491481338843133355E-15, 1.000000000000000000, 0.000000000000000000 ) ) ;
#3846 = ORIENTED_EDGE ( 'NONE', *, *, #948, .T. ) ;
#3847 = EDGE_LOOP ( 'NONE', ( #2260, #3487, #4184, #4507 ) ) ;
#3848 = EDGE_CURVE ( 'NONE', #652, #4170, #3436, .T. ) ;
#3849 = CARTESIAN_POINT ( 'NONE',  ( -15.10661573985664852, 15.99344118344503052, 10.00000000000000000 ) ) ;
#3850 = CARTESIAN_POINT ( 'NONE',  ( -1.171554599608693348, -18.33657332175918597, 10.00000000000000000 ) ) ;
#3851 = DIRECTION ( 'NONE',  ( 1.110223024625156225E-14, -1.000000000000000000, 0.000000000000000000 ) ) ;
#3852 = CARTESIAN_POINT ( 'NONE',  ( -9.582901134533138077, -14.98725779627119437, 10.00000000000000000 ) ) ;
#3853 = VECTOR ( 'NONE', #4384, 1000.000000000000000 ) ;
#3854 = VERTEX_POINT ( 'NONE', #510 ) ;
#3855 = CARTESIAN_POINT ( 'NONE',  ( 15.00000000000000000, 1.836970198721029589E-15, -5.000000000000000000 ) ) ;
#3856 = VECTOR ( 'NONE', #3866, 1000.000000000000000 ) ;
#3857 = CARTESIAN_POINT ( 'NONE',  ( 4.059519772006312088, -21.62221772207212211, -10.00000000000000000 ) ) ;
#3858 = AXIS2_PLACEMENT_3D ( 'NONE', #3631, #4870, #2836 ) ;
#3859 = VERTEX_POINT ( 'NONE', #100 ) ;
#3860 = DIRECTION ( 'NONE',  ( -0.000000000000000000, -0.000000000000000000, 1.000000000000000000 ) ) ;
#3861 = VERTEX_POINT ( 'NONE', #2079 ) ;
#3862 = CARTESIAN_POINT ( 'NONE',  ( 0.000000000000000000, 0.000000000000000000, 10.00000000000000000 ) ) ;
#3863 = ORIENTED_EDGE ( 'NONE', *, *, #4906, .F. ) ;
#3864 = CARTESIAN_POINT ( 'NONE',  ( -0.2723438155441447739, -19.19172429998743468, -10.00000000000000000 ) ) ;
#3865 = EDGE_LOOP ( 'NONE', ( #3241, #2662, #1566, #4142 ) ) ;
#3866 = DIRECTION ( 'NONE',  ( -0.000000000000000000, 0.000000000000000000, 1.000000000000000000 ) ) ;
#3867 = ORIENTED_EDGE ( 'NONE', *, *, #1087, .T. ) ;
#3868 = EDGE_CURVE ( 'NONE', #1849, #3471, #3709, .T. ) ;
#3869 = ORIENTED_EDGE ( 'NONE', *, *, #4271, .T. ) ;
#3870 = EDGE_CURVE ( 'NONE', #5251, #3895, #3092, .T. ) ;
#3871 = CARTESIAN_POINT ( 'NONE',  ( -15.10661573985664852, 15.99344118344503052, -10.00000000000000000 ) ) ;
#3872 = CARTESIAN_POINT ( 'NONE',  ( 16.89922242757897664, 6.726769246912013500, -10.00000000000000000 ) ) ;
#3873 = VECTOR ( 'NONE', #508, 1000.000000000000000 ) ;
#3874 = EDGE_CURVE ( 'NONE', #150, #2856, #4119, .T. ) ;
#3875 = DIRECTION ( 'NONE',  ( 0.000000000000000000, 0.000000000000000000, 1.000000000000000000 ) ) ;
#3876 = CARTESIAN_POINT ( 'NONE',  ( 0.7500000000000007772, 7.462405778299650017, 10.00000000000000000 ) ) ;
#3877 = AXIS2_PLACEMENT_3D ( 'NONE', #468, #4933, #4956 ) ;
#3878 = VERTEX_POINT ( 'NONE', #4186 ) ;
#3879 = DIRECTION ( 'NONE',  ( 0.000000000000000000, 0.000000000000000000, 1.000000000000000000 ) ) ;
#3880 = CARTESIAN_POINT ( 'NONE',  ( 6.189583320500583241, 18.16825558712707789, 10.00000000000000000 ) ) ;
#3881 = AXIS2_PLACEMENT_3D ( 'NONE', #191, #164, #4604 ) ;
#3882 = FACE_OUTER_BOUND ( 'NONE', #4794, .T. ) ;
#3883 = LINE ( 'NONE', #224, #3793 ) ;
#3884 = CIRCLE ( 'NONE', #5262, 0.6250000000000004441 ) ;
#3885 = VERTEX_POINT ( 'NONE', #2510 ) ;
#3886 = DIRECTION ( 'NONE',  ( 0.000000000000000000, -0.000000000000000000, 1.000000000000000000 ) ) ;
#3887 = VERTEX_POINT ( 'NONE', #2940 ) ;
#3888 = VECTOR ( 'NONE', #2942, 1000.000000000000000 ) ;
#3889 = ORIENTED_EDGE ( 'NONE', *, *, #3082, .F. ) ;
#3890 = AXIS2_PLACEMENT_3D ( 'NONE', #3176, #4811, #5242 ) ;
#3891 = ORIENTED_EDGE ( 'NONE', *, *, #1068, .F. ) ;
#3892 = CARTESIAN_POINT ( 'NONE',  ( -18.33657332175920729, 5.671554599608629843, -10.00000000000000000 ) ) ;
#3893 = ORIENTED_EDGE ( 'NONE', *, *, #4299, .F. ) ;
#3894 = FACE_OUTER_BOUND ( 'NONE', #3561, .T. ) ;
#3895 = VERTEX_POINT ( 'NONE', #2128 ) ;
#3896 = EDGE_LOOP ( 'NONE', ( #640, #737, #559, #3115 ) ) ;
#3897 = CARTESIAN_POINT ( 'NONE',  ( -13.71460824982066207, -11.09931426106900432, -10.00000000000000000 ) ) ;
#3898 = DIRECTION ( 'NONE',  ( 1.000000000000000000, 0.000000000000000000, 0.000000000000000000 ) ) ;
#3899 = CARTESIAN_POINT ( 'NONE',  ( 17.50000000000001066, -0.5509236102166986671, -10.00000000000000000 ) ) ;
#3900 = CARTESIAN_POINT ( 'NONE',  ( -10.20790113453313808, -14.98725779627119437, 10.00000000000000000 ) ) ;
#3901 = LINE ( 'NONE', #3475, #721 ) ;
#3902 = AXIS2_PLACEMENT_3D ( 'NONE', #2444, #2899, #2392 ) ;
#3903 = ADVANCED_FACE ( 'NONE', ( #2535 ), #1731, .F. ) ;
#3904 = ORIENTED_EDGE ( 'NONE', *, *, #3249, .T. ) ;
#3905 = LINE ( 'NONE', #738, #2972 ) ;
#3906 = EDGE_CURVE ( 'NONE', #3596, #2748, #1587, .T. ) ;
#3907 = DIRECTION ( 'NONE',  ( 0.000000000000000000, 0.000000000000000000, 1.000000000000000000 ) ) ;
#3908 = CARTESIAN_POINT ( 'NONE',  ( 0.000000000000000000, 0.000000000000000000, 10.00000000000000000 ) ) ;
#3909 = DIRECTION ( 'NONE',  ( 1.000000000000000000, 0.000000000000000000, 0.000000000000000000 ) ) ;
#3910 = ADVANCED_FACE ( 'NONE', ( #1220 ), #3991, .F. ) ;
#3911 = EDGE_CURVE ( 'NONE', #1213, #1941, #4398, .T. ) ;
#3912 = EDGE_LOOP ( 'NONE', ( #4576, #3914, #563, #176 ) ) ;
#3913 = LINE ( 'NONE', #1857, #2553 ) ;
#3914 = ORIENTED_EDGE ( 'NONE', *, *, #3551, .F. ) ;
#3915 = ORIENTED_EDGE ( 'NONE', *, *, #1754, .F. ) ;
#3916 = VECTOR ( 'NONE', #3810, 1000.000000000000000 ) ;
#3917 = FACE_OUTER_BOUND ( 'NONE', #3865, .T. ) ;
#3918 = DIRECTION ( 'NONE',  ( -5.551115123125781913E-15, 1.000000000000000000, 0.000000000000000000 ) ) ;
#3919 = VERTEX_POINT ( 'NONE', #1965 ) ;
#3920 = EDGE_LOOP ( 'NONE', ( #4242, #1703, #2339, #1862 ) ) ;
#3921 = CARTESIAN_POINT ( 'NONE',  ( 0.000000000000000000, 0.000000000000000000, 10.00000000000000000 ) ) ;
#3922 = LINE ( 'NONE', #3948, #1038 ) ;
#3923 = DIRECTION ( 'NONE',  ( 0.9510565162951510887, 0.3090169943749548898, 0.000000000000000000 ) ) ;
#3924 = CYLINDRICAL_SURFACE ( 'NONE', #635, 22.00000000000000000 ) ;
#3925 = VERTEX_POINT ( 'NONE', #2450 ) ;
#3926 = CARTESIAN_POINT ( 'NONE',  ( -18.12500000000001066, 0.5509236102168186822, -10.00000000000000000 ) ) ;
#3927 = ORIENTED_EDGE ( 'NONE', *, *, #1829, .F. ) ;
#3928 = CARTESIAN_POINT ( 'NONE',  ( -16.47324427700575811, -5.931756891039271729, -10.00000000000000000 ) ) ;
#3929 = DIRECTION ( 'NONE',  ( 0.000000000000000000, 0.000000000000000000, 1.000000000000000000 ) ) ;
#3930 = CARTESIAN_POINT ( 'NONE',  ( -17.06765459969022558, -6.124892512523616439, -10.00000000000000000 ) ) ;
#3931 = LINE ( 'NONE', #276, #1158 ) ;
#3932 = ADVANCED_FACE ( 'NONE', ( #2069 ), #2828, .F. ) ;
#3933 = AXIS2_PLACEMENT_3D ( 'NONE', #3608, #4033, #700 ) ;
#3934 = ORIENTED_EDGE ( 'NONE', *, *, #3025, .F. ) ;
#3935 = DIRECTION ( 'NONE',  ( 0.000000000000000000, 0.000000000000000000, 1.000000000000000000 ) ) ;
#3936 = ORIENTED_EDGE ( 'NONE', *, *, #2384, .T. ) ;
#3937 = ORIENTED_EDGE ( 'NONE', *, *, #948, .F. ) ;
#3938 = AXIS2_PLACEMENT_3D ( 'NONE', #3678, #2813, #4108 ) ;
#3939 = EDGE_CURVE ( 'NONE', #245, #505, #448, .T. ) ;
#3940 = AXIS2_PLACEMENT_3D ( 'NONE', #2042, #2804, #4018 ) ;
#3941 = DIRECTION ( 'NONE',  ( 0.000000000000000000, 0.000000000000000000, -1.000000000000000000 ) ) ;
#3942 = ORIENTED_EDGE ( 'NONE', *, *, #4461, .F. ) ;
#3943 = CYLINDRICAL_SURFACE ( 'NONE', #3354, 4.500000000000000888 ) ;
#3944 = ORIENTED_EDGE ( 'NONE', *, *, #1535, .T. ) ;
#3945 = ORIENTED_EDGE ( 'NONE', *, *, #422, .T. ) ;
#3946 = ADVANCED_FACE ( 'NONE', ( #1194 ), #393, .F. ) ;
#3947 = CARTESIAN_POINT ( 'NONE',  ( -4.451973533568319041, 17.40814411600907974, -10.00000000000000000 ) ) ;
#3948 = CARTESIAN_POINT ( 'NONE',  ( -19.30949046277828884, 10.54246546439087417, -10.00000000000000000 ) ) ;
#3949 = CYLINDRICAL_SURFACE ( 'NONE', #1417, 4.500000000000000888 ) ;
#3950 = DIRECTION ( 'NONE',  ( 1.000000000000000000, 0.000000000000000000, -0.000000000000000000 ) ) ;
#3951 = VERTEX_POINT ( 'NONE', #2854 ) ;
#3952 = DIRECTION ( 'NONE',  ( -0.000000000000000000, 0.000000000000000000, 1.000000000000000000 ) ) ;
#3953 = VECTOR ( 'NONE', #3076, 1000.000000000000000 ) ;
#3954 = ORIENTED_EDGE ( 'NONE', *, *, #428, .F. ) ;
#3955 = VECTOR ( 'NONE', #1413, 1000.000000000000000 ) ;
#3956 = DIRECTION ( 'NONE',  ( 0.000000000000000000, 0.000000000000000000, 1.000000000000000000 ) ) ;
#3957 = CARTESIAN_POINT ( 'NONE',  ( -0.5509236102168820759, -17.50000000000000355, 10.00000000000000000 ) ) ;
#3958 = FACE_OUTER_BOUND ( 'NONE', #4089, .T. ) ;
#3959 = DIRECTION ( 'NONE',  ( -0.000000000000000000, 0.000000000000000000, 1.000000000000000000 ) ) ;
#3960 = CIRCLE ( 'NONE', #3375, 0.6250000000000003331 ) ;
#3961 = VERTEX_POINT ( 'NONE', #3592 ) ;
#3962 = DIRECTION ( 'NONE',  ( 0.000000000000000000, -0.000000000000000000, 1.000000000000000000 ) ) ;
#3963 = ORIENTED_EDGE ( 'NONE', *, *, #3848, .F. ) ;
#3964 = EDGE_LOOP ( 'NONE', ( #3679, #3893, #1, #1623 ) ) ;
#3965 = AXIS2_PLACEMENT_3D ( 'NONE', #3472, #1043, #3522 ) ;
#3966 = EDGE_CURVE ( 'NONE', #4889, #3365, #4460, .T. ) ;
#3967 = EDGE_CURVE ( 'NONE', #4316, #1674, #769, .T. ) ;
#3968 = VECTOR ( 'NONE', #1977, 1000.000000000000000 ) ;
#3969 = EDGE_CURVE ( 'NONE', #2805, #4598, #2396, .T. ) ;
#3970 = LINE ( 'NONE', #346, #3726 ) ;
#3971 = ADVANCED_FACE ( 'NONE', ( #3248 ), #1140, .F. ) ;
#3972 = ORIENTED_EDGE ( 'NONE', *, *, #4003, .T. ) ;
#3973 = CARTESIAN_POINT ( 'NONE',  ( 0.000000000000000000, 0.000000000000000000, -10.00000000000000000 ) ) ;
#3974 = ORIENTED_EDGE ( 'NONE', *, *, #1236, .F. ) ;
#3975 = ORIENTED_EDGE ( 'NONE', *, *, #3827, .F. ) ;
#3976 = FACE_OUTER_BOUND ( 'NONE', #3704, .T. ) ;
#3977 = VECTOR ( 'NONE', #1452, 999.9999999999998863 ) ;
#3978 = CARTESIAN_POINT ( 'NONE',  ( -9.840535351850446588, 14.48162217478678571, 10.00000000000000000 ) ) ;
#3979 = CARTESIAN_POINT ( 'NONE',  ( 15.36635143171833917, 11.50094328468413174, -10.00000000000000000 ) ) ;
#3980 = LINE ( 'NONE', #3185, #3559 ) ;
#3981 = DIRECTION ( 'NONE',  ( -0.5877852522924712497, -0.8090169943749487835, 0.000000000000000000 ) ) ;
#3982 = VERTEX_POINT ( 'NONE', #367 ) ;
#3983 = AXIS2_PLACEMENT_3D ( 'NONE', #4042, #388, #2876 ) ;
#3984 = ORIENTED_EDGE ( 'NONE', *, *, #3967, .F. ) ;
#3985 = EDGE_CURVE ( 'NONE', #5281, #3693, #4633, .T. ) ;
#3986 = DIRECTION ( 'NONE',  ( -0.5877852522924802425, 0.8090169943749422332, 0.000000000000000000 ) ) ;
#3987 = DIRECTION ( 'NONE',  ( 0.3090169943749608295, -0.9510565162951492013, 0.000000000000000000 ) ) ;
#3988 = DIRECTION ( 'NONE',  ( -0.000000000000000000, -0.000000000000000000, 1.000000000000000000 ) ) ;
#3989 = AXIS2_PLACEMENT_3D ( 'NONE', #1078, #3879, #221 ) ;
#3990 = DIRECTION ( 'NONE',  ( 1.000000000000000000, 0.000000000000000000, 0.000000000000000000 ) ) ;
#3991 = CYLINDRICAL_SURFACE ( 'NONE', #3940, 15.00000000000000000 ) ;
#3992 = ORIENTED_EDGE ( 'NONE', *, *, #3362, .T. ) ;
#3993 = DIRECTION ( 'NONE',  ( -0.000000000000000000, -0.000000000000000000, 1.000000000000000000 ) ) ;
#3994 = ORIENTED_EDGE ( 'NONE', *, *, #250, .F. ) ;
#3995 = DIRECTION ( 'NONE',  ( -0.000000000000000000, -0.000000000000000000, 1.000000000000000000 ) ) ;
#3996 = CARTESIAN_POINT ( 'NONE',  ( 4.883837912084096899, -16.81373379332456963, -10.00000000000000000 ) ) ;
#3997 = ORIENTED_EDGE ( 'NONE', *, *, #4107, .F. ) ;
#3998 = DIRECTION ( 'NONE',  ( -0.000000000000000000, -0.000000000000000000, 1.000000000000000000 ) ) ;
#3999 = VERTEX_POINT ( 'NONE', #5263 ) ;
#4000 = VERTEX_POINT ( 'NONE', #1671 ) ;
#4001 = DIRECTION ( 'NONE',  ( 1.000000000000000000, 0.000000000000000000, 0.000000000000000000 ) ) ;
#4002 = EDGE_CURVE ( 'NONE', #1805, #2203, #3225, .T. ) ;
#4003 = EDGE_CURVE ( 'NONE', #271, #854, #4887, .T. ) ;
#4004 = AXIS2_PLACEMENT_3D ( 'NONE', #4339, #1533, #3172 ) ;
#4005 = CYLINDRICAL_SURFACE ( 'NONE', #2615, 4.500000000000000888 ) ;
#4006 = DIRECTION ( 'NONE',  ( 1.000000000000000000, 0.000000000000000000, 0.000000000000000000 ) ) ;
#4007 = CARTESIAN_POINT ( 'NONE',  ( -0.5509236102168820759, 17.50000000000000355, 10.00000000000000000 ) ) ;
#4008 = DIRECTION ( 'NONE',  ( -0.000000000000000000, -0.000000000000000000, -1.000000000000000000 ) ) ;
#4009 = EDGE_LOOP ( 'NONE', ( #4671, #1272, #3364, #5100 ) ) ;
#4010 = VECTOR ( 'NONE', #5171, 1000.000000000000114 ) ;
#4011 = CARTESIAN_POINT ( 'NONE',  ( -17.40814411600906197, -5.076973533568382990, -10.00000000000000000 ) ) ;
#4012 = ORIENTED_EDGE ( 'NONE', *, *, #1535, .F. ) ;
#4013 = EDGE_CURVE ( 'NONE', #5154, #2994, #4048, .T. ) ;
#4014 = CARTESIAN_POINT ( 'NONE',  ( -10.00000000000000000, 1.224646799147353256E-15, 10.00000000000000000 ) ) ;
#4015 = DIRECTION ( 'NONE',  ( 0.000000000000000000, 0.000000000000000000, 1.000000000000000000 ) ) ;
#4016 = CYLINDRICAL_SURFACE ( 'NONE', #365, 0.6250000000000005551 ) ;
#4017 = CARTESIAN_POINT ( 'NONE',  ( 17.50000000000001066, -0.5509236102166986671, -10.00000000000000000 ) ) ;
#4018 = DIRECTION ( 'NONE',  ( 1.000000000000000000, 0.000000000000000000, 0.000000000000000000 ) ) ;
#4019 = ORIENTED_EDGE ( 'NONE', *, *, #3504, .F. ) ;
#4020 = DIRECTION ( 'NONE',  ( 0.000000000000000000, 0.000000000000000000, 1.000000000000000000 ) ) ;
#4021 = ORIENTED_EDGE ( 'NONE', *, *, #3969, .T. ) ;
#4022 = CARTESIAN_POINT ( 'NONE',  ( -17.40814411600909750, 5.076973533568258645, -10.00000000000000000 ) ) ;
#4023 = DIRECTION ( 'NONE',  ( 1.000000000000000000, 0.000000000000000000, 0.000000000000000000 ) ) ;
#4024 = VECTOR ( 'NONE', #2463, 999.9999999999998863 ) ;
#4025 = ORIENTED_EDGE ( 'NONE', *, *, #578, .F. ) ;
#4026 = CARTESIAN_POINT ( 'NONE',  ( 0.000000000000000000, 0.000000000000000000, 5.000000000000000000 ) ) ;
#4027 = VERTEX_POINT ( 'NONE', #420 ) ;
#4028 = CIRCLE ( 'NONE', #794, 0.6250000000000003331 ) ;
#4029 = VECTOR ( 'NONE', #2559, 1000.000000000000000 ) ;
#4030 = ORIENTED_EDGE ( 'NONE', *, *, #517, .T. ) ;
#4031 = CYLINDRICAL_SURFACE ( 'NONE', #4824, 0.6250000000000005551 ) ;
#4032 = LINE ( 'NONE', #3633, #4405 ) ;
#4033 = DIRECTION ( 'NONE',  ( -0.000000000000000000, -0.000000000000000000, 1.000000000000000000 ) ) ;
#4034 = CARTESIAN_POINT ( 'NONE',  ( -17.62565389454304210, 4.491043080150693534, -10.00000000000000000 ) ) ;
#4035 = DIRECTION ( 'NONE',  ( -1.000000000000000000, 0.000000000000000000, 0.000000000000000000 ) ) ;
#4036 = ORIENTED_EDGE ( 'NONE', *, *, #3640, .F. ) ;
#4037 = EDGE_CURVE ( 'NONE', #1856, #2187, #3514, .T. ) ;
#4038 = EDGE_CURVE ( 'NONE', #1187, #4237, #5149, .T. ) ;
#4039 = EDGE_CURVE ( 'NONE', #1115, #2589, #3775, .T. ) ;
#4040 = ORIENTED_EDGE ( 'NONE', *, *, #2971, .F. ) ;
#4041 = DIRECTION ( 'NONE',  ( 1.000000000000000000, 0.000000000000000000, 0.000000000000000000 ) ) ;
#4042 = CARTESIAN_POINT ( 'NONE',  ( 15.68651078837856083, -11.06028173450731700, 10.00000000000000000 ) ) ;
#4043 = VECTOR ( 'NONE', #4959, 1000.000000000000000 ) ;
#4044 = EDGE_CURVE ( 'NONE', #5188, #1971, #964, .T. ) ;
#4045 = CARTESIAN_POINT ( 'NONE',  ( -18.16825558712700683, 6.189583320500782193, -10.00000000000000000 ) ) ;
#4046 = DIRECTION ( 'NONE',  ( -0.000000000000000000, 0.000000000000000000, 1.000000000000000000 ) ) ;
#4047 = AXIS2_PLACEMENT_3D ( 'NONE', #302, #1414, #3054 ) ;
#4048 = LINE ( 'NONE', #828, #372 ) ;
#4049 = DIRECTION ( 'NONE',  ( 0.3090169943749441206, 0.9510565162951547524, 0.000000000000000000 ) ) ;
#4050 = ORIENTED_EDGE ( 'NONE', *, *, #4113, .F. ) ;
#4051 = CIRCLE ( 'NONE', #1317, 4.500000000000000000 ) ;
#4052 = DIRECTION ( 'NONE',  ( 0.9510565162951510887, 0.3090169943749548898, 0.000000000000000000 ) ) ;
#4053 = CIRCLE ( 'NONE', #1319, 0.6250000000000003331 ) ;
#4054 = CIRCLE ( 'NONE', #3112, 0.6249999999999998890 ) ;
#4055 = ORIENTED_EDGE ( 'NONE', *, *, #788, .T. ) ;
#4056 = LINE ( 'NONE', #4511, #1129 ) ;
#4057 = EDGE_LOOP ( 'NONE', ( #2341, #319, #1086, #268 ) ) ;
#4058 = ORIENTED_EDGE ( 'NONE', *, *, #2414, .T. ) ;
#4059 = DIRECTION ( 'NONE',  ( -0.000000000000000000, 0.000000000000000000, 1.000000000000000000 ) ) ;
#4060 = AXIS2_PLACEMENT_3D ( 'NONE', #1732, #2620, #3368 ) ;
#4061 = DIRECTION ( 'NONE',  ( -0.000000000000000000, 0.000000000000000000, 1.000000000000000000 ) ) ;
#4062 = LINE ( 'NONE', #1628, #4280 ) ;
#4063 = DIRECTION ( 'NONE',  ( 1.000000000000000000, 0.000000000000000000, 0.000000000000000000 ) ) ;
#4064 = ORIENTED_EDGE ( 'NONE', *, *, #2077, .F. ) ;
#4065 = ORIENTED_EDGE ( 'NONE', *, *, #1467, .F. ) ;
#4066 = CARTESIAN_POINT ( 'NONE',  ( 11.06028173450759233, -15.68651078837837076, 10.00000000000000000 ) ) ;
#4067 = CARTESIAN_POINT ( 'NONE',  ( 17.49999999999999645, 0.5509236102170653737, 10.00000000000000000 ) ) ;
#4068 = CIRCLE ( 'NONE', #3730, 4.500000000000001776 ) ;
#4069 = DIRECTION ( 'NONE',  ( -0.000000000000000000, 1.000000000000000000, 0.000000000000000000 ) ) ;
#4070 = EDGE_CURVE ( 'NONE', #432, #2184, #2504, .T. ) ;
#4071 = DIRECTION ( 'NONE',  ( 0.000000000000000000, 0.000000000000000000, 1.000000000000000000 ) ) ;
#4072 = EDGE_CURVE ( 'NONE', #505, #3220, #2073, .T. ) ;
#4073 = DIRECTION ( 'NONE',  ( -0.000000000000000000, 0.000000000000000000, 1.000000000000000000 ) ) ;
#4074 = CIRCLE ( 'NONE', #5110, 4.500000000000000888 ) ;
#4075 = CARTESIAN_POINT ( 'NONE',  ( 0.000000000000000000, 0.000000000000000000, 10.00000000000000000 ) ) ;
#4076 = ORIENTED_EDGE ( 'NONE', *, *, #4990, .T. ) ;
#4077 = FACE_OUTER_BOUND ( 'NONE', #2209, .T. ) ;
#4078 = ADVANCED_FACE ( 'NONE', ( #3405 ), #2499, .F. ) ;
#4079 = EDGE_CURVE ( 'NONE', #3065, #2008, #197, .T. ) ;
#4080 = EDGE_CURVE ( 'NONE', #775, #2814, #2095, .T. ) ;
#4081 = CARTESIAN_POINT ( 'NONE',  ( 10.00000000000000000, 0.000000000000000000, 5.000000000000000000 ) ) ;
#4082 = VERTEX_POINT ( 'NONE', #525 ) ;
#4083 = ORIENTED_EDGE ( 'NONE', *, *, #580, .F. ) ;
#4084 = CARTESIAN_POINT ( 'NONE',  ( -4.451973533568192920, -17.40814411600911527, 10.00000000000000000 ) ) ;
#4085 = CARTESIAN_POINT ( 'NONE',  ( 4.491043080150879163, -17.62565389454298881, -10.00000000000000000 ) ) ;
#4086 = CARTESIAN_POINT ( 'NONE',  ( 10.68958332050058324, 18.16825558712707789, -10.00000000000000000 ) ) ;
#4087 = DIRECTION ( 'NONE',  ( 1.000000000000000000, 0.000000000000000000, 0.000000000000000000 ) ) ;
#4088 = FACE_OUTER_BOUND ( 'NONE', #4185, .T. ) ;
#4089 = EDGE_LOOP ( 'NONE', ( #1647, #3416, #4433, #3838 ) ) ;
#4090 = AXIS2_PLACEMENT_3D ( 'NONE', #1224, #834, #1678 ) ;
#4091 = EDGE_CURVE ( 'NONE', #3003, #3187, #5068, .T. ) ;
#4092 = ORIENTED_EDGE ( 'NONE', *, *, #3806, .T. ) ;
#4093 = LINE ( 'NONE', #1607, #3798 ) ;
#4094 = CIRCLE ( 'NONE', #1788, 4.500000000000000000 ) ;
#4095 = AXIS2_PLACEMENT_3D ( 'NONE', #4807, #829, #4049 ) ;
#4096 = DIRECTION ( 'NONE',  ( -0.000000000000000000, -0.000000000000000000, 1.000000000000000000 ) ) ;
#4097 = DIRECTION ( 'NONE',  ( -0.000000000000000000, 0.000000000000000000, 1.000000000000000000 ) ) ;
#4098 = AXIS2_PLACEMENT_3D ( 'NONE', #527, #2146, #1749 ) ;
#4099 = DIRECTION ( 'NONE',  ( 0.000000000000000000, 0.000000000000000000, 1.000000000000000000 ) ) ;
#4100 = PRODUCT_DEFINITION_SHAPE ( 'NONE', 'NONE',  #1065 ) ;
#4101 = DIRECTION ( 'NONE',  ( 0.8090169943749552228, -0.5877852522924624790, 0.000000000000000000 ) ) ;
#4102 = CARTESIAN_POINT ( 'NONE',  ( -17.40814411600909750, 5.076973533568258645, -10.00000000000000000 ) ) ;
#4103 = ADVANCED_FACE ( 'NONE', ( #2906 ), #68, .F. ) ;
#4104 = SURFACE_STYLE_USAGE ( .BOTH. , #5238 ) ;
#4105 = ORIENTED_EDGE ( 'NONE', *, *, #1950, .T. ) ;
#4106 = EDGE_CURVE ( 'NONE', #507, #1200, #4810, .T. ) ;
#4107 = EDGE_CURVE ( 'NONE', #763, #4534, #1372, .T. ) ;
#4108 = DIRECTION ( 'NONE',  ( 0.5877852522924722489, 0.8090169943749478954, 0.000000000000000000 ) ) ;
#4109 = ORIENTED_EDGE ( 'NONE', *, *, #1660, .F. ) ;
#4110 = ORIENTED_EDGE ( 'NONE', *, *, #1102, .T. ) ;
#4111 = CARTESIAN_POINT ( 'NONE',  ( 18.15080162460479585, -1.175390804044962101, -10.00000000000000000 ) ) ;
#4112 = CIRCLE ( 'NONE', #1376, 0.6249999999999995559 ) ;
#4113 = EDGE_CURVE ( 'NONE', #706, #98, #949, .T. ) ;
#4114 = CARTESIAN_POINT ( 'NONE',  ( 15.10661573985641404, 15.99344118344524190, -10.00000000000000000 ) ) ;
#4115 = DIRECTION ( 'NONE',  ( 0.000000000000000000, -0.000000000000000000, -1.000000000000000000 ) ) ;
#4116 = CARTESIAN_POINT ( 'NONE',  ( -0.5509236102168820759, -17.50000000000000355, -10.00000000000000000 ) ) ;
#4117 = EDGE_CURVE ( 'NONE', #4410, #3878, #4301, .T. ) ;
#4118 = VERTEX_POINT ( 'NONE', #2143 ) ;
#4119 = CIRCLE ( 'NONE', #1812, 4.500000000000000000 ) ;
#4120 = ORIENTED_EDGE ( 'NONE', *, *, #4134, .T. ) ;
#4121 = LINE ( 'NONE', #2875, #2525 ) ;
#4122 = CARTESIAN_POINT ( 'NONE',  ( 4.491043080150511457, 17.62565389454308118, -10.00000000000000000 ) ) ;
#4123 = VECTOR ( 'NONE', #4938, 1000.000000000000000 ) ;
#4124 = DIRECTION ( 'NONE',  ( 0.5877852522924831291, -0.8090169943749402348, 0.000000000000000000 ) ) ;
#4125 = CARTESIAN_POINT ( 'NONE',  ( -9.582901134533242882, 14.98725779627112686, 10.00000000000000000 ) ) ;
#4126 = DIRECTION ( 'NONE',  ( 0.9510565162951529761, 0.3090169943749495607, 0.000000000000000000 ) ) ;
#4127 = DIRECTION ( 'NONE',  ( -1.000000000000000000, 0.000000000000000000, 0.000000000000000000 ) ) ;
#4128 = CARTESIAN_POINT ( 'NONE',  ( -18.15080162460478519, 1.175390804045088888, -10.00000000000000000 ) ) ;
#4129 = VERTEX_POINT ( 'NONE', #92 ) ;
#4130 = CARTESIAN_POINT ( 'NONE',  ( 0.000000000000000000, 0.000000000000000000, 5.000000000000000000 ) ) ;
#4131 = VERTEX_POINT ( 'NONE', #1719 ) ;
#4132 = DIRECTION ( 'NONE',  ( -1.000000000000000000, 0.000000000000000000, 0.000000000000000000 ) ) ;
#4133 = ORIENTED_EDGE ( 'NONE', *, *, #386, .T. ) ;
#4134 = EDGE_CURVE ( 'NONE', #4219, #5188, #4704, .T. ) ;
#4135 = AXIS2_PLACEMENT_3D ( 'NONE', #2201, #3831, #3564 ) ;
#4136 = ADVANCED_FACE ( 'NONE', ( #4206 ), #4986, .F. ) ;
#4137 = CARTESIAN_POINT ( 'NONE',  ( 0.000000000000000000, 0.000000000000000000, -10.00000000000000000 ) ) ;
#4138 = CIRCLE ( 'NONE', #2439, 0.6250000000000003331 ) ;
#4139 = EDGE_CURVE ( 'NONE', #4750, #4598, #3348, .T. ) ;
#4140 = DIRECTION ( 'NONE',  ( 0.000000000000000000, 0.000000000000000000, 1.000000000000000000 ) ) ;
#4141 = CARTESIAN_POINT ( 'NONE',  ( -11.50094328468396299, 15.36635143171846529, -10.00000000000000000 ) ) ;
#4142 = ORIENTED_EDGE ( 'NONE', *, *, #1515, .T. ) ;
#4143 =( NAMED_UNIT ( * ) SI_UNIT ( $, .STERADIAN. ) SOLID_ANGLE_UNIT ( ) );
#4144 = EDGE_LOOP ( 'NONE', ( #3020, #4483, #342, #5078 ) ) ;
#4145 = VECTOR ( 'NONE', #5, 1000.000000000000000 ) ;
#4146 = VERTEX_POINT ( 'NONE', #3382 ) ;
#4147 = CARTESIAN_POINT ( 'NONE',  ( -14.33960824982073845, 11.09931426106890484, -10.00000000000000000 ) ) ;
#4148 = CARTESIAN_POINT ( 'NONE',  ( -19.19172429998743468, -0.2723438155443546616, -10.00000000000000000 ) ) ;
#4149 = CIRCLE ( 'NONE', #3301, 0.6249999999999994449 ) ;
#4150 = DIRECTION ( 'NONE',  ( 0.5877852522924722489, 0.8090169943749478954, 0.000000000000000000 ) ) ;
#4151 = PLANE ( 'NONE',  #5076 ) ;
#4152 = CIRCLE ( 'NONE', #225, 0.6249999999999994449 ) ;
#4153 = DIRECTION ( 'NONE',  ( 1.000000000000000000, 0.000000000000000000, 0.000000000000000000 ) ) ;
#4154 = DIRECTION ( 'NONE',  ( 0.000000000000000000, 0.000000000000000000, 1.000000000000000000 ) ) ;
#4155 = CARTESIAN_POINT ( 'NONE',  ( -4.059519772006158433, 21.62221772207215764, -10.00000000000000000 ) ) ;
#4156 = ORIENTED_EDGE ( 'NONE', *, *, #3552, .T. ) ;
#4157 = CIRCLE ( 'NONE', #4851, 22.00000000000000000 ) ;
#4158 = CARTESIAN_POINT ( 'NONE',  ( -16.81373379332459095, -4.883837912084039168, 10.00000000000000000 ) ) ;
#4159 = CYLINDRICAL_SURFACE ( 'NONE', #5035, 0.6250000000000005551 ) ;
#4160 = VERTEX_POINT ( 'NONE', #5013 ) ;
#4161 = CARTESIAN_POINT ( 'NONE',  ( 15.10661573985641404, 15.99344118344524190, 10.00000000000000000 ) ) ;
#4162 = ORIENTED_EDGE ( 'NONE', *, *, #1273, .F. ) ;
#4163 = AXIS2_PLACEMENT_3D ( 'NONE', #3165, #3107, #1442 ) ;
#4164 = DIRECTION ( 'NONE',  ( 1.000000000000000000, -0.000000000000000000, 0.000000000000000000 ) ) ;
#4165 = LINE ( 'NONE', #888, #1841 ) ;
#4166 = LINE ( 'NONE', #3738, #3682 ) ;
#4167 = ORIENTED_EDGE ( 'NONE', *, *, #1817, .T. ) ;
#4168 = CARTESIAN_POINT ( 'NONE',  ( 0.5509236102168821869, -17.50000000000000355, 10.00000000000000000 ) ) ;
#4169 = ADVANCED_FACE ( 'NONE', ( #548 ), #145, .T. ) ;
#4170 = VERTEX_POINT ( 'NONE', #782 ) ;
#4171 = VERTEX_POINT ( 'NONE', #3100 ) ;
#4172 = CARTESIAN_POINT ( 'NONE',  ( 21.81841165988025466, 2.820800000000230678, -10.00000000000000000 ) ) ;
#4173 = CARTESIAN_POINT ( 'NONE',  ( -5.931756891039212221, 16.47324427700577232, -10.00000000000000000 ) ) ;
#4174 = DIRECTION ( 'NONE',  ( 0.000000000000000000, 0.000000000000000000, -1.000000000000000000 ) ) ;
#4175 = LINE ( 'NONE', #523, #1145 ) ;
#4176 = EDGE_CURVE ( 'NONE', #4678, #3854, #3597, .T. ) ;
#4177 = AXIS2_PLACEMENT_3D ( 'NONE', #3463, #1778, #3388 ) ;
#4178 = CARTESIAN_POINT ( 'NONE',  ( 0.000000000000000000, 0.000000000000000000, 10.00000000000000000 ) ) ;
#4179 = CYLINDRICAL_SURFACE ( 'NONE', #2530, 4.500000000000000888 ) ;
#4180 = DIRECTION ( 'NONE',  ( 0.9510565162951510887, 0.3090169943749548898, 0.000000000000000000 ) ) ;
#4181 = ORIENTED_EDGE ( 'NONE', *, *, #126, .F. ) ;
#4182 = CARTESIAN_POINT ( 'NONE',  ( -5.076973533568192920, -17.40814411600911527, -10.00000000000000000 ) ) ;
#4183 = DIRECTION ( 'NONE',  ( 0.5877852522924835732, -0.8090169943749399017, 0.000000000000000000 ) ) ;
#4184 = ORIENTED_EDGE ( 'NONE', *, *, #1660, .T. ) ;
#4185 = EDGE_LOOP ( 'NONE', ( #2897, #465 ) ) ;
#4186 = CARTESIAN_POINT ( 'NONE',  ( -13.71460824982073845, 11.09931426106890484, 10.00000000000000000 ) ) ;
#4187 = VERTEX_POINT ( 'NONE', #2728 ) ;
#4188 = DIRECTION ( 'NONE',  ( 0.000000000000000000, 0.000000000000000000, 1.000000000000000000 ) ) ;
#4189 = LINE ( 'NONE', #960, #709 ) ;
#4190 = ORIENTED_EDGE ( 'NONE', *, *, #2059, .T. ) ;
#4191 = EDGE_CURVE ( 'NONE', #1214, #505, #1517, .T. ) ;
#4192 = ORIENTED_EDGE ( 'NONE', *, *, #3154, .F. ) ;
#4193 = ORIENTED_EDGE ( 'NONE', *, *, #2607, .F. ) ;
#4194 = AXIS2_PLACEMENT_3D ( 'NONE', #2792, #4413, #760 ) ;
#4195 = FACE_OUTER_BOUND ( 'NONE', #1357, .T. ) ;
#4196 = CYLINDRICAL_SURFACE ( 'NONE', #1768, 0.6249999999999996669 ) ;
#4197 = DIRECTION ( 'NONE',  ( 0.000000000000000000, 0.000000000000000000, -1.000000000000000000 ) ) ;
#4198 = AXIS2_PLACEMENT_3D ( 'NONE', #2913, #2100, #2860 ) ;
#4199 = CARTESIAN_POINT ( 'NONE',  ( -4.451973533568192920, -17.40814411600911527, -10.00000000000000000 ) ) ;
#4200 = EDGE_CURVE ( 'NONE', #4496, #3233, #3184, .T. ) ;
#4201 = ADVANCED_FACE ( 'NONE', ( #3127 ), #1184, .T. ) ;
#4202 = EDGE_CURVE ( 'NONE', #3600, #4129, #4791, .T. ) ;
#4203 = EDGE_CURVE ( 'NONE', #322, #775, #450, .T. ) ;
#4204 = AXIS2_PLACEMENT_3D ( 'NONE', #851, #2474, #874 ) ;
#4205 = ADVANCED_FACE ( 'NONE', ( #731 ), #4819, .F. ) ;
#4206 = FACE_OUTER_BOUND ( 'NONE', #2321, .T. ) ;
#4207 = CARTESIAN_POINT ( 'NONE',  ( 17.62565389454297105, 4.491043080150940447, -10.00000000000000000 ) ) ;
#4208 = DIRECTION ( 'NONE',  ( 0.000000000000000000, 0.000000000000000000, 1.000000000000000000 ) ) ;
#4209 = ORIENTED_EDGE ( 'NONE', *, *, #1110, .T. ) ;
#4210 = CIRCLE ( 'NONE', #2230, 0.6249999999999997780 ) ;
#4211 = DIRECTION ( 'NONE',  ( -1.000000000000000000, 0.000000000000000000, 0.000000000000000000 ) ) ;
#4212 = ORIENTED_EDGE ( 'NONE', *, *, #881, .T. ) ;
#4213 = DIRECTION ( 'NONE',  ( 0.5877852522924722489, 0.8090169943749478954, 0.000000000000000000 ) ) ;
#4214 = ORIENTED_EDGE ( 'NONE', *, *, #3966, .T. ) ;
#4215 = ADVANCED_FACE ( 'NONE', ( #5222 ), #5248, .T. ) ;
#4216 = AXIS2_PLACEMENT_3D ( 'NONE', #4586, #1802, #3035 ) ;
#4217 = DIRECTION ( 'NONE',  ( 0.000000000000000000, -0.000000000000000000, -1.000000000000000000 ) ) ;
#4218 = CARTESIAN_POINT ( 'NONE',  ( 16.89922242757911519, -6.726769246911662670, -10.00000000000000000 ) ) ;
#4219 = VERTEX_POINT ( 'NONE', #1156 ) ;
#4220 = CIRCLE ( 'NONE', #1064, 22.00000000000000000 ) ;
#4221 = ORIENTED_EDGE ( 'NONE', *, *, #1262, .F. ) ;
#4222 = AXIS2_PLACEMENT_3D ( 'NONE', #2577, #552, #4638 ) ;
#4223 = VECTOR ( 'NONE', #1316, 999.9999999999998863 ) ;
#4224 = DIRECTION ( 'NONE',  ( 1.000000000000000000, 0.000000000000000000, 0.000000000000000000 ) ) ;
#4225 = FACE_OUTER_BOUND ( 'NONE', #1724, .T. ) ;
#4226 = CYLINDRICAL_SURFACE ( 'NONE', #793, 4.500000000000000888 ) ;
#4227 = AXIS2_PLACEMENT_3D ( 'NONE', #2220, #138, #1714 ) ;
#4228 = CARTESIAN_POINT ( 'NONE',  ( -5.931756891039211332, 16.47324427700577232, -10.00000000000000000 ) ) ;
#4229 = ORIENTED_EDGE ( 'NONE', *, *, #5175, .T. ) ;
#4230 = CIRCLE ( 'NONE', #220, 22.00000000000000000 ) ;
#4231 = CYLINDRICAL_SURFACE ( 'NONE', #729, 0.6250000000000001110 ) ;
#4232 = DIRECTION ( 'NONE',  ( 0.9510565162951576390, -0.3090169943749348502, 0.000000000000000000 ) ) ;
#4233 = VERTEX_POINT ( 'NONE', #2327 ) ;
#4234 = CARTESIAN_POINT ( 'NONE',  ( -14.33960824982073845, 11.09931426106890484, -10.00000000000000000 ) ) ;
#4235 = VECTOR ( 'NONE', #2668, 1000.000000000000000 ) ;
#4236 = ADVANCED_FACE ( 'NONE', ( #1925 ), #1574, .F. ) ;
#4237 = VERTEX_POINT ( 'NONE', #2705 ) ;
#4238 = CARTESIAN_POINT ( 'NONE',  ( -10.00000000000000000, 1.224646799147353256E-15, 5.000000000000000000 ) ) ;
#4239 = ORIENTED_EDGE ( 'NONE', *, *, #4107, .T. ) ;
#4240 = ORIENTED_EDGE ( 'NONE', *, *, #2247, .F. ) ;
#4241 = EDGE_CURVE ( 'NONE', #1604, #3653, #3922, .T. ) ;
#4242 = ORIENTED_EDGE ( 'NONE', *, *, #421, .T. ) ;
#4243 = DIRECTION ( 'NONE',  ( -0.9510565162951563067, 0.3090169943749390691, 0.000000000000000000 ) ) ;
#4244 = EDGE_LOOP ( 'NONE', ( #3493, #1993, #424, #1620 ) ) ;
#4245 = DIRECTION ( 'NONE',  ( 0.000000000000000000, 0.000000000000000000, 1.000000000000000000 ) ) ;
#4246 = ORIENTED_EDGE ( 'NONE', *, *, #2179, .F. ) ;
#4247 = AXIS2_PLACEMENT_3D ( 'NONE', #654, #3956, #2281 ) ;
#4248 = ORIENTED_EDGE ( 'NONE', *, *, #1102, .F. ) ;
#4249 = DIRECTION ( 'NONE',  ( 0.3090169943749447312, 0.9510565162951544194, 0.000000000000000000 ) ) ;
#4250 = CIRCLE ( 'NONE', #5200, 4.500000000000001776 ) ;
#4251 = DIRECTION ( 'NONE',  ( -0.9510565162951511997, -0.3090169943749548342, 0.000000000000000000 ) ) ;
#4252 = DIRECTION ( 'NONE',  ( 0.3090169943749446757, 0.9510565162951544194, 0.000000000000000000 ) ) ;
#4253 = CARTESIAN_POINT ( 'NONE',  ( -4.059519772006000338, -21.62221772207218251, 10.00000000000000000 ) ) ;
#4254 = DIRECTION ( 'NONE',  ( 0.000000000000000000, 0.000000000000000000, 1.000000000000000000 ) ) ;
#4255 = EDGE_CURVE ( 'NONE', #3735, #1834, #2062, .T. ) ;
#4256 = ORIENTED_EDGE ( 'NONE', *, *, #2384, .F. ) ;
#4257 = CYLINDRICAL_SURFACE ( 'NONE', #570, 4.500000000000000888 ) ;
#4258 = DIRECTION ( 'NONE',  ( 0.5877852522924722489, 0.8090169943749478954, 0.000000000000000000 ) ) ;
#4259 = ORIENTED_EDGE ( 'NONE', *, *, #5261, .T. ) ;
#4260 = CARTESIAN_POINT ( 'NONE',  ( 19.87886744660654159, -9.425000214336693105, 10.00000000000000000 ) ) ;
#4261 = AXIS2_PLACEMENT_3D ( 'NONE', #4288, #2775, #4719 ) ;
#4262 = EDGE_CURVE ( 'NONE', #907, #4750, #3430, .T. ) ;
#4263 = UNCERTAINTY_MEASURE_WITH_UNIT (LENGTH_MEASURE( 1.000000000000000082E-05 ), #3320, 'distance_accuracy_value', 'NONE');
#4264 = ORIENTED_EDGE ( 'NONE', *, *, #4080, .F. ) ;
#4265 = CARTESIAN_POINT ( 'NONE',  ( 0.5509236102168820759, -18.12500000000000711, 10.00000000000000000 ) ) ;
#4266 = ORIENTED_EDGE ( 'NONE', *, *, #876, .T. ) ;
#4267 = ORIENTED_EDGE ( 'NONE', *, *, #913, .F. ) ;
#4268 = EDGE_CURVE ( 'NONE', #271, #5272, #379, .T. ) ;
#4269 = ADVANCED_FACE ( 'NONE', ( #5195 ), #3495, .T. ) ;
#4270 = EDGE_LOOP ( 'NONE', ( #3408, #1039, #313, #5079 ) ) ;
#4271 = EDGE_CURVE ( 'NONE', #735, #3752, #1892, .T. ) ;
#4272 = CARTESIAN_POINT ( 'NONE',  ( 14.48162217478667202, 9.840535351850602908, -10.00000000000000000 ) ) ;
#4273 = ORIENTED_EDGE ( 'NONE', *, *, #4241, .F. ) ;
#4274 = CARTESIAN_POINT ( 'NONE',  ( 14.33960824982058035, 11.09931426106911090, -10.00000000000000000 ) ) ;
#4275 = EDGE_LOOP ( 'NONE', ( #4952, #3422, #2243, #2830 ) ) ;
#4276 = ORIENTED_EDGE ( 'NONE', *, *, #4767, .T. ) ;
#4277 = CARTESIAN_POINT ( 'NONE',  ( -15.37518435613162637, 9.717862376724358597, -10.00000000000000000 ) ) ;
#4278 = DIRECTION ( 'NONE',  ( 0.000000000000000000, -0.000000000000000000, -1.000000000000000000 ) ) ;
#4279 = CARTESIAN_POINT ( 'NONE',  ( 4.772343815544019208, 19.19172429998743468, -10.00000000000000000 ) ) ;
#4280 = VECTOR ( 'NONE', #5278, 1000.000000000000114 ) ;
#4281 = EDGE_LOOP ( 'NONE', ( #2754, #3927, #4822, #1909 ) ) ;
#4282 = CARTESIAN_POINT ( 'NONE',  ( -0.5509236102168820759, 18.12500000000000711, -10.00000000000000000 ) ) ;
#4283 = VECTOR ( 'NONE', #564, 1000.000000000000000 ) ;
#4284 = DIRECTION ( 'NONE',  ( -1.000000000000000000, 0.000000000000000000, 0.000000000000000000 ) ) ;
#4285 = FACE_OUTER_BOUND ( 'NONE', #5027, .T. ) ;
#4286 = VECTOR ( 'NONE', #796, 1000.000000000000000 ) ;
#4287 = VERTEX_POINT ( 'NONE', #4491 ) ;
#4288 = CARTESIAN_POINT ( 'NONE',  ( 0.5509236102168820759, 18.12500000000000711, -10.00000000000000000 ) ) ;
#4289 = ORIENTED_EDGE ( 'NONE', *, *, #1521, .T. ) ;
#4290 = ORIENTED_EDGE ( 'NONE', *, *, #4039, .T. ) ;
#4291 = ORIENTED_EDGE ( 'NONE', *, *, #2171, .T. ) ;
#4292 = DIRECTION ( 'NONE',  ( 1.000000000000000000, 0.000000000000000000, 0.000000000000000000 ) ) ;
#4293 = ORIENTED_EDGE ( 'NONE', *, *, #4262, .T. ) ;
#4294 = CARTESIAN_POINT ( 'NONE',  ( 11.61968464773333132, 13.99342959553589338, -10.00000000000000000 ) ) ;
#4295 = ORIENTED_EDGE ( 'NONE', *, *, #1139, .T. ) ;
#4296 = EDGE_CURVE ( 'NONE', #2586, #4680, #2537, .T. ) ;
#4297 = ORIENTED_EDGE ( 'NONE', *, *, #651, .F. ) ;
#4298 = DIRECTION ( 'NONE',  ( 0.000000000000000000, -0.000000000000000000, 1.000000000000000000 ) ) ;
#4299 = EDGE_CURVE ( 'NONE', #1538, #613, #4544, .T. ) ;
#4300 = DIRECTION ( 'NONE',  ( -0.000000000000000000, -0.000000000000000000, 1.000000000000000000 ) ) ;
#4301 = LINE ( 'NONE', #1368, #2322 ) ;
#4302 = CARTESIAN_POINT ( 'NONE',  ( 4.883837912083744293, 16.81373379332467266, -10.00000000000000000 ) ) ;
#4303 = AXIS2_PLACEMENT_3D ( 'NONE', #2102, #3734, #4213 ) ;
#4304 = FACE_OUTER_BOUND ( 'NONE', #1699, .T. ) ;
#4305 = ORIENTED_EDGE ( 'NONE', *, *, #521, .F. ) ;
#4306 = CIRCLE ( 'NONE', #1480, 0.6250000000000007772 ) ;
#4307 = CARTESIAN_POINT ( 'NONE',  ( 10.73194847838626309, -13.83397262833628005, -10.00000000000000000 ) ) ;
#4308 = CARTESIAN_POINT ( 'NONE',  ( 17.40814411600902289, 5.076973533568504671, 10.00000000000000000 ) ) ;
#4309 = VECTOR ( 'NONE', #4300, 1000.000000000000000 ) ;
#4310 = CARTESIAN_POINT ( 'NONE',  ( -5.671554599608693792, 18.33657332175918597, -10.00000000000000000 ) ) ;
#4311 = CARTESIAN_POINT ( 'NONE',  ( 0.000000000000000000, 0.000000000000000000, 10.00000000000000000 ) ) ;
#4312 = AXIS2_PLACEMENT_3D ( 'NONE', #3264, #4490, #437 ) ;
#4313 = EDGE_LOOP ( 'NONE', ( #4340, #2160, #5129, #756 ) ) ;
#4314 = DIRECTION ( 'NONE',  ( -3.491481338843133355E-15, 1.000000000000000000, 0.000000000000000000 ) ) ;
#4315 = ORIENTED_EDGE ( 'NONE', *, *, #413, .T. ) ;
#4316 = VERTEX_POINT ( 'NONE', #438 ) ;
#4317 = ADVANCED_BREP_SHAPE_REPRESENTATION ( 'Sun Gear', ( #5260, #690 ), #3753 ) ;
#4318 = AXIS2_PLACEMENT_3D ( 'NONE', #1715, #87, #5061 ) ;
#4319 = LINE ( 'NONE', #2266, #4749 ) ;
#4320 = ORIENTED_EDGE ( 'NONE', *, *, #2757, .T. ) ;
#4321 = CARTESIAN_POINT ( 'NONE',  ( -9.425000214336753501, -19.87886744660651317, -10.00000000000000000 ) ) ;
#4322 = VERTEX_POINT ( 'NONE', #3265 ) ;
#4323 = ORIENTED_EDGE ( 'NONE', *, *, #1932, .F. ) ;
#4324 = CIRCLE ( 'NONE', #3310, 4.500000000000000888 ) ;
#4325 = DIRECTION ( 'NONE',  ( 0.9510565162951576390, -0.3090169943749349613, 0.000000000000000000 ) ) ;
#4326 = CARTESIAN_POINT ( 'NONE',  ( 0.000000000000000000, 0.000000000000000000, 10.00000000000000000 ) ) ;
#4327 = EDGE_CURVE ( 'NONE', #513, #331, #1307, .T. ) ;
#4328 = DIRECTION ( 'NONE',  ( -0.000000000000000000, 0.000000000000000000, 1.000000000000000000 ) ) ;
#4329 = CARTESIAN_POINT ( 'NONE',  ( -5.076973533568319930, 17.40814411600907974, -10.00000000000000000 ) ) ;
#4330 = DIRECTION ( 'NONE',  ( 0.000000000000000000, 0.000000000000000000, 1.000000000000000000 ) ) ;
#4331 = CARTESIAN_POINT ( 'NONE',  ( 13.99342959553585430, -11.61968464773338106, 10.00000000000000000 ) ) ;
#4332 = ORIENTED_EDGE ( 'NONE', *, *, #643, .F. ) ;
#4333 = DIRECTION ( 'NONE',  ( -0.000000000000000000, 0.000000000000000000, -1.000000000000000000 ) ) ;
#4334 = CARTESIAN_POINT ( 'NONE',  ( -16.89922242757902637, -6.726769246911898037, 10.00000000000000000 ) ) ;
#4335 = CYLINDRICAL_SURFACE ( 'NONE', #535, 0.6250000000000005551 ) ;
#4336 = DIRECTION ( 'NONE',  ( -0.000000000000000000, 0.000000000000000000, 1.000000000000000000 ) ) ;
#4337 = EDGE_CURVE ( 'NONE', #1496, #4788, #4900, .T. ) ;
#4338 = ORIENTED_EDGE ( 'NONE', *, *, #2141, .T. ) ;
#4339 = CARTESIAN_POINT ( 'NONE',  ( 0.000000000000000000, 0.000000000000000000, 10.00000000000000000 ) ) ;
#4340 = ORIENTED_EDGE ( 'NONE', *, *, #3848, .T. ) ;
#4341 = ORIENTED_EDGE ( 'NONE', *, *, #2273, .T. ) ;
#4342 = CIRCLE ( 'NONE', #3152, 0.6250000000000001110 ) ;
#4343 = AXIS2_PLACEMENT_3D ( 'NONE', #2411, #3239, #4877 ) ;
#4344 = AXIS2_PLACEMENT_3D ( 'NONE', #1560, #771, #2398 ) ;
#4345 = FACE_OUTER_BOUND ( 'NONE', #3540, .T. ) ;
#4346 = EDGE_LOOP ( 'NONE', ( #4291, #3201, #581, #2413 ) ) ;
#4347 = CARTESIAN_POINT ( 'NONE',  ( 6.189583320500982033, -18.16825558712694288, -10.00000000000000000 ) ) ;
#4348 = AXIS2_PLACEMENT_3D ( 'NONE', #3532, #3458, #4801 ) ;
#4349 = ORIENTED_EDGE ( 'NONE', *, *, #2324, .F. ) ;
#4350 = ORIENTED_EDGE ( 'NONE', *, *, #4091, .F. ) ;
#4351 = CARTESIAN_POINT ( 'NONE',  ( 9.717862376724191620, 15.37518435613173118, -10.00000000000000000 ) ) ;
#4352 = DIRECTION ( 'NONE',  ( -0.000000000000000000, -0.000000000000000000, 1.000000000000000000 ) ) ;
#4353 = EDGE_CURVE ( 'NONE', #2969, #3220, #4166, .T. ) ;
#4354 = CARTESIAN_POINT ( 'NONE',  ( 16.89922242757911519, -6.726769246911662670, -10.00000000000000000 ) ) ;
#4355 = LINE ( 'NONE', #4385, #2301 ) ;
#4356 = FACE_OUTER_BOUND ( 'NONE', #608, .T. ) ;
#4357 = ORIENTED_EDGE ( 'NONE', *, *, #2636, .F. ) ;
#4358 = CARTESIAN_POINT ( 'NONE',  ( 0.000000000000000000, 0.000000000000000000, 10.00000000000000000 ) ) ;
#4359 = ORIENTED_EDGE ( 'NONE', *, *, #3683, .F. ) ;
#4360 = FACE_OUTER_BOUND ( 'NONE', #1905, .T. ) ;
#4361 = DIRECTION ( 'NONE',  ( 0.000000000000000000, 0.000000000000000000, 1.000000000000000000 ) ) ;
#4362 = DIRECTION ( 'NONE',  ( 0.000000000000000000, 0.000000000000000000, 1.000000000000000000 ) ) ;
#4363 = EDGE_CURVE ( 'NONE', #3220, #652, #2493, .T. ) ;
#4364 = EDGE_CURVE ( 'NONE', #1261, #81, #1636, .T. ) ;
#4365 = VECTOR ( 'NONE', #2674, 1000.000000000000114 ) ;
#4366 = DIRECTION ( 'NONE',  ( -0.000000000000000000, -0.000000000000000000, 1.000000000000000000 ) ) ;
#4367 = EDGE_CURVE ( 'NONE', #3571, #4118, #1122, .T. ) ;
#4368 = EDGE_CURVE ( 'NONE', #1549, #1196, #1293, .T. ) ;
#4369 = AXIS2_PLACEMENT_3D ( 'NONE', #1062, #4378, #2697 ) ;
#4370 = ORIENTED_EDGE ( 'NONE', *, *, #5059, .F. ) ;
#4371 = DIRECTION ( 'NONE',  ( -0.000000000000000000, -0.000000000000000000, 1.000000000000000000 ) ) ;
#4372 = ORIENTED_EDGE ( 'NONE', *, *, #484, .F. ) ;
#4373 = ORIENTED_EDGE ( 'NONE', *, *, #1355, .T. ) ;
#4374 = CIRCLE ( 'NONE', #2238, 22.00000000000000000 ) ;
#4375 = AXIS2_PLACEMENT_3D ( 'NONE', #3801, #4962, #4554 ) ;
#4376 = FACE_OUTER_BOUND ( 'NONE', #5239, .T. ) ;
#4377 = ORIENTED_EDGE ( 'NONE', *, *, #1005, .T. ) ;
#4378 = DIRECTION ( 'NONE',  ( 0.000000000000000000, 0.000000000000000000, 1.000000000000000000 ) ) ;
#4379 = ORIENTED_EDGE ( 'NONE', *, *, #455, .F. ) ;
#4380 = VERTEX_POINT ( 'NONE', #2083 ) ;
#4381 = DIRECTION ( 'NONE',  ( -0.000000000000000000, -0.000000000000000000, 1.000000000000000000 ) ) ;
#4382 = EDGE_CURVE ( 'NONE', #2550, #4170, #3688, .T. ) ;
#4383 = CARTESIAN_POINT ( 'NONE',  ( 15.36635143171859141, -11.50094328468379601, -10.00000000000000000 ) ) ;
#4384 = DIRECTION ( 'NONE',  ( -0.000000000000000000, -0.000000000000000000, 1.000000000000000000 ) ) ;
#4385 = CARTESIAN_POINT ( 'NONE',  ( -16.89922242757907611, 6.726769246911778133, -10.00000000000000000 ) ) ;
#4386 = CARTESIAN_POINT ( 'NONE',  ( -11.50094328468396299, 15.36635143171846529, 10.00000000000000000 ) ) ;
#4387 = EDGE_LOOP ( 'NONE', ( #492, #3529, #1982, #844 ) ) ;
#4388 = CARTESIAN_POINT ( 'NONE',  ( -18.16825558712696775, -6.189583320500910091, -10.00000000000000000 ) ) ;
#4389 = CIRCLE ( 'NONE', #975, 0.6250000000000004441 ) ;
#4390 = ORIENTED_EDGE ( 'NONE', *, *, #1232, .T. ) ;
#4391 = AXIS2_PLACEMENT_3D ( 'NONE', #3834, #96, #3361 ) ;
#4392 = CARTESIAN_POINT ( 'NONE',  ( 1.175390804045152171, 18.15080162460478164, -10.00000000000000000 ) ) ;
#4393 = DIRECTION ( 'NONE',  ( 1.000000000000000000, 0.000000000000000000, 0.000000000000000000 ) ) ;
#4394 = DIRECTION ( 'NONE',  ( 0.000000000000000000, 0.000000000000000000, 1.000000000000000000 ) ) ;
#4395 = AXIS2_PLACEMENT_3D ( 'NONE', #1527, #5204, #4741 ) ;
#4396 = CARTESIAN_POINT ( 'NONE',  ( -13.71460824982066207, -11.09931426106900432, 10.00000000000000000 ) ) ;
#4397 = AXIS2_PLACEMENT_3D ( 'NONE', #1501, #657, #5147 ) ;
#4398 = LINE ( 'NONE', #2772, #1644 ) ;
#4399 = VERTEX_POINT ( 'NONE', #2004 ) ;
#4400 = FACE_OUTER_BOUND ( 'NONE', #1447, .T. ) ;
#4401 = ORIENTED_EDGE ( 'NONE', *, *, #3842, .T. ) ;
#4402 = EDGE_CURVE ( 'NONE', #3854, #4678, #5054, .T. ) ;
#4403 = ORIENTED_EDGE ( 'NONE', *, *, #3330, .F. ) ;
#4404 = AXIS2_PLACEMENT_3D ( 'NONE', #3221, #4855, #1190 ) ;
#4405 = VECTOR ( 'NONE', #5247, 1000.000000000000000 ) ;
#4406 = CARTESIAN_POINT ( 'NONE',  ( -10.54246546439080845, -19.30949046277832792, -10.00000000000000000 ) ) ;
#4407 = ORIENTED_EDGE ( 'NONE', *, *, #850, .F. ) ;
#4408 = CARTESIAN_POINT ( 'NONE',  ( -14.48162217478681590, 9.840535351850393297, -10.00000000000000000 ) ) ;
#4409 = ORIENTED_EDGE ( 'NONE', *, *, #4353, .T. ) ;
#4410 = VERTEX_POINT ( 'NONE', #80 ) ;
#4411 = DIRECTION ( 'NONE',  ( 0.9510565162951576390, -0.3090169943749348502, 0.000000000000000000 ) ) ;
#4412 = CARTESIAN_POINT ( 'NONE',  ( -15.00000000000000000, 0.000000000000000000, -5.000000000000000000 ) ) ;
#4413 = DIRECTION ( 'NONE',  ( 0.000000000000000000, -0.000000000000000000, 1.000000000000000000 ) ) ;
#4414 = DIRECTION ( 'NONE',  ( -0.000000000000000000, -0.000000000000000000, 1.000000000000000000 ) ) ;
#4415 = CARTESIAN_POINT ( 'NONE',  ( -1.171554599608693348, 18.33657332175918597, -10.00000000000000000 ) ) ;
#4416 = ORIENTED_EDGE ( 'NONE', *, *, #3258, .F. ) ;
#4417 = LINE ( 'NONE', #1631, #3104 ) ;
#4418 = VERTEX_POINT ( 'NONE', #3634 ) ;
#4419 = CARTESIAN_POINT ( 'NONE',  ( -10.20790113453313808, -14.98725779627119437, -10.00000000000000000 ) ) ;
#4420 = CARTESIAN_POINT ( 'NONE',  ( 2.820800000000002417, -21.81841165988028663, 10.00000000000000000 ) ) ;
#4421 = CARTESIAN_POINT ( 'NONE',  ( 6.124892512523317123, 17.06765459969032506, -10.00000000000000000 ) ) ;
#4422 = CIRCLE ( 'NONE', #502, 0.6250000000000003331 ) ;
#4423 = CARTESIAN_POINT ( 'NONE',  ( 5.671554599608693792, 18.33657332175918597, -10.00000000000000000 ) ) ;
#4424 = DIRECTION ( 'NONE',  ( 0.000000000000000000, 0.000000000000000000, -1.000000000000000000 ) ) ;
#4425 = EDGE_LOOP ( 'NONE', ( #2961, #2846, #1864, #2862 ) ) ;
#4426 = DIRECTION ( 'NONE',  ( -1.000000000000000000, 0.000000000000000000, 0.000000000000000000 ) ) ;
#4427 = ORIENTED_EDGE ( 'NONE', *, *, #5062, .F. ) ;
#4428 = LINE ( 'NONE', #3203, #1507 ) ;
#4429 = LINE ( 'NONE', #4406, #2276 ) ;
#4430 = ORIENTED_EDGE ( 'NONE', *, *, #278, .T. ) ;
#4431 = DIRECTION ( 'NONE',  ( 1.000000000000000000, 0.000000000000000000, 0.000000000000000000 ) ) ;
#4432 = ORIENTED_EDGE ( 'NONE', *, *, #3031, .T. ) ;
#4433 = ORIENTED_EDGE ( 'NONE', *, *, #4080, .T. ) ;
#4434 = ADVANCED_FACE ( 'NONE', ( #1684, #3344 ), #29, .F. ) ;
#4435 = DIRECTION ( 'NONE',  ( -0.000000000000000000, -0.000000000000000000, 1.000000000000000000 ) ) ;
#4436 = ADVANCED_FACE ( 'NONE', ( #1653 ), #3291, .T. ) ;
#4437 = DIRECTION ( 'NONE',  ( 0.000000000000000000, 0.000000000000000000, 1.000000000000000000 ) ) ;
#4438 = CARTESIAN_POINT ( 'NONE',  ( 0.5509236102168821869, -17.50000000000000355, -10.00000000000000000 ) ) ;
#4439 = DIRECTION ( 'NONE',  ( -0.000000000000000000, -0.000000000000000000, -1.000000000000000000 ) ) ;
#4440 = CARTESIAN_POINT ( 'NONE',  ( 18.12500000000000000, 0.5509236102170719240, 10.00000000000000000 ) ) ;
#4441 = VERTEX_POINT ( 'NONE', #1229 ) ;
#4442 = CARTESIAN_POINT ( 'NONE',  ( 0.2723438155440189856, 19.19172429998743468, -10.00000000000000000 ) ) ;
#4443 = ORIENTED_EDGE ( 'NONE', *, *, #2636, .T. ) ;
#4444 = DIRECTION ( 'NONE',  ( 1.000000000000000000, 0.000000000000000000, 0.000000000000000000 ) ) ;
#4445 = CARTESIAN_POINT ( 'NONE',  ( 19.87886744660634264, 9.425000214337110549, -10.00000000000000000 ) ) ;
#4446 = DIRECTION ( 'NONE',  ( 0.000000000000000000, -0.000000000000000000, -1.000000000000000000 ) ) ;
#4447 = CARTESIAN_POINT ( 'NONE',  ( 0.000000000000000000, 0.000000000000000000, 10.00000000000000000 ) ) ;
#4448 = CARTESIAN_POINT ( 'NONE',  ( -11.06028173450736674, -15.68651078837853419, 10.00000000000000000 ) ) ;
#4449 = DIRECTION ( 'NONE',  ( -0.000000000000000000, 0.000000000000000000, 1.000000000000000000 ) ) ;
#4450 = ORIENTED_EDGE ( 'NONE', *, *, #1479, .T. ) ;
#4451 = ORIENTED_EDGE ( 'NONE', *, *, #3258, .T. ) ;
#4452 = AXIS2_PLACEMENT_3D ( 'NONE', #2818, #2409, #4849 ) ;
#4453 = AXIS2_PLACEMENT_3D ( 'NONE', #5034, #4984, #1315 ) ;
#4454 = ORIENTED_EDGE ( 'NONE', *, *, #4761, .F. ) ;
#4455 = CARTESIAN_POINT ( 'NONE',  ( -15.37518435613155887, -9.717862376724466955, 10.00000000000000000 ) ) ;
#4456 = ORIENTED_EDGE ( 'NONE', *, *, #165, .T. ) ;
#4457 = AXIS2_PLACEMENT_3D ( 'NONE', #3697, #4394, #2470 ) ;
#4458 = EDGE_LOOP ( 'NONE', ( #3680, #5182, #2402, #2429 ) ) ;
#4459 = CARTESIAN_POINT ( 'NONE',  ( 0.2723438155440189856, 19.19172429998743468, -10.00000000000000000 ) ) ;
#4460 = CIRCLE ( 'NONE', #3273, 22.00000000000000000 ) ;
#4461 = EDGE_CURVE ( 'NONE', #4637, #259, #4062, .T. ) ;
#4462 = DIRECTION ( 'NONE',  ( 0.9510565162951580831, -0.3090169943749332404, 0.000000000000000000 ) ) ;
#4463 = DIRECTION ( 'NONE',  ( -0.000000000000000000, -0.000000000000000000, 1.000000000000000000 ) ) ;
#4464 = DIRECTION ( 'NONE',  ( -0.000000000000000000, -0.000000000000000000, 1.000000000000000000 ) ) ;
#4465 = LINE ( 'NONE', #2761, #4729 ) ;
#4466 = VERTEX_POINT ( 'NONE', #1281 ) ;
#4467 = CYLINDRICAL_SURFACE ( 'NONE', #4642, 10.00000000000000000 ) ;
#4468 = ADVANCED_FACE ( 'NONE', ( #2918 ), #4925, .F. ) ;
#4469 = EDGE_LOOP ( 'NONE', ( #2981, #2440, #256, #633 ) ) ;
#4470 = FACE_OUTER_BOUND ( 'NONE', #2467, .T. ) ;
#4471 = EDGE_CURVE ( 'NONE', #4496, #5154, #3505, .T. ) ;
#4472 = CARTESIAN_POINT ( 'NONE',  ( 0.000000000000000000, 0.000000000000000000, 10.00000000000000000 ) ) ;
#4473 = EDGE_CURVE ( 'NONE', #1381, #596, #3263, .T. ) ;
#4474 = AXIS2_PLACEMENT_3D ( 'NONE', #4358, #3453, #1522 ) ;
#4475 = DIRECTION ( 'NONE',  ( -0.3090169943749386805, -0.9510565162951565288, 0.000000000000000000 ) ) ;
#4476 = DIRECTION ( 'NONE',  ( -0.3090169943749499493, 0.9510565162951527540, 0.000000000000000000 ) ) ;
#4477 = CIRCLE ( 'NONE', #1477, 22.00000000000000000 ) ;
#4478 = DIRECTION ( 'NONE',  ( -0.000000000000000000, -0.000000000000000000, 1.000000000000000000 ) ) ;
#4479 = DIRECTION ( 'NONE',  ( 0.9510565162951510887, 0.3090169943749548898, 0.000000000000000000 ) ) ;
#4480 = ORIENTED_EDGE ( 'NONE', *, *, #3328, .F. ) ;
#4481 = CIRCLE ( 'NONE', #2603, 0.6250000000000001110 ) ;
#4482 = FACE_OUTER_BOUND ( 'NONE', #4673, .T. ) ;
#4483 = ORIENTED_EDGE ( 'NONE', *, *, #4202, .F. ) ;
#4484 = AXIS2_PLACEMENT_3D ( 'NONE', #2064, #3669, #2038 ) ;
#4485 = CARTESIAN_POINT ( 'NONE',  ( 9.425000214337041271, -19.87886744660637817, 10.00000000000000000 ) ) ;
#4486 = ORIENTED_EDGE ( 'NONE', *, *, #2453, .T. ) ;
#4487 = EDGE_LOOP ( 'NONE', ( #1179, #785, #1092, #1895 ) ) ;
#4488 = EDGE_CURVE ( 'NONE', #1115, #4572, #4112, .T. ) ;
#4489 = CIRCLE ( 'NONE', #5005, 0.6250000000000000000 ) ;
#4490 = DIRECTION ( 'NONE',  ( -0.000000000000000000, 0.000000000000000000, 1.000000000000000000 ) ) ;
#4491 = CARTESIAN_POINT ( 'NONE',  ( 4.883837912083744293, 16.81373379332467266, -10.00000000000000000 ) ) ;
#4492 = CARTESIAN_POINT ( 'NONE',  ( 17.49999999999999645, 0.5509236102170654847, -10.00000000000000000 ) ) ;
#4493 = APPLICATION_PROTOCOL_DEFINITION ( 'draft international standard', 'automotive_design', 1998, #5252 ) ;
#4494 = ORIENTED_EDGE ( 'NONE', *, *, #3089, .F. ) ;
#4495 = AXIS2_PLACEMENT_3D ( 'NONE', #2239, #2695, #4292 ) ;
#4496 = VERTEX_POINT ( 'NONE', #4218 ) ;
#4497 = ADVANCED_FACE ( 'NONE', ( #2993 ), #3790, .F. ) ;
#4498 = DIRECTION ( 'NONE',  ( 0.000000000000000000, 0.000000000000000000, -1.000000000000000000 ) ) ;
#4499 = CARTESIAN_POINT ( 'NONE',  ( 14.98725779627123700, -10.20790113453307768, 10.00000000000000000 ) ) ;
#4500 = AXIS2_PLACEMENT_3D ( 'NONE', #1843, #242, #4705 ) ;
#4501 = DIRECTION ( 'NONE',  ( 0.9510565162951533091, 0.3090169943749481174, 0.000000000000000000 ) ) ;
#4502 = DIRECTION ( 'NONE',  ( -0.000000000000000000, -0.000000000000000000, 1.000000000000000000 ) ) ;
#4503 = EDGE_CURVE ( 'NONE', #1931, #1066, #5108, .T. ) ;
#4504 = DIRECTION ( 'NONE',  ( 1.000000000000000000, 0.000000000000000000, 0.000000000000000000 ) ) ;
#4505 = AXIS2_PLACEMENT_3D ( 'NONE', #3588, #3137, #5230 ) ;
#4506 = DIRECTION ( 'NONE',  ( -0.000000000000000000, -0.000000000000000000, 1.000000000000000000 ) ) ;
#4507 = ORIENTED_EDGE ( 'NONE', *, *, #90, .F. ) ;
#4508 = EDGE_CURVE ( 'NONE', #1534, #4842, #2236, .T. ) ;
#4509 = CIRCLE ( 'NONE', #2892, 22.00000000000000000 ) ;
#4510 = ADVANCED_FACE ( 'NONE', ( #3369 ), #612, .F. ) ;
#4511 = CARTESIAN_POINT ( 'NONE',  ( 9.425000214336623827, 19.87886744660657712, -10.00000000000000000 ) ) ;
#4512 = ORIENTED_EDGE ( 'NONE', *, *, #1756, .T. ) ;
#4513 = EDGE_LOOP ( 'NONE', ( #1541, #2103, #3942, #4779 ) ) ;
#4514 = CARTESIAN_POINT ( 'NONE',  ( -4.451973533568192920, -17.40814411600911527, -10.00000000000000000 ) ) ;
#4515 = CYLINDRICAL_SURFACE ( 'NONE', #1166, 4.500000000000000888 ) ;
#4516 = DIRECTION ( 'NONE',  ( -0.000000000000000000, -0.000000000000000000, 1.000000000000000000 ) ) ;
#4517 = LINE ( 'NONE', #4034, #940 ) ;
#4518 = FACE_BOUND ( 'NONE', #601, .T. ) ;
#4519 = ORIENTED_EDGE ( 'NONE', *, *, #2637, .T. ) ;
#4520 = DIRECTION ( 'NONE',  ( -0.000000000000000000, -0.000000000000000000, 1.000000000000000000 ) ) ;
#4521 = CIRCLE ( 'NONE', #2986, 15.00000000000000000 ) ;
#4522 = ORIENTED_EDGE ( 'NONE', *, *, #2965, .T. ) ;
#4523 = CARTESIAN_POINT ( 'NONE',  ( -18.12500000000001066, 0.5509236102168186822, 10.00000000000000000 ) ) ;
#4524 = AXIS2_PLACEMENT_3D ( 'NONE', #1602, #2058, #1980 ) ;
#4525 = CYLINDRICAL_SURFACE ( 'NONE', #2002, 22.00000000000000000 ) ;
#4526 = FACE_OUTER_BOUND ( 'NONE', #5094, .T. ) ;
#4527 = CIRCLE ( 'NONE', #4348, 4.500000000000001776 ) ;
#4528 = CARTESIAN_POINT ( 'NONE',  ( 21.62221772207210790, 4.059519772006387583, -10.00000000000000000 ) ) ;
#4529 = EDGE_CURVE ( 'NONE', #2235, #1944, #3046, .T. ) ;
#4530 = DIRECTION ( 'NONE',  ( 0.000000000000000000, 0.000000000000000000, 1.000000000000000000 ) ) ;
#4531 = CARTESIAN_POINT ( 'NONE',  ( -5.931756891039212221, 16.47324427700577587, -10.00000000000000000 ) ) ;
#4532 = ADVANCED_FACE ( 'NONE', ( #1036 ), #3759, .F. ) ;
#4533 = LINE ( 'NONE', #4128, #3413 ) ;
#4534 = VERTEX_POINT ( 'NONE', #3820 ) ;
#4535 = DIRECTION ( 'NONE',  ( 1.000000000000000000, 0.000000000000000000, 0.000000000000000000 ) ) ;
#4536 = EDGE_CURVE ( 'NONE', #2180, #664, #4189, .T. ) ;
#4537 = CARTESIAN_POINT ( 'NONE',  ( -6.189583320500847030, 18.16825558712698907, -10.00000000000000000 ) ) ;
#4538 = EDGE_LOOP ( 'NONE', ( #4248, #1310, #1524, #2690 ) ) ;
#4539 = ORIENTED_EDGE ( 'NONE', *, *, #3329, .F. ) ;
#4540 = CARTESIAN_POINT ( 'NONE',  ( 10.00000000000000000, 1.224646799147353256E-15, -5.000000000000000000 ) ) ;
#4541 = AXIS2_PLACEMENT_3D ( 'NONE', #3155, #1124, #2298 ) ;
#4542 = VECTOR ( 'NONE', #968, 1000.000000000000000 ) ;
#4543 = DIRECTION ( 'NONE',  ( -0.000000000000000000, -0.000000000000000000, 1.000000000000000000 ) ) ;
#4544 = LINE ( 'NONE', #864, #3002 ) ;
#4545 = CARTESIAN_POINT ( 'NONE',  ( -14.48162217478674485, -9.840535351850496326, 10.00000000000000000 ) ) ;
#4546 = DIRECTION ( 'NONE',  ( 1.000000000000000000, 0.000000000000000000, -0.000000000000000000 ) ) ;
#4547 = ORIENTED_EDGE ( 'NONE', *, *, #3315, .T. ) ;
#4548 = AXIS2_PLACEMENT_3D ( 'NONE', #758, #2382, #1570 ) ;
#4549 = VERTEX_POINT ( 'NONE', #1406 ) ;
#4550 = DIRECTION ( 'NONE',  ( -0.000000000000000000, -0.000000000000000000, 1.000000000000000000 ) ) ;
#4551 = FACE_OUTER_BOUND ( 'NONE', #2542, .T. ) ;
#4552 = CARTESIAN_POINT ( 'NONE',  ( -16.44265459969022558, -6.124892512523616439, 10.00000000000000000 ) ) ;
#4553 = FACE_OUTER_BOUND ( 'NONE', #3964, .T. ) ;
#4554 = DIRECTION ( 'NONE',  ( 0.8090169943749466741, 0.5877852522924741363, 0.000000000000000000 ) ) ;
#4555 = LINE ( 'NONE', #3996, #1330 ) ;
#4556 = DIRECTION ( 'NONE',  ( -0.000000000000000000, -0.000000000000000000, 1.000000000000000000 ) ) ;
#4557 = EDGE_LOOP ( 'NONE', ( #4921, #4893 ) ) ;
#4558 = VECTOR ( 'NONE', #4249, 1000.000000000000000 ) ;
#4559 = EDGE_CURVE ( 'NONE', #3506, #2380, #4894, .T. ) ;
#4560 = CIRCLE ( 'NONE', #2257, 0.6250000000000001110 ) ;
#4561 = EDGE_CURVE ( 'NONE', #1561, #2550, #958, .T. ) ;
#4562 = CYLINDRICAL_SURFACE ( 'NONE', #1961, 0.6250000000000001110 ) ;
#4563 = ORIENTED_EDGE ( 'NONE', *, *, #3236, .F. ) ;
#4564 = CARTESIAN_POINT ( 'NONE',  ( -13.71460824982066207, -11.09931426106900432, -10.00000000000000000 ) ) ;
#4565 = ORIENTED_EDGE ( 'NONE', *, *, #2676, .F. ) ;
#4566 = AXIS2_PLACEMENT_3D ( 'NONE', #6, #3695, #3325 ) ;
#4567 = CARTESIAN_POINT ( 'NONE',  ( 0.7500000000000007772, 7.462405778299650017, -10.00000000000000000 ) ) ;
#4568 = AXIS2_PLACEMENT_3D ( 'NONE', #2149, #1752, #5045 ) ;
#4569 = VECTOR ( 'NONE', #387, 1000.000000000000000 ) ;
#4570 = CARTESIAN_POINT ( 'NONE',  ( 5.931756891038983071, 16.47324427700585403, -10.00000000000000000 ) ) ;
#4571 = DIRECTION ( 'NONE',  ( 0.000000000000000000, 0.000000000000000000, 1.000000000000000000 ) ) ;
#4572 = VERTEX_POINT ( 'NONE', #1380 ) ;
#4573 = VERTEX_POINT ( 'NONE', #3018 ) ;
#4574 = ADVANCED_FACE ( 'NONE', ( #993 ), #1015, .F. ) ;
#4575 = AXIS2_PLACEMENT_3D ( 'NONE', #4875, #1228, #1209 ) ;
#4576 = ORIENTED_EDGE ( 'NONE', *, *, #3194, .T. ) ;
#4577 = CYLINDRICAL_SURFACE ( 'NONE', #1324, 22.00000000000000000 ) ;
#4578 = DIRECTION ( 'NONE',  ( -0.000000000000000000, -0.000000000000000000, 1.000000000000000000 ) ) ;
#4579 = AXIS2_PLACEMENT_3D ( 'NONE', #3419, #2512, #3737 ) ;
#4580 = FACE_OUTER_BOUND ( 'NONE', #4837, .T. ) ;
#4581 = DIRECTION ( 'NONE',  ( 1.000000000000000000, 0.000000000000000000, 0.000000000000000000 ) ) ;
#4582 = AXIS2_PLACEMENT_3D ( 'NONE', #4662, #3479, #526 ) ;
#4583 = DIRECTION ( 'NONE',  ( -0.000000000000000000, -0.000000000000000000, 1.000000000000000000 ) ) ;
#4584 = DIRECTION ( 'NONE',  ( 1.000000000000000000, 0.000000000000000000, 0.000000000000000000 ) ) ;
#4585 = EDGE_LOOP ( 'NONE', ( #4055, #4953, #2557, #2635 ) ) ;
#4586 = CARTESIAN_POINT ( 'NONE',  ( 11.50094328468407845, -15.36635143171838003, 10.00000000000000000 ) ) ;
#4587 = ADVANCED_FACE ( 'NONE', ( #2967 ), #205, .F. ) ;
#4588 = DIRECTION ( 'NONE',  ( 0.000000000000000000, 0.000000000000000000, 1.000000000000000000 ) ) ;
#4589 = ORIENTED_EDGE ( 'NONE', *, *, #4191, .F. ) ;
#4590 = CARTESIAN_POINT ( 'NONE',  ( -4.059519772006158433, 21.62221772207215764, -10.00000000000000000 ) ) ;
#4591 = ORIENTED_EDGE ( 'NONE', *, *, #1262, .T. ) ;
#4592 = AXIS2_PLACEMENT_3D ( 'NONE', #4523, #467, #2823 ) ;
#4593 = DIRECTION ( 'NONE',  ( -0.9510565162951510887, -0.3090169943749548898, 0.000000000000000000 ) ) ;
#4594 = ORIENTED_EDGE ( 'NONE', *, *, #1292, .F. ) ;
#4595 = DIRECTION ( 'NONE',  ( 0.000000000000000000, 0.000000000000000000, 1.000000000000000000 ) ) ;
#4596 = DIRECTION ( 'NONE',  ( -0.000000000000000000, -0.000000000000000000, -1.000000000000000000 ) ) ;
#4597 = ADVANCED_FACE ( 'NONE', ( #537 ), #2670, .T. ) ;
#4598 = VERTEX_POINT ( 'NONE', #1733 ) ;
#4599 = EDGE_CURVE ( 'NONE', #664, #907, #5002, .T. ) ;
#4600 = EDGE_CURVE ( 'NONE', #3399, #1865, #2158, .T. ) ;
#4601 = ORIENTED_EDGE ( 'NONE', *, *, #728, .F. ) ;
#4602 = EDGE_CURVE ( 'NONE', #178, #495, #1459, .T. ) ;
#4603 = EDGE_LOOP ( 'NONE', ( #2807, #3546, #4416, #4443 ) ) ;
#4604 = DIRECTION ( 'NONE',  ( 1.000000000000000000, 0.000000000000000000, 0.000000000000000000 ) ) ;
#4605 = CARTESIAN_POINT ( 'NONE',  ( 19.30949046277837056, -10.54246546439073207, -10.00000000000000000 ) ) ;
#4606 = CARTESIAN_POINT ( 'NONE',  ( 11.50094328468374272, 15.36635143171863049, 10.00000000000000000 ) ) ;
#4607 = CARTESIAN_POINT ( 'NONE',  ( -0.5509236102168820759, 17.50000000000000355, -10.00000000000000000 ) ) ;
#4608 = VECTOR ( 'NONE', #4464, 1000.000000000000000 ) ;
#4609 = VECTOR ( 'NONE', #1326, 1000.000000000000000 ) ;
#4610 = DIRECTION ( 'NONE',  ( 0.000000000000000000, 0.000000000000000000, 1.000000000000000000 ) ) ;
#4611 = CARTESIAN_POINT ( 'NONE',  ( -17.62565389454304210, 4.491043080150693534, 10.00000000000000000 ) ) ;
#4612 = ORIENTED_EDGE ( 'NONE', *, *, #240, .T. ) ;
#4613 = DIRECTION ( 'NONE',  ( -0.000000000000000000, -0.000000000000000000, 1.000000000000000000 ) ) ;
#4614 = ORIENTED_EDGE ( 'NONE', *, *, #3259, .T. ) ;
#4615 = DIRECTION ( 'NONE',  ( -0.000000000000000000, -0.000000000000000000, -1.000000000000000000 ) ) ;
#4616 = ORIENTED_EDGE ( 'NONE', *, *, #1204, .T. ) ;
#4617 = VERTEX_POINT ( 'NONE', #1454 ) ;
#4618 = VERTEX_POINT ( 'NONE', #3095 ) ;
#4619 = CARTESIAN_POINT ( 'NONE',  ( 0.000000000000000000, 0.000000000000000000, -10.00000000000000000 ) ) ;
#4620 = CARTESIAN_POINT ( 'NONE',  ( -14.48162217478674485, -9.840535351850496326, -10.00000000000000000 ) ) ;
#4621 = VERTEX_POINT ( 'NONE', #4321 ) ;
#4622 = ORIENTED_EDGE ( 'NONE', *, *, #4627, .T. ) ;
#4623 = ADVANCED_FACE ( 'NONE', ( #1118 ), #4726, .T. ) ;
#4624 = AXIS2_PLACEMENT_3D ( 'NONE', #3396, #3070, #106 ) ;
#4625 = CARTESIAN_POINT ( 'NONE',  ( -15.10661573985664852, 15.99344118344503052, -10.00000000000000000 ) ) ;
#4626 = FACE_OUTER_BOUND ( 'NONE', #4585, .T. ) ;
#4627 = EDGE_CURVE ( 'NONE', #382, #1349, #4843, .T. ) ;
#4628 = DIRECTION ( 'NONE',  ( -0.000000000000000000, -0.000000000000000000, 1.000000000000000000 ) ) ;
#4629 = AXIS2_PLACEMENT_3D ( 'NONE', #512, #4596, #2130 ) ;
#4630 = CARTESIAN_POINT ( 'NONE',  ( -17.62565389454300657, -4.491043080150818767, 10.00000000000000000 ) ) ;
#4631 = ORIENTED_EDGE ( 'NONE', *, *, #4106, .T. ) ;
#4632 = EDGE_CURVE ( 'NONE', #2314, #1834, #618, .T. ) ;
#4633 = CIRCLE ( 'NONE', #3606, 4.500000000000000888 ) ;
#4634 = EDGE_CURVE ( 'NONE', #3674, #1345, #1810, .T. ) ;
#4635 = CARTESIAN_POINT ( 'NONE',  ( 16.47324427700583271, -5.931756891039039914, 10.00000000000000000 ) ) ;
#4636 = ADVANCED_FACE ( 'NONE', ( #3120 ), #5162, .T. ) ;
#4637 = VERTEX_POINT ( 'NONE', #724 ) ;
#4638 = DIRECTION ( 'NONE',  ( 0.3090169943749517811, -0.9510565162951520879, 0.000000000000000000 ) ) ;
#4639 = ORIENTED_EDGE ( 'NONE', *, *, #2344, .T. ) ;
#4640 = DIRECTION ( 'NONE',  ( 0.000000000000000000, 0.000000000000000000, 1.000000000000000000 ) ) ;
#4641 = ORIENTED_EDGE ( 'NONE', *, *, #2744, .T. ) ;
#4642 = AXIS2_PLACEMENT_3D ( 'NONE', #3188, #4520, #1658 ) ;
#4643 = DIRECTION ( 'NONE',  ( 0.000000000000000000, 0.000000000000000000, 1.000000000000000000 ) ) ;
#4644 = ORIENTED_EDGE ( 'NONE', *, *, #3985, .T. ) ;
#4645 = ORIENTED_EDGE ( 'NONE', *, *, #3868, .F. ) ;
#4646 = AXIS2_PLACEMENT_3D ( 'NONE', #4821, #2794, #4878 ) ;
#4647 = DIRECTION ( 'NONE',  ( 0.000000000000000000, 0.000000000000000000, 1.000000000000000000 ) ) ;
#4648 = DIRECTION ( 'NONE',  ( 1.000000000000000000, 0.000000000000000000, 0.000000000000000000 ) ) ;
#4649 = ORIENTED_EDGE ( 'NONE', *, *, #913, .T. ) ;
#4650 = AXIS2_PLACEMENT_3D ( 'NONE', #2767, #3929, #2306 ) ;
#4651 = EDGE_CURVE ( 'NONE', #4187, #4380, #2579, .T. ) ;
#4652 = EDGE_LOOP ( 'NONE', ( #3037, #3492 ) ) ;
#4653 = CARTESIAN_POINT ( 'NONE',  ( 4.883837912083744293, 16.81373379332467266, -10.00000000000000000 ) ) ;
#4654 = CIRCLE ( 'NONE', #4568, 7.500000000000000000 ) ;
#4655 = DIRECTION ( 'NONE',  ( 0.8090169943749551118, -0.5877852522924625900, 0.000000000000000000 ) ) ;
#4656 = DIRECTION ( 'NONE',  ( 1.000000000000000000, 0.000000000000000000, 0.000000000000000000 ) ) ;
#4657 = DIRECTION ( 'NONE',  ( 0.000000000000000000, -0.000000000000000000, 1.000000000000000000 ) ) ;
#4658 = AXIS2_PLACEMENT_3D ( 'NONE', #1487, #2865, #1545 ) ;
#4659 = DIRECTION ( 'NONE',  ( 0.000000000000000000, 0.000000000000000000, 1.000000000000000000 ) ) ;
#4660 = EDGE_CURVE ( 'NONE', #3885, #2314, #2268, .T. ) ;
#4661 = VERTEX_POINT ( 'NONE', #4408 ) ;
#4662 = CARTESIAN_POINT ( 'NONE',  ( 0.000000000000000000, 0.000000000000000000, -10.00000000000000000 ) ) ;
#4663 = DIRECTION ( 'NONE',  ( 0.000000000000000000, -1.000000000000000000, 0.000000000000000000 ) ) ;
#4664 = ORIENTED_EDGE ( 'NONE', *, *, #561, .F. ) ;
#4665 = ADVANCED_FACE ( 'NONE', ( #3894 ), #1510, .F. ) ;
#4666 = DIRECTION ( 'NONE',  ( -0.9510565162951563067, 0.3090169943749390691, 0.000000000000000000 ) ) ;
#4667 = VECTOR ( 'NONE', #2644, 1000.000000000000000 ) ;
#4668 = EDGE_CURVE ( 'NONE', #3752, #1333, #5145, .T. ) ;
#4669 = EDGE_LOOP ( 'NONE', ( #5202, #1860, #4297, #1474 ) ) ;
#4670 = CARTESIAN_POINT ( 'NONE',  ( -13.83397262833632269, -10.73194847838620625, 10.00000000000000000 ) ) ;
#4671 = ORIENTED_EDGE ( 'NONE', *, *, #4070, .T. ) ;
#4672 = VECTOR ( 'NONE', #790, 1000.000000000000000 ) ;
#4673 = EDGE_LOOP ( 'NONE', ( #893, #4409, #1395, #1503 ) ) ;
#4674 = EDGE_CURVE ( 'NONE', #1375, #1674, #2664, .T. ) ;
#4675 = CARTESIAN_POINT ( 'NONE',  ( 6.726769246911954880, -16.89922242757900150, 10.00000000000000000 ) ) ;
#4676 = ORIENTED_EDGE ( 'NONE', *, *, #2077, .T. ) ;
#4677 = CARTESIAN_POINT ( 'NONE',  ( 5.931756891039327684, -16.47324427700572969, -10.00000000000000000 ) ) ;
#4678 = VERTEX_POINT ( 'NONE', #1090 ) ;
#4679 = VECTOR ( 'NONE', #2426, 1000.000000000000000 ) ;
#4680 = VERTEX_POINT ( 'NONE', #2320 ) ;
#4681 = DIRECTION ( 'NONE',  ( -0.000000000000000000, -0.000000000000000000, 1.000000000000000000 ) ) ;
#4682 = DIRECTION ( 'NONE',  ( -0.000000000000000000, -0.000000000000000000, -1.000000000000000000 ) ) ;
#4683 = LINE ( 'NONE', #3022, #2456 ) ;
#4684 = CARTESIAN_POINT ( 'NONE',  ( -19.30949046277821424, -10.54246546439101095, -10.00000000000000000 ) ) ;
#4685 = LINE ( 'NONE', #3876, #1904 ) ;
#4686 = ORIENTED_EDGE ( 'NONE', *, *, #4296, .F. ) ;
#4687 = CARTESIAN_POINT ( 'NONE',  ( 5.671554599608693792, 18.33657332175918597, -10.00000000000000000 ) ) ;
#4688 = DIRECTION ( 'NONE',  ( -0.000000000000000000, -0.000000000000000000, 1.000000000000000000 ) ) ;
#4689 = DIRECTION ( 'NONE',  ( 0.000000000000000000, -0.000000000000000000, -1.000000000000000000 ) ) ;
#4690 = CIRCLE ( 'NONE', #4090, 4.500000000000000888 ) ;
#4691 = ADVANCED_FACE ( 'NONE', ( #290 ), #3943, .T. ) ;
#4692 = CARTESIAN_POINT ( 'NONE',  ( -1.175390804045149951, 18.15080162460478164, -10.00000000000000000 ) ) ;
#4693 = CIRCLE ( 'NONE', #4343, 0.6250000000000001110 ) ;
#4694 = ORIENTED_EDGE ( 'NONE', *, *, #90, .T. ) ;
#4695 = VECTOR ( 'NONE', #1655, 1000.000000000000000 ) ;
#4696 = EDGE_CURVE ( 'NONE', #1559, #1974, #366, .T. ) ;
#4697 = ORIENTED_EDGE ( 'NONE', *, *, #2118, .T. ) ;
#4698 = ORIENTED_EDGE ( 'NONE', *, *, #3562, .F. ) ;
#4699 = CARTESIAN_POINT ( 'NONE',  ( 10.54246546439108734, -19.30949046277817160, 10.00000000000000000 ) ) ;
#4700 = DIRECTION ( 'NONE',  ( 1.000000000000000000, 0.000000000000000000, 0.000000000000000000 ) ) ;
#4701 = ORIENTED_EDGE ( 'NONE', *, *, #4508, .T. ) ;
#4702 = ORIENTED_EDGE ( 'NONE', *, *, #4038, .F. ) ;
#4703 = CYLINDRICAL_SURFACE ( 'NONE', #3461, 4.500000000000000888 ) ;
#4704 = LINE ( 'NONE', #3357, #4365 ) ;
#4705 = DIRECTION ( 'NONE',  ( 0.3090169943749448977, 0.9510565162951544194, 0.000000000000000000 ) ) ;
#4706 = LINE ( 'NONE', #5139, #4010 ) ;
#4707 = CYLINDRICAL_SURFACE ( 'NONE', #2680, 0.6250000000000005551 ) ;
#4708 = VECTOR ( 'NONE', #1461, 1000.000000000000000 ) ;
#4709 = CIRCLE ( 'NONE', #1979, 4.500000000000000888 ) ;
#4710 = ORIENTED_EDGE ( 'NONE', *, *, #3586, .F. ) ;
#4711 = PLANE ( 'NONE',  #4759 ) ;
#4712 = DIRECTION ( 'NONE',  ( -0.8090169943749503378, 0.5877852522924692513, 0.000000000000000000 ) ) ;
#4713 = CIRCLE ( 'NONE', #1041, 22.00000000000000000 ) ;
#4714 = VECTOR ( 'NONE', #3601, 1000.000000000000000 ) ;
#4715 = CARTESIAN_POINT ( 'NONE',  ( 0.000000000000000000, 0.000000000000000000, 10.00000000000000000 ) ) ;
#4716 = DIRECTION ( 'NONE',  ( 0.8090169943749547787, -0.5877852522924629231, 0.000000000000000000 ) ) ;
#4717 = VECTOR ( 'NONE', #1329, 1000.000000000000000 ) ;
#4718 = ORIENTED_EDGE ( 'NONE', *, *, #149, .F. ) ;
#4719 = DIRECTION ( 'NONE',  ( 1.000000000000000000, 0.000000000000000000, 0.000000000000000000 ) ) ;
#4720 = ORIENTED_EDGE ( 'NONE', *, *, #2505, .T. ) ;
#4721 = ORIENTED_EDGE ( 'NONE', *, *, #1034, .F. ) ;
#4722 = EDGE_CURVE ( 'NONE', #3576, #1149, #1148, .T. ) ;
#4724 = CARTESIAN_POINT ( 'NONE',  ( -15.00000000000000000, 1.836970198721029589E-15, 10.00000000000000000 ) ) ;
#4723 = CIRCLE ( 'NONE', #2338, 0.6249999999999998890 ) ;
#4725 = ORIENTED_EDGE ( 'NONE', *, *, #249, .T. ) ;
#4726 = CYLINDRICAL_SURFACE ( 'NONE', #1219, 4.500000000000000888 ) ;
#4727 = ORIENTED_EDGE ( 'NONE', *, *, #2491, .F. ) ;
#4728 = VERTEX_POINT ( 'NONE', #348 ) ;
#4729 = VECTOR ( 'NONE', #2842, 1000.000000000000000 ) ;
#4730 = CARTESIAN_POINT ( 'NONE',  ( 14.48162217478688873, -9.840535351850288492, -10.00000000000000000 ) ) ;
#4731 = DIRECTION ( 'NONE',  ( -0.8090169943749553338, 0.5877852522924622569, 0.000000000000000000 ) ) ;
#4732 = PLANE ( 'NONE',  #1530 ) ;
#4733 = EDGE_CURVE ( 'NONE', #322, #4842, #1972, .T. ) ;
#4734 = CIRCLE ( 'NONE', #553, 4.500000000000001776 ) ;
#4735 = CARTESIAN_POINT ( 'NONE',  ( -17.50000000000000000, -0.5509236102169433602, -10.00000000000000000 ) ) ;
#4736 = LINE ( 'NONE', #1897, #1651 ) ;
#4737 = AXIS2_PLACEMENT_3D ( 'NONE', #1499, #273, #4772 ) ;
#4738 = EDGE_LOOP ( 'NONE', ( #1407, #1777 ) ) ;
#4739 = AXIS2_PLACEMENT_3D ( 'NONE', #5206, #1529, #3168 ) ;
#4740 = CARTESIAN_POINT ( 'NONE',  ( -0.2723438155441447739, -19.19172429998743468, 10.00000000000000000 ) ) ;
#4741 = DIRECTION ( 'NONE',  ( 1.000000000000000000, 0.000000000000000000, 0.000000000000000000 ) ) ;
#4742 = CIRCLE ( 'NONE', #3379, 4.500000000000000888 ) ;
#4743 = LINE ( 'NONE', #2768, #3840 ) ;
#4744 = DIRECTION ( 'NONE',  ( 0.000000000000000000, 0.000000000000000000, 1.000000000000000000 ) ) ;
#4745 = VECTOR ( 'NONE', #4543, 1000.000000000000000 ) ;
#4746 = VERTEX_POINT ( 'NONE', #3491 ) ;
#4747 = DIRECTION ( 'NONE',  ( -1.000000000000000000, 0.000000000000000000, 0.000000000000000000 ) ) ;
#4748 = ORIENTED_EDGE ( 'NONE', *, *, #249, .F. ) ;
#4749 = VECTOR ( 'NONE', #2931, 1000.000000000000114 ) ;
#4750 = VERTEX_POINT ( 'NONE', #478 ) ;
#4751 = EDGE_CURVE ( 'NONE', #4027, #2203, #104, .T. ) ;
#4752 = VECTOR ( 'NONE', #1019, 1000.000000000000000 ) ;
#4753 = CYLINDRICAL_SURFACE ( 'NONE', #2360, 4.500000000000000888 ) ;
#4754 = EDGE_LOOP ( 'NONE', ( #2134, #4649, #5218, #3570 ) ) ;
#4755 = DIRECTION ( 'NONE',  ( 0.000000000000000000, -0.000000000000000000, 1.000000000000000000 ) ) ;
#4756 = ORIENTED_EDGE ( 'NONE', *, *, #2872, .T. ) ;
#4757 = ORIENTED_EDGE ( 'NONE', *, *, #3262, .T. ) ;
#4758 = EDGE_CURVE ( 'NONE', #2502, #652, #3705, .T. ) ;
#4759 = AXIS2_PLACEMENT_3D ( 'NONE', #3928, #5176, #2333 ) ;
#4760 = ADVANCED_FACE ( 'NONE', ( #3732 ), #1274, .T. ) ;
#4761 = EDGE_CURVE ( 'NONE', #2397, #4838, #3011, .T. ) ;
#4762 = DIRECTION ( 'NONE',  ( 0.000000000000000000, -0.000000000000000000, 1.000000000000000000 ) ) ;
#4763 = DIRECTION ( 'NONE',  ( -0.000000000000000000, -0.000000000000000000, -1.000000000000000000 ) ) ;
#4764 = CYLINDRICAL_SURFACE ( 'NONE', #1937, 4.500000000000000888 ) ;
#4765 = CARTESIAN_POINT ( 'NONE',  ( 18.16825558712692157, 6.189583320501044206, -10.00000000000000000 ) ) ;
#4766 = ORIENTED_EDGE ( 'NONE', *, *, #1360, .F. ) ;
#4767 = EDGE_CURVE ( 'NONE', #3143, #706, #3512, .T. ) ;
#4768 = CARTESIAN_POINT ( 'NONE',  ( 17.40814411600912592, -5.076973533568140518, 10.00000000000000000 ) ) ;
#4769 = EDGE_CURVE ( 'NONE', #634, #4661, #3686, .T. ) ;
#4770 = ORIENTED_EDGE ( 'NONE', *, *, #1232, .F. ) ;
#4771 = LINE ( 'NONE', #3190, #69 ) ;
#4772 = DIRECTION ( 'NONE',  ( 1.000000000000000000, 0.000000000000000000, 0.000000000000000000 ) ) ;
#4773 = CARTESIAN_POINT ( 'NONE',  ( 0.000000000000000000, 0.000000000000000000, 10.00000000000000000 ) ) ;
#4774 = CARTESIAN_POINT ( 'NONE',  ( -15.68651078837849155, 11.06028173450742536, 10.00000000000000000 ) ) ;
#4775 = ORIENTED_EDGE ( 'NONE', *, *, #1789, .T. ) ;
#4776 = DIRECTION ( 'NONE',  ( -0.5877852522924660317, -0.8090169943749525583, 0.000000000000000000 ) ) ;
#4777 = ORIENTED_EDGE ( 'NONE', *, *, #4262, .F. ) ;
#4778 = ADVANCED_FACE ( 'NONE', ( #802 ), #3627, .T. ) ;
#4779 = ORIENTED_EDGE ( 'NONE', *, *, #1241, .T. ) ;
#4780 = AXIS2_PLACEMENT_3D ( 'NONE', #3781, #4640, #4183 ) ;
#4781 = CIRCLE ( 'NONE', #4955, 0.6250000000000003331 ) ;
#4782 = AXIS2_PLACEMENT_3D ( 'NONE', #476, #3200, #4479 ) ;
#4783 = CARTESIAN_POINT ( 'NONE',  ( -19.19172429998743468, -0.2723438155443546616, -10.00000000000000000 ) ) ;
#4784 = ORIENTED_EDGE ( 'NONE', *, *, #4461, .T. ) ;
#4785 = CARTESIAN_POINT ( 'NONE',  ( -5.671554599608693792, -18.33657332175918597, 10.00000000000000000 ) ) ;
#4786 = AXIS2_PLACEMENT_3D ( 'NONE', #4310, #4688, #1500 ) ;
#4787 = ORIENTED_EDGE ( 'NONE', *, *, #4767, .F. ) ;
#4788 = VERTEX_POINT ( 'NONE', #5271 ) ;
#4789 = CARTESIAN_POINT ( 'NONE',  ( 0.5509236102168820759, 17.50000000000000355, 10.00000000000000000 ) ) ;
#4790 = DIRECTION ( 'NONE',  ( -0.3090169943749386805, -0.9510565162951565288, 0.000000000000000000 ) ) ;
#4791 = LINE ( 'NONE', #1953, #1804 ) ;
#4792 = DIRECTION ( 'NONE',  ( 0.000000000000000000, 0.000000000000000000, 1.000000000000000000 ) ) ;
#4793 = DIRECTION ( 'NONE',  ( -1.000000000000000000, 0.000000000000000000, 0.000000000000000000 ) ) ;
#4794 = EDGE_LOOP ( 'NONE', ( #3804, #4373, #3755, #4083 ) ) ;
#4795 = FACE_OUTER_BOUND ( 'NONE', #2379, .T. ) ;
#4796 = VERTEX_POINT ( 'NONE', #4455 ) ;
#4797 = DIRECTION ( 'NONE',  ( 0.000000000000000000, 0.000000000000000000, -1.000000000000000000 ) ) ;
#4798 = EDGE_CURVE ( 'NONE', #4082, #1834, #4056, .T. ) ;
#4799 = ADVANCED_FACE ( 'NONE', ( #4892 ), #3254, .T. ) ;
#4800 = DIRECTION ( 'NONE',  ( -0.000000000000000000, -0.000000000000000000, 1.000000000000000000 ) ) ;
#4801 = DIRECTION ( 'NONE',  ( -0.3090169943749517811, 0.9510565162951520879, 0.000000000000000000 ) ) ;
#4802 = VECTOR ( 'NONE', #265, 1000.000000000000000 ) ;
#4803 = CARTESIAN_POINT ( 'NONE',  ( 17.06765459969017940, 6.124892512523734567, -10.00000000000000000 ) ) ;
#4804 = EDGE_CURVE ( 'NONE', #1920, #1873, #4805, .T. ) ;
#4805 = CIRCLE ( 'NONE', #2041, 0.6250000000000001110 ) ;
#4806 = ORIENTED_EDGE ( 'NONE', *, *, #3170, .F. ) ;
#4807 = CARTESIAN_POINT ( 'NONE',  ( -17.06765459969027177, 6.124892512523492982, -10.00000000000000000 ) ) ;
#4808 = EDGE_LOOP ( 'NONE', ( #4988, #942, #2125, #3173 ) ) ;
#4809 = VERTEX_POINT ( 'NONE', #4485 ) ;
#4810 = CIRCLE ( 'NONE', #2923, 0.6250000000000006661 ) ;
#4811 = DIRECTION ( 'NONE',  ( 0.000000000000000000, 0.000000000000000000, -1.000000000000000000 ) ) ;
#4812 = ORIENTED_EDGE ( 'NONE', *, *, #3133, .F. ) ;
#4813 = DIRECTION ( 'NONE',  ( 1.110223024625156383E-14, -1.000000000000000000, 0.000000000000000000 ) ) ;
#4814 = ORIENTED_EDGE ( 'NONE', *, *, #4696, .T. ) ;
#4815 = ORIENTED_EDGE ( 'NONE', *, *, #1689, .F. ) ;
#4816 = DIRECTION ( 'NONE',  ( 1.000000000000000000, 0.000000000000000000, 0.000000000000000000 ) ) ;
#4817 = ORIENTED_EDGE ( 'NONE', *, *, #1195, .F. ) ;
#4818 = DIRECTION ( 'NONE',  ( 1.000000000000000000, 0.000000000000000000, 0.000000000000000000 ) ) ;
#4819 = CYLINDRICAL_SURFACE ( 'NONE', #3933, 7.500000000000000000 ) ;
#4820 = DIRECTION ( 'NONE',  ( 1.000000000000000000, 0.000000000000000000, -0.000000000000000000 ) ) ;
#4821 = CARTESIAN_POINT ( 'NONE',  ( -0.2723438155442844399, 19.19172429998743468, -10.00000000000000000 ) ) ;
#4822 = ORIENTED_EDGE ( 'NONE', *, *, #4696, .F. ) ;
#4823 = CARTESIAN_POINT ( 'NONE',  ( 2.820800000000002417, -21.81841165988028663, -10.00000000000000000 ) ) ;
#4824 = AXIS2_PLACEMENT_3D ( 'NONE', #377, #4381, #3151 ) ;
#4825 = VERTEX_POINT ( 'NONE', #17 ) ;
#4826 = AXIS2_PLACEMENT_3D ( 'NONE', #5280, #5224, #2508 ) ;
#4827 = DIRECTION ( 'NONE',  ( 0.000000000000000000, -0.000000000000000000, -1.000000000000000000 ) ) ;
#4828 = DIRECTION ( 'NONE',  ( 0.000000000000000000, 0.000000000000000000, -1.000000000000000000 ) ) ;
#4829 = DIRECTION ( 'NONE',  ( 1.000000000000000000, 0.000000000000000000, 0.000000000000000000 ) ) ;
#4830 = CIRCLE ( 'NONE', #4395, 22.00000000000000000 ) ;
#4831 = DIRECTION ( 'NONE',  ( 0.000000000000000000, 0.000000000000000000, -1.000000000000000000 ) ) ;
#4832 = ADVANCED_FACE ( 'NONE', ( #401 ), #2506, .F. ) ;
#4833 = VECTOR ( 'NONE', #2497, 1000.000000000000000 ) ;
#4834 = CARTESIAN_POINT ( 'NONE',  ( 0.000000000000000000, 0.000000000000000000, 10.00000000000000000 ) ) ;
#4835 = EDGE_CURVE ( 'NONE', #2937, #3384, #1104, .T. ) ;
#4836 = EDGE_CURVE ( 'NONE', #1187, #382, #84, .T. ) ;
#4837 = EDGE_LOOP ( 'NONE', ( #2350, #1250, #3410, #3149 ) ) ;
#4838 = VERTEX_POINT ( 'NONE', #1201 ) ;
#4839 = EDGE_CURVE ( 'NONE', #2380, #4969, #4690, .T. ) ;
#4840 = ORIENTED_EDGE ( 'NONE', *, *, #428, .T. ) ;
#4841 = DIRECTION ( 'NONE',  ( 1.000000000000000000, 0.000000000000000000, 0.000000000000000000 ) ) ;
#4842 = VERTEX_POINT ( 'NONE', #2457 ) ;
#4843 = LINE ( 'NONE', #5189, #1726 ) ;
#4844 = ORIENTED_EDGE ( 'NONE', *, *, #285, .F. ) ;
#4845 = VERTEX_POINT ( 'NONE', #4081 ) ;
#4846 = CARTESIAN_POINT ( 'NONE',  ( 0.2723438155440189856, 19.19172429998743468, -10.00000000000000000 ) ) ;
#4847 = VECTOR ( 'NONE', #172, 1000.000000000000000 ) ;
#4848 = CARTESIAN_POINT ( 'NONE',  ( -0.7499999999999992228, 7.462405778299650017, -10.00000000000000000 ) ) ;
#4849 = DIRECTION ( 'NONE',  ( 1.000000000000000000, 0.000000000000000000, 0.000000000000000000 ) ) ;
#4850 = DIRECTION ( 'NONE',  ( -0.000000000000000000, -0.000000000000000000, 1.000000000000000000 ) ) ;
#4851 = AXIS2_PLACEMENT_3D ( 'NONE', #3406, #2604, #2144 ) ;
#4852 = DIRECTION ( 'NONE',  ( 0.000000000000000000, -0.000000000000000000, 1.000000000000000000 ) ) ;
#4853 = ORIENTED_EDGE ( 'NONE', *, *, #2637, .F. ) ;
#4854 = VERTEX_POINT ( 'NONE', #3311 ) ;
#4855 = DIRECTION ( 'NONE',  ( 0.000000000000000000, -0.000000000000000000, 1.000000000000000000 ) ) ;
#4856 = DIRECTION ( 'NONE',  ( 0.000000000000000000, 0.000000000000000000, 1.000000000000000000 ) ) ;
#4857 = CYLINDRICAL_SURFACE ( 'NONE', #543, 0.6250000000000001110 ) ;
#4858 = VECTOR ( 'NONE', #5254, 1000.000000000000000 ) ;
#4859 = DIRECTION ( 'NONE',  ( -0.5877852522924653655, -0.8090169943749531134, 0.000000000000000000 ) ) ;
#4860 = CARTESIAN_POINT ( 'NONE',  ( -13.99342959553568555, -11.61968464773358001, -10.00000000000000000 ) ) ;
#4861 = CARTESIAN_POINT ( 'NONE',  ( 0.000000000000000000, 0.000000000000000000, -10.00000000000000000 ) ) ;
#4862 = ORIENTED_EDGE ( 'NONE', *, *, #3359, .T. ) ;
#4863 = CARTESIAN_POINT ( 'NONE',  ( 9.425000214337041271, -19.87886744660637817, -10.00000000000000000 ) ) ;
#4864 = EDGE_CURVE ( 'NONE', #5210, #4845, #516, .T. ) ;
#4865 = EDGE_CURVE ( 'NONE', #1345, #1001, #4968, .T. ) ;
#4866 = ORIENTED_EDGE ( 'NONE', *, *, #3579, .F. ) ;
#4867 = DIRECTION ( 'NONE',  ( -0.3090169943749517811, 0.9510565162951520879, 0.000000000000000000 ) ) ;
#4868 = EDGE_LOOP ( 'NONE', ( #2666, #412, #3954, #4156 ) ) ;
#4869 = VERTEX_POINT ( 'NONE', #3038 ) ;
#4870 = DIRECTION ( 'NONE',  ( -0.000000000000000000, -0.000000000000000000, 1.000000000000000000 ) ) ;
#4871 = CIRCLE ( 'NONE', #4524, 0.6250000000000001110 ) ;
#4872 = ADVANCED_FACE ( 'NONE', ( #2531 ), #4159, .F. ) ;
#4873 = AXIS2_PLACEMENT_3D ( 'NONE', #5126, #3993, #688 ) ;
#4874 = EDGE_CURVE ( 'NONE', #2795, #5056, #2643, .T. ) ;
#4875 = CARTESIAN_POINT ( 'NONE',  ( 0.000000000000000000, 0.000000000000000000, 10.00000000000000000 ) ) ;
#4876 = DIRECTION ( 'NONE',  ( 0.000000000000000000, 0.000000000000000000, -1.000000000000000000 ) ) ;
#4877 = DIRECTION ( 'NONE',  ( -1.000000000000000000, 0.000000000000000000, 0.000000000000000000 ) ) ;
#4878 = DIRECTION ( 'NONE',  ( -0.9510565162951534202, -0.3090169943749480064, 0.000000000000000000 ) ) ;
#4879 = ORIENTED_EDGE ( 'NONE', *, *, #4299, .T. ) ;
#4880 = STYLED_ITEM ( 'NONE', ( #44 ), #5260 ) ;
#4881 = CARTESIAN_POINT ( 'NONE',  ( -0.5509236102168821869, 17.50000000000000355, -10.00000000000000000 ) ) ;
#4882 = ORIENTED_EDGE ( 'NONE', *, *, #4935, .F. ) ;
#4883 = CARTESIAN_POINT ( 'NONE',  ( -13.83397262833632269, -10.73194847838620625, -10.00000000000000000 ) ) ;
#4884 = CARTESIAN_POINT ( 'NONE',  ( 6.726769246911603162, 16.89922242757914006, -10.00000000000000000 ) ) ;
#4885 = DIRECTION ( 'NONE',  ( -0.000000000000000000, 0.000000000000000000, -1.000000000000000000 ) ) ;
#4886 = CARTESIAN_POINT ( 'NONE',  ( -9.425000214336753501, -19.87886744660651317, -10.00000000000000000 ) ) ;
#4887 = LINE ( 'NONE', #2423, #2667 ) ;
#4888 = CARTESIAN_POINT ( 'NONE',  ( 0.7500000000000000000, 7.462405778299650017, -10.00000000000000000 ) ) ;
#4889 = VERTEX_POINT ( 'NONE', #5020 ) ;
#4890 = DIRECTION ( 'NONE',  ( 0.000000000000000000, -0.000000000000000000, 1.000000000000000000 ) ) ;
#4891 = AXIS2_PLACEMENT_3D ( 'NONE', #3238, #4876, #1210 ) ;
#4892 = FACE_OUTER_BOUND ( 'NONE', #3665, .T. ) ;
#4893 = ORIENTED_EDGE ( 'NONE', *, *, #815, .T. ) ;
#4894 = CIRCLE ( 'NONE', #1638, 4.500000000000000888 ) ;
#4895 = VERTEX_POINT ( 'NONE', #2551 ) ;
#4896 = LINE ( 'NONE', #24, #3367 ) ;
#4897 = EDGE_CURVE ( 'NONE', #1049, #1091, #774, .T. ) ;
#4898 = VECTOR ( 'NONE', #473, 1000.000000000000000 ) ;
#4899 = FACE_OUTER_BOUND ( 'NONE', #4144, .T. ) ;
#4900 = LINE ( 'NONE', #840, #1721 ) ;
#4901 = DIRECTION ( 'NONE',  ( 1.000000000000000000, 0.000000000000000000, 0.000000000000000000 ) ) ;
#4902 = ORIENTED_EDGE ( 'NONE', *, *, #2611, .F. ) ;
#4903 = DIRECTION ( 'NONE',  ( 0.000000000000000000, -0.000000000000000000, 1.000000000000000000 ) ) ;
#4904 = VECTOR ( 'NONE', #2952, 1000.000000000000000 ) ;
#4905 = ORIENTED_EDGE ( 'NONE', *, *, #4674, .T. ) ;
#4906 = EDGE_CURVE ( 'NONE', #1101, #917, #2960, .T. ) ;
#4907 = CARTESIAN_POINT ( 'NONE',  ( 0.000000000000000000, 0.000000000000000000, 10.00000000000000000 ) ) ;
#4908 = CARTESIAN_POINT ( 'NONE',  ( 10.73194847838595756, 13.83397262833651453, 10.00000000000000000 ) ) ;
#4909 = AXIS2_PLACEMENT_3D ( 'NONE', #3103, #3219, #1188 ) ;
#4910 = CARTESIAN_POINT ( 'NONE',  ( 10.54246546439066456, 19.30949046277840608, 10.00000000000000000 ) ) ;
#4911 = DIRECTION ( 'NONE',  ( -1.079383496163346391E-14, 1.000000000000000000, 0.000000000000000000 ) ) ;
#4912 = EDGE_CURVE ( 'NONE', #1033, #659, #4993, .T. ) ;
#4913 = CARTESIAN_POINT ( 'NONE',  ( 9.840535351850233425, 14.48162217478692426, -10.00000000000000000 ) ) ;
#4914 = AXIS2_PLACEMENT_3D ( 'NONE', #1216, #1264, #2445 ) ;
#4915 = CARTESIAN_POINT ( 'NONE',  ( -10.00000000000000000, 1.224646799147353256E-15, 5.000000000000000000 ) ) ;
#4916 = ORIENTED_EDGE ( 'NONE', *, *, #1421, .F. ) ;
#4917 = DIRECTION ( 'NONE',  ( 1.000000000000000000, 0.000000000000000000, 0.000000000000000000 ) ) ;
#4918 = DIRECTION ( 'NONE',  ( 1.000000000000000000, 0.000000000000000000, 0.000000000000000000 ) ) ;
#4919 = ORIENTED_EDGE ( 'NONE', *, *, #3874, .T. ) ;
#4920 = AXIS2_PLACEMENT_3D ( 'NONE', #4066, #4498, #1263 ) ;
#4921 = ORIENTED_EDGE ( 'NONE', *, *, #1663, .T. ) ;
#4922 = DIRECTION ( 'NONE',  ( 0.000000000000000000, 0.000000000000000000, 1.000000000000000000 ) ) ;
#4923 = AXIS2_PLACEMENT_3D ( 'NONE', #781, #4437, #2003 ) ;
#4924 = CARTESIAN_POINT ( 'NONE',  ( 17.62565389454306697, -4.491043080150573630, -10.00000000000000000 ) ) ;
#4925 = CYLINDRICAL_SURFACE ( 'NONE', #1887, 0.6250000000000005551 ) ;
#4926 = DIRECTION ( 'NONE',  ( -0.000000000000000000, 0.000000000000000000, -1.000000000000000000 ) ) ;
#4927 = EDGE_LOOP ( 'NONE', ( #376, #1940, #3656, #13 ) ) ;
#4928 = CARTESIAN_POINT ( 'NONE',  ( 1.175390804045152171, 18.15080162460478164, -10.00000000000000000 ) ) ;
#4929 = EDGE_CURVE ( 'NONE', #1865, #1944, #123, .T. ) ;
#4930 = EDGE_CURVE ( 'NONE', #331, #5282, #1526, .T. ) ;
#4931 = EDGE_LOOP ( 'NONE', ( #4971, #3791, #1428, #5191 ) ) ;
#4932 = DIRECTION ( 'NONE',  ( 0.000000000000000000, 0.000000000000000000, 1.000000000000000000 ) ) ;
#4933 = DIRECTION ( 'NONE',  ( 0.000000000000000000, 0.000000000000000000, 1.000000000000000000 ) ) ;
#4934 = EDGE_CURVE ( 'NONE', #4854, #3558, #3488, .T. ) ;
#4935 = EDGE_CURVE ( 'NONE', #4838, #2397, #4521, .T. ) ;
#4936 = CARTESIAN_POINT ( 'NONE',  ( 17.06765459969030729, -6.124892512523376631, 10.00000000000000000 ) ) ;
#4937 = DIRECTION ( 'NONE',  ( 0.000000000000000000, 0.000000000000000000, 1.000000000000000000 ) ) ;
#4938 = DIRECTION ( 'NONE',  ( -0.000000000000000000, -0.000000000000000000, 1.000000000000000000 ) ) ;
#4939 = AXIS2_PLACEMENT_3D ( 'NONE', #4307, #3986, #2737 ) ;
#4940 = CARTESIAN_POINT ( 'NONE',  ( -19.87886744660641369, -9.425000214336971993, -10.00000000000000000 ) ) ;
#4941 = CYLINDRICAL_SURFACE ( 'NONE', #435, 22.00000000000000000 ) ;
#4942 = ORIENTED_EDGE ( 'NONE', *, *, #3515, .T. ) ;
#4943 = DIRECTION ( 'NONE',  ( 1.000000000000000000, 0.000000000000000000, 0.000000000000000000 ) ) ;
#4944 = EDGE_CURVE ( 'NONE', #2679, #1113, #3754, .T. ) ;
#4945 = DIRECTION ( 'NONE',  ( -1.000000000000000000, 0.000000000000000000, 0.000000000000000000 ) ) ;
#4946 = ORIENTED_EDGE ( 'NONE', *, *, #2738, .T. ) ;
#4947 = ORIENTED_EDGE ( 'NONE', *, *, #749, .F. ) ;
#4948 = DIRECTION ( 'NONE',  ( 1.000000000000000000, 0.000000000000000000, 0.000000000000000000 ) ) ;
#4949 = DIRECTION ( 'NONE',  ( -1.000000000000000000, 0.000000000000000000, 0.000000000000000000 ) ) ;
#4950 = CARTESIAN_POINT ( 'NONE',  ( -15.00000000000000000, 0.000000000000000000, -5.000000000000000000 ) ) ;
#4951 = APPLICATION_PROTOCOL_DEFINITION ( 'draft international standard', 'automotive_design', 1998, #3772 ) ;
#4952 = ORIENTED_EDGE ( 'NONE', *, *, #3562, .T. ) ;
#4953 = ORIENTED_EDGE ( 'NONE', *, *, #882, .F. ) ;
#4954 = CARTESIAN_POINT ( 'NONE',  ( -5.931756891039090540, -16.47324427700581495, -10.00000000000000000 ) ) ;
#4955 = AXIS2_PLACEMENT_3D ( 'NONE', #903, #4208, #5043 ) ;
#4956 = DIRECTION ( 'NONE',  ( -0.8090169943749503378, 0.5877852522924692513, 0.000000000000000000 ) ) ;
#4957 = AXIS2_PLACEMENT_3D ( 'NONE', #3279, #4449, #2829 ) ;
#4958 = CYLINDRICAL_SURFACE ( 'NONE', #2587, 0.6250000000000001110 ) ;
#4959 = DIRECTION ( 'NONE',  ( 0.000000000000000000, -0.000000000000000000, 1.000000000000000000 ) ) ;
#4960 = EDGE_CURVE ( 'NONE', #1873, #5272, #2213, .T. ) ;
#4961 = EDGE_CURVE ( 'NONE', #5210, #258, #930, .T. ) ;
#4962 = DIRECTION ( 'NONE',  ( 0.000000000000000000, -0.000000000000000000, -1.000000000000000000 ) ) ;
#4963 = DIRECTION ( 'NONE',  ( 0.000000000000000000, 1.000000000000000000, 0.000000000000000000 ) ) ;
#4964 = DIRECTION ( 'NONE',  ( 1.000000000000000000, 0.000000000000000000, 0.000000000000000000 ) ) ;
#4965 = ORIENTED_EDGE ( 'NONE', *, *, #1006, .T. ) ;
#4966 = DIRECTION ( 'NONE',  ( -0.000000000000000000, -0.000000000000000000, 1.000000000000000000 ) ) ;
#4967 = ADVANCED_FACE ( 'NONE', ( #1009 ), #1757, .F. ) ;
#4968 = LINE ( 'NONE', #776, #5123 ) ;
#4969 = VERTEX_POINT ( 'NONE', #582 ) ;
#4970 = DIRECTION ( 'NONE',  ( -0.000000000000000000, -0.000000000000000000, -1.000000000000000000 ) ) ;
#4971 = ORIENTED_EDGE ( 'NONE', *, *, #1669, .T. ) ;
#4972 = CARTESIAN_POINT ( 'NONE',  ( -0.7499999999999992228, 8.250000000000000000, -10.00000000000000000 ) ) ;
#4973 = CIRCLE ( 'NONE', #3083, 0.6250000000000002220 ) ;
#4974 = ORIENTED_EDGE ( 'NONE', *, *, #1851, .F. ) ;
#4975 = AXIS2_PLACEMENT_3D ( 'NONE', #3973, #1177, #1885 ) ;
#4976 = FACE_OUTER_BOUND ( 'NONE', #62, .T. ) ;
#4977 = DIRECTION ( 'NONE',  ( -0.000000000000000000, -0.000000000000000000, 1.000000000000000000 ) ) ;
#4978 = EDGE_LOOP ( 'NONE', ( #279, #4025, #2606, #1882 ) ) ;
#4979 = ORIENTED_EDGE ( 'NONE', *, *, #2297, .T. ) ;
#4980 = CIRCLE ( 'NONE', #1988, 4.500000000000000888 ) ;
#4981 = ORIENTED_EDGE ( 'NONE', *, *, #1173, .T. ) ;
#4982 = DIRECTION ( 'NONE',  ( 0.000000000000000000, -0.000000000000000000, 1.000000000000000000 ) ) ;
#4983 = DIRECTION ( 'NONE',  ( -0.000000000000000000, -0.000000000000000000, -1.000000000000000000 ) ) ;
#4984 = DIRECTION ( 'NONE',  ( 0.000000000000000000, -0.000000000000000000, 1.000000000000000000 ) ) ;
#4985 = CARTESIAN_POINT ( 'NONE',  ( 0.000000000000000000, 0.000000000000000000, -10.00000000000000000 ) ) ;
#4986 = CYLINDRICAL_SURFACE ( 'NONE', #10, 0.6250000000000005551 ) ;
#4987 = LINE ( 'NONE', #4207, #4847 ) ;
#4988 = ORIENTED_EDGE ( 'NONE', *, *, #163, .T. ) ;
#4989 = VECTOR ( 'NONE', #4681, 1000.000000000000000 ) ;
#4990 = EDGE_CURVE ( 'NONE', #886, #1115, #1616, .T. ) ;
#4991 = EDGE_CURVE ( 'NONE', #4889, #1261, #2472, .T. ) ;
#4992 = CIRCLE ( 'NONE', #3788, 0.6250000000000007772 ) ;
#4993 = LINE ( 'NONE', #530, #3916 ) ;
#4994 = ORIENTED_EDGE ( 'NONE', *, *, #1782, .T. ) ;
#4995 = ADVANCED_FACE ( 'NONE', ( #177 ), #2232, .T. ) ;
#4996 = ORIENTED_EDGE ( 'NONE', *, *, #5175, .F. ) ;
#4997 = CIRCLE ( 'NONE', #3708, 0.6250000000000000000 ) ;
#4998 = CARTESIAN_POINT ( 'NONE',  ( -6.189583320500847030, 18.16825558712698907, 10.00000000000000000 ) ) ;
#4999 = VECTOR ( 'NONE', #3591, 1000.000000000000000 ) ;
#5000 = VECTOR ( 'NONE', #4762, 1000.000000000000000 ) ;
#5001 = CARTESIAN_POINT ( 'NONE',  ( 18.12500000000001421, -0.5509236102166922278, 10.00000000000000000 ) ) ;
#5002 = LINE ( 'NONE', #936, #4029 ) ;
#5003 = ORIENTED_EDGE ( 'NONE', *, *, #2109, .F. ) ;
#5004 = ORIENTED_EDGE ( 'NONE', *, *, #2247, .T. ) ;
#5005 = AXIS2_PLACEMENT_3D ( 'NONE', #1254, #5277, #4462 ) ;
#5006 = ORIENTED_EDGE ( 'NONE', *, *, #644, .T. ) ;
#5007 = CARTESIAN_POINT ( 'NONE',  ( 4.883837912084096899, -16.81373379332456963, 10.00000000000000000 ) ) ;
#5008 = CARTESIAN_POINT ( 'NONE',  ( 11.09931426106906294, -14.33960824982061943, -10.00000000000000000 ) ) ;
#5009 = CIRCLE ( 'NONE', #1412, 4.500000000000000000 ) ;
#5010 = CARTESIAN_POINT ( 'NONE',  ( 14.33960824982082372, -11.09931426106879826, -10.00000000000000000 ) ) ;
#5011 = CARTESIAN_POINT ( 'NONE',  ( -4.883837912083854427, -16.81373379332464424, -10.00000000000000000 ) ) ;
#5012 = CIRCLE ( 'NONE', #3983, 4.500000000000000000 ) ;
#5013 = CARTESIAN_POINT ( 'NONE',  ( 19.30949046277837056, -10.54246546439073207, 10.00000000000000000 ) ) ;
#5014 = DIRECTION ( 'NONE',  ( 0.000000000000000000, 0.000000000000000000, 1.000000000000000000 ) ) ;
#5015 = CARTESIAN_POINT ( 'NONE',  ( 0.2723438155440189856, 19.19172429998743468, 10.00000000000000000 ) ) ;
#5016 = VERTEX_POINT ( 'NONE', #1806 ) ;
#5017 = CARTESIAN_POINT ( 'NONE',  ( 17.62565389454297105, 4.491043080150940447, -10.00000000000000000 ) ) ;
#5018 = CIRCLE ( 'NONE', #3230, 15.00000000000000000 ) ;
#5019 = ORIENTED_EDGE ( 'NONE', *, *, #4559, .T. ) ;
#5020 = CARTESIAN_POINT ( 'NONE',  ( -21.62221772207217185, 4.059519772006082050, 10.00000000000000000 ) ) ;
#5021 = VERTEX_POINT ( 'NONE', #1300 ) ;
#5022 = ORIENTED_EDGE ( 'NONE', *, *, #186, .F. ) ;
#5023 = ADVANCED_FACE ( 'NONE', ( #2936 ), #4562, .F. ) ;
#5024 = EDGE_CURVE ( 'NONE', #5163, #1066, #660, .T. ) ;
#5025 = CARTESIAN_POINT ( 'NONE',  ( 0.000000000000000000, 0.000000000000000000, 10.00000000000000000 ) ) ;
#5026 = CARTESIAN_POINT ( 'NONE',  ( 10.20790113453335302, -14.98725779627104515, -10.00000000000000000 ) ) ;
#5027 = EDGE_LOOP ( 'NONE', ( #2787, #5267, #4815, #1520 ) ) ;
#5028 = ORIENTED_EDGE ( 'NONE', *, *, #157, .F. ) ;
#5029 = ADVANCED_FACE ( 'NONE', ( #2288 ), #3062, .F. ) ;
#5030 = ADVANCED_FACE ( 'NONE', ( #341 ), #3142, .T. ) ;
#5031 = ADVANCED_FACE ( 'NONE', ( #2661 ), #2371, .F. ) ;
#5032 = DIRECTION ( 'NONE',  ( 1.000000000000000000, 0.000000000000000000, 0.000000000000000000 ) ) ;
#5033 = DIRECTION ( 'NONE',  ( 0.000000000000000000, 0.000000000000000000, 1.000000000000000000 ) ) ;
#5034 = CARTESIAN_POINT ( 'NONE',  ( -15.68651078837841517, -11.06028173450753904, -10.00000000000000000 ) ) ;
#5035 = AXIS2_PLACEMENT_3D ( 'NONE', #2152, #1400, #3438 ) ;
#5036 = DIRECTION ( 'NONE',  ( 0.000000000000000000, 0.000000000000000000, 1.000000000000000000 ) ) ;
#5037 = ORIENTED_EDGE ( 'NONE', *, *, #2789, .F. ) ;
#5038 = AXIS2_PLACEMENT_3D ( 'NONE', #2957, #4663, #1776 ) ;
#5039 = CIRCLE ( 'NONE', #2048, 0.6250000000000001110 ) ;
#5040 = VECTOR ( 'NONE', #3167, 1000.000000000000000 ) ;
#5041 = DIRECTION ( 'NONE',  ( -0.000000000000000000, -0.000000000000000000, 1.000000000000000000 ) ) ;
#5042 = CARTESIAN_POINT ( 'NONE',  ( -18.33657332175916466, -5.671554599608757741, 10.00000000000000000 ) ) ;
#5043 = DIRECTION ( 'NONE',  ( -0.5877852522924773560, 0.8090169943749443426, 0.000000000000000000 ) ) ;
#5044 = ORIENTED_EDGE ( 'NONE', *, *, #3780, .F. ) ;
#5045 = DIRECTION ( 'NONE',  ( 1.000000000000000000, 0.000000000000000000, 0.000000000000000000 ) ) ;
#5046 = EDGE_CURVE ( 'NONE', #3895, #3861, #4342, .T. ) ;
#5047 = ORIENTED_EDGE ( 'NONE', *, *, #2015, .F. ) ;
#5048 = DIRECTION ( 'NONE',  ( 0.000000000000000000, -0.000000000000000000, -1.000000000000000000 ) ) ;
#5049 = ORIENTED_EDGE ( 'NONE', *, *, #3684, .T. ) ;
#5050 = ORIENTED_EDGE ( 'NONE', *, *, #4367, .T. ) ;
#5051 = CARTESIAN_POINT ( 'NONE',  ( -10.20790113453313808, -14.98725779627119437, -10.00000000000000000 ) ) ;
#5052 = CARTESIAN_POINT ( 'NONE',  ( -17.50000000000000000, -0.5509236102169432492, -10.00000000000000000 ) ) ;
#5053 = ORIENTED_EDGE ( 'NONE', *, *, #2970, .F. ) ;
#5054 = CIRCLE ( 'NONE', #2749, 10.00000000000000000 ) ;
#5055 = EDGE_CURVE ( 'NONE', #1066, #3471, #859, .T. ) ;
#5056 = VERTEX_POINT ( 'NONE', #4692 ) ;
#5057 = ORIENTED_EDGE ( 'NONE', *, *, #2563, .F. ) ;
#5058 = AXIS2_PLACEMENT_3D ( 'NONE', #4026, #1997, #4918 ) ;
#5059 = EDGE_CURVE ( 'NONE', #2088, #2484, #1504, .T. ) ;
#5060 = DIRECTION ( 'NONE',  ( -0.000000000000000000, -0.000000000000000000, 1.000000000000000000 ) ) ;
#5061 = DIRECTION ( 'NONE',  ( 0.3090169943749580539, -0.9510565162951503115, 0.000000000000000000 ) ) ;
#5062 = EDGE_CURVE ( 'NONE', #262, #2721, #3569, .T. ) ;
#5063 = DIRECTION ( 'NONE',  ( 0.9510565162951576390, -0.3090169943749349613, 0.000000000000000000 ) ) ;
#5064 = VECTOR ( 'NONE', #2882, 1000.000000000000114 ) ;
#5065 = DIRECTION ( 'NONE',  ( 0.3090169943749441206, 0.9510565162951547524, 0.000000000000000000 ) ) ;
#5066 = ORIENTED_EDGE ( 'NONE', *, *, #3579, .T. ) ;
#5067 = EDGE_CURVE ( 'NONE', #3313, #5021, #3913, .T. ) ;
#5068 = CIRCLE ( 'NONE', #1138, 4.500000000000000888 ) ;
#5069 = DIRECTION ( 'NONE',  ( 0.000000000000000000, 0.000000000000000000, -1.000000000000000000 ) ) ;
#5070 = CARTESIAN_POINT ( 'NONE',  ( -14.33960824982073845, 11.09931426106890484, 10.00000000000000000 ) ) ;
#5071 = ORIENTED_EDGE ( 'NONE', *, *, #1252, .T. ) ;
#5072 = ADVANCED_FACE ( 'NONE', ( #1967 ), #5183, .F. ) ;
#5073 = ORIENTED_EDGE ( 'NONE', *, *, #4044, .F. ) ;
#5074 = DIRECTION ( 'NONE',  ( 1.000000000000000000, 0.000000000000000000, 0.000000000000000000 ) ) ;
#5075 = ORIENTED_EDGE ( 'NONE', *, *, #3808, .F. ) ;
#5076 = AXIS2_PLACEMENT_3D ( 'NONE', #4228, #2546, #3429 ) ;
#5077 = DIRECTION ( 'NONE',  ( -0.000000000000000000, 0.000000000000000000, 1.000000000000000000 ) ) ;
#5078 = ORIENTED_EDGE ( 'NONE', *, *, #1883, .T. ) ;
#5079 = ORIENTED_EDGE ( 'NONE', *, *, #3513, .F. ) ;
#5080 = VECTOR ( 'NONE', #3064, 1000.000000000000000 ) ;
#5081 = DIRECTION ( 'NONE',  ( 0.000000000000000000, -0.000000000000000000, 1.000000000000000000 ) ) ;
#5082 = ORIENTED_EDGE ( 'NONE', *, *, #4241, .T. ) ;
#5083 = DIRECTION ( 'NONE',  ( -0.000000000000000000, -0.000000000000000000, 1.000000000000000000 ) ) ;
#5084 = ORIENTED_EDGE ( 'NONE', *, *, #3295, .T. ) ;
#5085 = VERTEX_POINT ( 'NONE', #3114 ) ;
#5086 = CIRCLE ( 'NONE', #2782, 22.00000000000000000 ) ;
#5087 = CARTESIAN_POINT ( 'NONE',  ( -9.582901134533138077, -14.98725779627119437, -10.00000000000000000 ) ) ;
#5088 = DIRECTION ( 'NONE',  ( -0.8090169943749421222, -0.5877852522924804646, 0.000000000000000000 ) ) ;
#5089 = CARTESIAN_POINT ( 'NONE',  ( -18.33657332175920729, 5.671554599608629843, -10.00000000000000000 ) ) ;
#5090 = VECTOR ( 'NONE', #3448, 1000.000000000000000 ) ;
#5091 = FACE_OUTER_BOUND ( 'NONE', #1946, .T. ) ;
#5092 = ADVANCED_FACE ( 'NONE', ( #1939 ), #2746, .F. ) ;
#5093 = EDGE_CURVE ( 'NONE', #3558, #5291, #2689, .T. ) ;
#5094 = EDGE_LOOP ( 'NONE', ( #4644, #3370, #5127, #2417 ) ) ;
#5095 = VECTOR ( 'NONE', #3687, 1000.000000000000000 ) ;
#5096 = EDGE_CURVE ( 'NONE', #2884, #3604, #2340, .T. ) ;
#5097 = DIRECTION ( 'NONE',  ( -0.000000000000000000, -0.000000000000000000, -1.000000000000000000 ) ) ;
#5098 = CARTESIAN_POINT ( 'NONE',  ( 21.81841165988031506, -2.820799999999773711, 10.00000000000000000 ) ) ;
#5099 = AXIS2_PLACEMENT_3D ( 'NONE', #1088, #610, #3146 ) ;
#5100 = ORIENTED_EDGE ( 'NONE', *, *, #546, .T. ) ;
#5101 = DIRECTION ( 'NONE',  ( 0.000000000000000000, 0.000000000000000000, 1.000000000000000000 ) ) ;
#5102 = ORIENTED_EDGE ( 'NONE', *, *, #3067, .F. ) ;
#5103 = VECTOR ( 'NONE', #4414, 1000.000000000000000 ) ;
#5104 = VERTEX_POINT ( 'NONE', #2717 ) ;
#5105 = EDGE_LOOP ( 'NONE', ( #772, #1536, #3639, #4290 ) ) ;
#5106 = LINE ( 'NONE', #1116, #493 ) ;
#5107 = ORIENTED_EDGE ( 'NONE', *, *, #2343, .F. ) ;
#5108 = LINE ( 'NONE', #183, #3856 ) ;
#5109 = EDGE_LOOP ( 'NONE', ( #2332, #4563, #4323, #3217 ) ) ;
#5110 = AXIS2_PLACEMENT_3D ( 'NONE', #2455, #3675, #2799 ) ;
#5111 = VERTEX_POINT ( 'NONE', #312 ) ;
#5112 = CYLINDRICAL_SURFACE ( 'NONE', #1826, 0.6250000000000005551 ) ;
#5113 = DIRECTION ( 'NONE',  ( 1.000000000000000000, 0.000000000000000000, 0.000000000000000000 ) ) ;
#5114 = CARTESIAN_POINT ( 'NONE',  ( -11.50094328468396299, 15.36635143171846529, -10.00000000000000000 ) ) ;
#5115 = LINE ( 'NONE', #4684, #3765 ) ;
#5116 = DIRECTION ( 'NONE',  ( -0.000000000000000000, 0.000000000000000000, 1.000000000000000000 ) ) ;
#5117 = ORIENTED_EDGE ( 'NONE', *, *, #780, .F. ) ;
#5118 = FACE_OUTER_BOUND ( 'NONE', #162, .T. ) ;
#5119 = CARTESIAN_POINT ( 'NONE',  ( -4.883837912083854427, -16.81373379332464424, -10.00000000000000000 ) ) ;
#5120 = FACE_OUTER_BOUND ( 'NONE', #861, .T. ) ;
#5121 = CARTESIAN_POINT ( 'NONE',  ( -5.076973533568319930, 17.40814411600907974, 10.00000000000000000 ) ) ;
#5122 = ADVANCED_FACE ( 'NONE', ( #4400 ), #5208, .T. ) ;
#5123 = VECTOR ( 'NONE', #1833, 1000.000000000000000 ) ;
#5124 = UNCERTAINTY_MEASURE_WITH_UNIT (LENGTH_MEASURE( 1.000000000000000082E-05 ), #369, 'distance_accuracy_value', 'NONE');
#5125 = EDGE_LOOP ( 'NONE', ( #4377, #443, #4480, #2538 ) ) ;
#5126 = CARTESIAN_POINT ( 'NONE',  ( 15.36635143171833917, 11.50094328468413174, -10.00000000000000000 ) ) ;
#5127 = ORIENTED_EDGE ( 'NONE', *, *, #2043, .F. ) ;
#5128 = COLOUR_RGB ( '',0.7921568627450980005, 0.8196078431372548767, 0.9333333333333333481 ) ;
#5129 = ORIENTED_EDGE ( 'NONE', *, *, #91, .F. ) ;
#5130 = EDGE_CURVE ( 'NONE', #2352, #2189, #3331, .T. ) ;
#5131 = CARTESIAN_POINT ( 'NONE',  ( -19.87886744660641369, -9.425000214336971993, -10.00000000000000000 ) ) ;
#5132 = DIRECTION ( 'NONE',  ( 0.000000000000000000, 0.000000000000000000, 1.000000000000000000 ) ) ;
#5133 = ORIENTED_EDGE ( 'NONE', *, *, #2094, .T. ) ;
#5134 = ORIENTED_EDGE ( 'NONE', *, *, #3807, .T. ) ;
#5135 = CARTESIAN_POINT ( 'NONE',  ( -19.30949046277828884, 10.54246546439087417, 10.00000000000000000 ) ) ;
#5136 = FACE_OUTER_BOUND ( 'NONE', #3920, .T. ) ;
#5137 = CARTESIAN_POINT ( 'NONE',  ( -10.73194847838616006, 13.83397262833636177, 10.00000000000000000 ) ) ;
#5138 = CARTESIAN_POINT ( 'NONE',  ( -13.99342959553568555, -11.61968464773358001, -10.00000000000000000 ) ) ;
#5139 = CARTESIAN_POINT ( 'NONE',  ( 16.47324427700571192, 5.931756891039385415, -10.00000000000000000 ) ) ;
#5140 = AXIS2_PLACEMENT_3D ( 'NONE', #2943, #4571, #2488 ) ;
#5141 = ORIENTED_EDGE ( 'NONE', *, *, #4529, .F. ) ;
#5142 = CARTESIAN_POINT ( 'NONE',  ( -17.50000000000000711, 0.5509236102168209026, -10.00000000000000000 ) ) ;
#5143 = LINE ( 'NONE', #5177, #1154 ) ;
#5144 = AXIS2_PLACEMENT_3D ( 'NONE', #389, #4885, #2825 ) ;
#5145 = CIRCLE ( 'NONE', #19, 0.6250000000000001110 ) ;
#5146 = CARTESIAN_POINT ( 'NONE',  ( -16.81373379332459095, -4.883837912084039168, -10.00000000000000000 ) ) ;
#5147 = DIRECTION ( 'NONE',  ( 1.000000000000000000, 0.000000000000000000, -0.000000000000000000 ) ) ;
#5148 = EDGE_CURVE ( 'NONE', #2053, #2532, #3068, .T. ) ;
#5149 = CIRCLE ( 'NONE', #4204, 22.00000000000000000 ) ;
#5150 = ORIENTED_EDGE ( 'NONE', *, *, #1346, .F. ) ;
#5151 = DIRECTION ( 'NONE',  ( -0.000000000000000000, -0.000000000000000000, -1.000000000000000000 ) ) ;
#5152 = EDGE_LOOP ( 'NONE', ( #1730, #18, #1171, #482 ) ) ;
#5153 = AXIS2_PLACEMENT_3D ( 'NONE', #2496, #544, #872 ) ;
#5154 = VERTEX_POINT ( 'NONE', #2908 ) ;
#5155 = EDGE_CURVE ( 'NONE', #3816, #4573, #2044, .T. ) ;
#5156 = EDGE_CURVE ( 'NONE', #403, #3575, #2071, .T. ) ;
#5157 = ADVANCED_FACE ( 'NONE', ( #12 ), #4941, .T. ) ;
#5158 = EDGE_CURVE ( 'NONE', #495, #1888, #4533, .T. ) ;
#5160 = LINE ( 'NONE', #5131, #4235 ) ;
#5159 = AXIS2_PLACEMENT_3D ( 'NONE', #1366, #2524, #89 ) ;
#5161 = EDGE_CURVE ( 'NONE', #3443, #3445, #1790, .T. ) ;
#5162 = CYLINDRICAL_SURFACE ( 'NONE', #2151, 22.00000000000000000 ) ;
#5163 = VERTEX_POINT ( 'NONE', #2451 ) ;
#5164 = EDGE_LOOP ( 'NONE', ( #674, #3994, #2963, #1379 ) ) ;
#5165 = LINE ( 'NONE', #2625, #4558 ) ;
#5166 = AXIS2_PLACEMENT_3D ( 'NONE', #2910, #4966, #4535 ) ;
#5167 = DIRECTION ( 'NONE',  ( -0.000000000000000000, 0.000000000000000000, 1.000000000000000000 ) ) ;
#5168 = DIRECTION ( 'NONE',  ( -0.000000000000000000, -0.000000000000000000, 1.000000000000000000 ) ) ;
#5169 = DIRECTION ( 'NONE',  ( -0.000000000000000000, -0.000000000000000000, -1.000000000000000000 ) ) ;
#5170 = AXIS2_PLACEMENT_3D ( 'NONE', #3195, #3724, #4911 ) ;
#5171 = DIRECTION ( 'NONE',  ( 0.3090169943749582204, -0.9510565162951499785, 0.000000000000000000 ) ) ;
#5172 = ORIENTED_EDGE ( 'NONE', *, *, #3197, .T. ) ;
#5173 = ORIENTED_EDGE ( 'NONE', *, *, #1135, .F. ) ;
#5174 = CIRCLE ( 'NONE', #1485, 22.00000000000000000 ) ;
#5175 = EDGE_CURVE ( 'NONE', #1992, #4170, #3668, .T. ) ;
#5176 = DIRECTION ( 'NONE',  ( 0.9510565162951523099, 0.3090169943749515591, 0.000000000000000000 ) ) ;
#5177 = CARTESIAN_POINT ( 'NONE',  ( -9.840535351850345336, -14.48162217478685143, -10.00000000000000000 ) ) ;
#5178 = AXIS2_PLACEMENT_3D ( 'NONE', #3921, #2758, #3553 ) ;
#5179 = CARTESIAN_POINT ( 'NONE',  ( -14.48162217478674485, -9.840535351850496326, -10.00000000000000000 ) ) ;
#5180 = DIRECTION ( 'NONE',  ( 1.000000000000000000, 0.000000000000000000, 0.000000000000000000 ) ) ;
#5181 = CIRCLE ( 'NONE', #1929, 4.500000000000000000 ) ;
#5182 = ORIENTED_EDGE ( 'NONE', *, *, #2601, .T. ) ;
#5183 = CYLINDRICAL_SURFACE ( 'NONE', #4261, 0.6250000000000001110 ) ;
#5184 = ORIENTED_EDGE ( 'NONE', *, *, #4536, .F. ) ;
#5185 = ORIENTED_EDGE ( 'NONE', *, *, #1205, .T. ) ;
#5186 = CIRCLE ( 'NONE', #2193, 0.6250000000000000000 ) ;
#5187 = DIRECTION ( 'NONE',  ( 0.000000000000000000, -0.000000000000000000, 1.000000000000000000 ) ) ;
#5188 = VERTEX_POINT ( 'NONE', #423 ) ;
#5189 = CARTESIAN_POINT ( 'NONE',  ( -16.89922242757902637, -6.726769246911898037, -10.00000000000000000 ) ) ;
#5190 = VERTEX_POINT ( 'NONE', #3308 ) ;
#5191 = ORIENTED_EDGE ( 'NONE', *, *, #1619, .T. ) ;
#5192 = DIRECTION ( 'NONE',  ( 1.000000000000000000, 0.000000000000000000, 0.000000000000000000 ) ) ;
#5193 = EDGE_CURVE ( 'NONE', #3925, #271, #5039, .T. ) ;
#5194 = CARTESIAN_POINT ( 'NONE',  ( 18.15080162460476743, 1.175390804045340243, 10.00000000000000000 ) ) ;
#5195 = FACE_OUTER_BOUND ( 'NONE', #2719, .T. ) ;
#5196 = DIRECTION ( 'NONE',  ( 0.3090169943749582204, -0.9510565162951499785, 0.000000000000000000 ) ) ;
#5197 = CARTESIAN_POINT ( 'NONE',  ( 0.5509236102168820759, -18.12500000000000711, -10.00000000000000000 ) ) ;
#5198 = ORIENTED_EDGE ( 'NONE', *, *, #3257, .F. ) ;
#5199 = CYLINDRICAL_SURFACE ( 'NONE', #2080, 0.6250000000000005551 ) ;
#5200 = AXIS2_PLACEMENT_3D ( 'NONE', #789, #2011, #1691 ) ;
#5201 = ADVANCED_FACE ( 'NONE', ( #853 ), #3227, .T. ) ;
#5202 = ORIENTED_EDGE ( 'NONE', *, *, #251, .T. ) ;
#5203 = CYLINDRICAL_SURFACE ( 'NONE', #4163, 0.6250000000000005551 ) ;
#5204 = DIRECTION ( 'NONE',  ( 0.000000000000000000, 0.000000000000000000, 1.000000000000000000 ) ) ;
#5205 = DIRECTION ( 'NONE',  ( -0.000000000000000000, -0.000000000000000000, -1.000000000000000000 ) ) ;
#5206 = CARTESIAN_POINT ( 'NONE',  ( -15.36635143171842444, -11.50094328468401983, 10.00000000000000000 ) ) ;
#5207 = ORIENTED_EDGE ( 'NONE', *, *, #2132, .T. ) ;
#5208 = CYLINDRICAL_SURFACE ( 'NONE', #1021, 22.00000000000000000 ) ;
#5209 = ORIENTED_EDGE ( 'NONE', *, *, #2742, .T. ) ;
#5210 = VERTEX_POINT ( 'NONE', #4915 ) ;
#5211 = VECTOR ( 'NONE', #630, 1000.000000000000000 ) ;
#5212 = EDGE_CURVE ( 'NONE', #2088, #1283, #2991, .T. ) ;
#5213 = AXIS2_PLACEMENT_3D ( 'NONE', #5015, #3777, #4232 ) ;
#5214 = PLANE ( 'NONE',  #3890 ) ;
#5215 = VERTEX_POINT ( 'NONE', #3673 ) ;
#5216 = DIRECTION ( 'NONE',  ( 1.000000000000000000, 0.000000000000000000, 0.000000000000000000 ) ) ;
#5217 = VERTEX_POINT ( 'NONE', #1641 ) ;
#5218 = ORIENTED_EDGE ( 'NONE', *, *, #3676, .T. ) ;
#5219 = CARTESIAN_POINT ( 'NONE',  ( 0.000000000000000000, 0.000000000000000000, -10.00000000000000000 ) ) ;
#5220 = DIRECTION ( 'NONE',  ( -0.000000000000000000, -0.000000000000000000, 1.000000000000000000 ) ) ;
#5221 = EDGE_CURVE ( 'NONE', #4845, #629, #3250, .T. ) ;
#5222 = FACE_OUTER_BOUND ( 'NONE', #1076, .T. ) ;
#5223 = DIRECTION ( 'NONE',  ( 1.000000000000000000, 0.000000000000000000, 0.000000000000000000 ) ) ;
#5224 = DIRECTION ( 'NONE',  ( 0.000000000000000000, -0.000000000000000000, 1.000000000000000000 ) ) ;
#5225 = ORIENTED_EDGE ( 'NONE', *, *, #4203, .T. ) ;
#5226 = ORIENTED_EDGE ( 'NONE', *, *, #3125, .T. ) ;
#5227 = EDGE_CURVE ( 'NONE', #395, #2189, #2806, .T. ) ;
#5228 = CIRCLE ( 'NONE', #2989, 4.500000000000000888 ) ;
#5229 = EDGE_CURVE ( 'NONE', #3885, #4082, #1618, .T. ) ;
#5230 = DIRECTION ( 'NONE',  ( 1.000000000000000000, 0.000000000000000000, 0.000000000000000000 ) ) ;
#5231 = CARTESIAN_POINT ( 'NONE',  ( -4.059519772006000338, -21.62221772207218251, -10.00000000000000000 ) ) ;
#5232 = CARTESIAN_POINT ( 'NONE',  ( 6.189583320500982033, -18.16825558712694288, -10.00000000000000000 ) ) ;
#5233 = VECTOR ( 'NONE', #4463, 1000.000000000000000 ) ;
#5234 = CARTESIAN_POINT ( 'NONE',  ( 0.000000000000000000, 0.000000000000000000, -10.00000000000000000 ) ) ;
#5235 = AXIS2_PLACEMENT_3D ( 'NONE', #5026, #1352, #2215 ) ;
#5236 = DIRECTION ( 'NONE',  ( -0.000000000000000000, -0.000000000000000000, 1.000000000000000000 ) ) ;
#5237 = ORIENTED_EDGE ( 'NONE', *, *, #3815, .T. ) ;
#5238 = SURFACE_SIDE_STYLE ('',( #451 ) ) ;
#5239 = EDGE_LOOP ( 'NONE', ( #2478, #2716, #4902, #933 ) ) ;
#5240 = CARTESIAN_POINT ( 'NONE',  ( -0.2723438155442844399, 19.19172429998743468, -10.00000000000000000 ) ) ;
#5241 = AXIS2_PLACEMENT_3D ( 'NONE', #129, #1277, #4593 ) ;
#5242 = DIRECTION ( 'NONE',  ( 1.000000000000000000, 0.000000000000000000, 0.000000000000000000 ) ) ;
#5243 = ORIENTED_EDGE ( 'NONE', *, *, #1782, .F. ) ;
#5244 = CARTESIAN_POINT ( 'NONE',  ( -18.12500000000001066, 0.5509236102168186822, -10.00000000000000000 ) ) ;
#5245 = ORIENTED_EDGE ( 'NONE', *, *, #3163, .T. ) ;
#5246 = ORIENTED_EDGE ( 'NONE', *, *, #4990, .F. ) ;
#5247 = DIRECTION ( 'NONE',  ( -0.000000000000000000, 0.000000000000000000, 1.000000000000000000 ) ) ;
#5248 = CYLINDRICAL_SURFACE ( 'NONE', #101, 22.00000000000000000 ) ;
#5249 = CARTESIAN_POINT ( 'NONE',  ( 15.00000000000000000, 0.000000000000000000, 5.000000000000000000 ) ) ;
#5250 = DIRECTION ( 'NONE',  ( -0.000000000000000000, -0.000000000000000000, 1.000000000000000000 ) ) ;
#5251 = VERTEX_POINT ( 'NONE', #2501 ) ;
#5252 = APPLICATION_CONTEXT ( 'automotive_design' ) ;
#5253 = ORIENTED_EDGE ( 'NONE', *, *, #5156, .F. ) ;
#5254 = DIRECTION ( 'NONE',  ( -0.000000000000000000, 0.000000000000000000, 1.000000000000000000 ) ) ;
#5255 = DIRECTION ( 'NONE',  ( 0.5877852522924713607, 0.8090169943749486725, 0.000000000000000000 ) ) ;
#5256 = DIRECTION ( 'NONE',  ( 0.8090169943749421222, 0.5877852522924803536, 0.000000000000000000 ) ) ;
#5257 = AXIS2_PLACEMENT_3D ( 'NONE', #3589, #3907, #739 ) ;
#5258 = PRODUCT_RELATED_PRODUCT_CATEGORY ( 'part', '', ( #2781 ) ) ;
#5259 = CARTESIAN_POINT ( 'NONE',  ( 10.68958332050098292, -18.16825558712694288, -10.00000000000000000 ) ) ;
#5260 = MANIFOLD_SOLID_BREP ( 'Weight reduction pocket 2', #3736 ) ;
#5261 = EDGE_CURVE ( 'NONE', #1203, #4000, #891, .T. ) ;
#5262 = AXIS2_PLACEMENT_3D ( 'NONE', #2543, #2135, #2950 ) ;
#5263 = CARTESIAN_POINT ( 'NONE',  ( 16.81373379332465490, -4.883837912083802912, -10.00000000000000000 ) ) ;
#5264 = DIRECTION ( 'NONE',  ( -0.000000000000000000, -0.000000000000000000, 1.000000000000000000 ) ) ;
#5265 = ORIENTED_EDGE ( 'NONE', *, *, #2182, .F. ) ;
#5266 = CYLINDRICAL_SURFACE ( 'NONE', #5166, 0.6250000000000001110 ) ;
#5267 = ORIENTED_EDGE ( 'NONE', *, *, #2872, .F. ) ;
#5268 = AXIS2_PLACEMENT_3D ( 'NONE', #5025, #133, #1306 ) ;
#5269 = VECTOR ( 'NONE', #1720, 1000.000000000000000 ) ;
#5270 = ORIENTED_EDGE ( 'NONE', *, *, #4660, .F. ) ;
#5271 = CARTESIAN_POINT ( 'NONE',  ( 4.491043080150511457, 17.62565389454308118, 10.00000000000000000 ) ) ;
#5272 = VERTEX_POINT ( 'NONE', #4168 ) ;
#5273 = ORIENTED_EDGE ( 'NONE', *, *, #1095, .T. ) ;
#5274 = FACE_OUTER_BOUND ( 'NONE', #1449, .T. ) ;
#5275 = VECTOR ( 'NONE', #2527, 1000.000000000000000 ) ;
#5276 = VECTOR ( 'NONE', #4983, 1000.000000000000000 ) ;
#5277 = DIRECTION ( 'NONE',  ( 0.000000000000000000, 0.000000000000000000, 1.000000000000000000 ) ) ;
#5278 = DIRECTION ( 'NONE',  ( -0.9510565162951555296, 0.3090169943749411785, 0.000000000000000000 ) ) ;
#5279 = DIRECTION ( 'NONE',  ( 1.000000000000000000, 0.000000000000000000, 0.000000000000000000 ) ) ;
#5280 = CARTESIAN_POINT ( 'NONE',  ( -18.33657332175916466, -5.671554599608757741, -10.00000000000000000 ) ) ;
#5281 = VERTEX_POINT ( 'NONE', #3740 ) ;
#5282 = VERTEX_POINT ( 'NONE', #57 ) ;
#5283 = CARTESIAN_POINT ( 'NONE',  ( 11.61968464773333132, 13.99342959553589338, -10.00000000000000000 ) ) ;
#5284 = DIRECTION ( 'NONE',  ( -0.5877852522924660317, -0.8090169943749525583, 0.000000000000000000 ) ) ;
#5285 = DIRECTION ( 'NONE',  ( -0.5877852522924773560, 0.8090169943749443426, 0.000000000000000000 ) ) ;
#5286 = AXIS2_PLACEMENT_3D ( 'NONE', #831, #2779, #4023 ) ;
#5287 = DIRECTION ( 'NONE',  ( -0.000000000000000000, 0.000000000000000000, -1.000000000000000000 ) ) ;
#5288 = CARTESIAN_POINT ( 'NONE',  ( -9.840535351850446588, 14.48162217478678571, -10.00000000000000000 ) ) ;
#5289 = EDGE_CURVE ( 'NONE', #558, #3961, #1711, .T. ) ;
#5290 = FILL_AREA_STYLE_COLOUR ( '', #5128 ) ;
#5291 = VERTEX_POINT ( 'NONE', #2896 ) ;
#5292 = DIRECTION ( 'NONE',  ( -0.000000000000000000, -0.000000000000000000, 1.000000000000000000 ) ) ;
#5293 = ORIENTED_EDGE ( 'NONE', *, *, #1514, .T. ) ;
#5294 = DIRECTION ( 'NONE',  ( 0.5877852522924713607, 0.8090169943749485615, 0.000000000000000000 ) ) ;
#5295 = ORIENTED_EDGE ( 'NONE', *, *, #1298, .F. ) ;
#5296 = EDGE_LOOP ( 'NONE', ( #3387, #2671, #532, #1004 ) ) ;
#5297 = DIRECTION ( 'NONE',  ( -0.000000000000000000, -0.000000000000000000, 1.000000000000000000 ) ) ;
#5298 = ADVANCED_FACE ( 'NONE', ( #4518, #4088 ), #489, .T. ) ;
#5299 = VECTOR ( 'NONE', #3609, 1000.000000000000000 ) ;
#5300 = AXIS2_PLACEMENT_3D ( 'NONE', #2639, #1373, #954 ) ;
#5301 = FACE_OUTER_BOUND ( 'NONE', #2691, .T. ) ;
#5302 = DIRECTION ( 'NONE',  ( 0.000000000000000000, 0.000000000000000000, 1.000000000000000000 ) ) ;
#5303 = DIRECTION ( 'NONE',  ( -0.3090169943749580539, 0.9510565162951503115, 0.000000000000000000 ) ) ;
ENDSEC;
END-ISO-10303-21;
